0.06,-0.2
0.07,-0.2
0.08,0.1
0.09,0.1
0.1,-0.1
0.11,0.3
0.12,0.1
0.13,-0.4
0.14,0.1
0.15,0.1
0.16,-0.1
0.17,0.1
0.18,-0.1
0.19,-0.1
0.2,0.2
0.21,-0.4
0.22,-0.1
0.23,0.2
0.24,-0.5
0.25,0.2
0.26,1
0.27,-0.4
0.28,0.7
0.29,-0.4
0.3,-0.4
0.31,0.2
0.32,-0.4
0.33,-0.5
0.34,-0.5
0.35,0
0.36,0.1
0.37,-0.7
0.38,0.2
0.39,-0.6
0.4,-0.4
0.41,0
0.42,-0.5
0.43,-0.1
0.44,-0.6
0.45,-0.2
0.46,0
0.47,0
0.48,-0.8
0.49,-0.1
0.5,-0.1
0.51,-0.8
0.52,-0.1
0.53,-0.1
0.54,-0.4
0.55,-0.2
0.56,-0.4
0.57,0.3
0.58,-0.4
0.59,0
0.6,0.2
0.61,-0.3
0.62,0
0.63,-0.1
0.64,-0.3
0.65,0.2
0.66,-0.3
0.67,-0.1
0.68,-0.5
0.69,-0.2
0.7,0.4
0.71,0.2
0.72,-0.3
0.73,0.3
0.74,0
0.75,-0.4
0.76,0.2
0.77,-0.4
0.78,-0.1
0.79,-0.1
0.8,-0.1
0.81,-0.4
0.82,-0.1
0.83,-0.1
0.84,0.2
0.85,0
0.86,0.6
0.87,0.2
0.88,-0.4
0.89,-0.1
0.9,-0.1
0.91,-0.4
0.92,0.2
0.93,-0.4
0.94,-0.3
0.95,-0.7
0.96,-0.1
0.97,0.1
0.98,-0.1
0.99,-0.4
1,0.1
1.01,-0.4
1.02,0.1
1.03,-0.3
1.04,-0.4
1.05,-0.1
1.06,-0.1
1.07,-0.1
1.08,-0.6
1.09,-0.9
1.1,-0.5
1.11,-0.5
1.12,-0.1
1.13,-0.2
1.14,-0.7
1.15,-0.1
1.16,-0.1
1.17,-0.1
1.18,0.3
1.19,-0.4
1.2,0
1.21,0.1
1.22,-0.1
1.23,0.1
1.24,-0.3
1.25,-0.1
1.26,-0.6
1.27,0.3
1.28,-0.4
1.29,0.1
1.3,-0.6
1.31,0
1.32,-0.2
1.33,0.3
1.34,-0.2
1.35,0.7
1.36,-0.1
1.37,0.2
1.38,-0.7
1.39,-0.5
1.4,0
1.41,0
1.42,-0.1
1.43,0.2
1.44,-0.9
1.45,0.2
1.46,-0.4
1.47,-0.3
1.48,0.2
1.49,-0.5
1.5,0.1
1.51,0
1.52,0
1.53,-0.1
1.54,-0.8
1.55,0
1.56,0
1.57,-0.5
1.58,0
1.59,-0.1
1.6,0
1.61,-0.4
1.62,0
1.63,-0.3
1.64,0.6
1.65,0
1.66,0
1.67,0
1.68,0
1.69,0
1.7,0
1.71,0
1.72,0.1
1.73,-0.3
1.74,0
1.75,-0.1
1.76,-0.6
1.77,0
1.78,0
1.79,0
1.8,0.6
1.81,0
1.82,0
1.83,0.7
1.84,-0.1
1.85,0.2
1.86,0
1.87,-0.7
1.88,0
1.89,0
1.9,0.2
1.91,-0.1
1.92,0
1.93,0
1.94,0
1.95,-0.4
1.96,0
1.97,0.1
1.98,0.3
1.99,0.2
2,0
2.01,0.3
2.02,0.4
2.03,0
2.04,1
2.05,-0.3
2.06,-0.5
2.07,0.4
2.08,-0.3
2.09,0.4
2.1,-0.3
2.11,-0.2
2.12,0.2
2.13,0
2.14,0
2.15,-0.3
2.16,0
2.17,0
2.18,-0.5
2.19,0.4
2.2,0
2.21,0
2.22,0
2.23,0.3
2.24,-0.7
2.25,0
2.26,0
2.27,0.1
2.28,0.7
2.29,-0.3
2.3,0
2.31,0.3
2.32,-0.1
2.33,0.4
2.34,-0.2
2.35,0
2.36,0
2.37,-0.3
2.38,0
2.39,0.1
2.4,0.1
2.41,0.3
2.42,0.2
2.43,0
2.44,0.9
2.45,0.1
2.46,0.6
2.47,0.4
2.48,0
2.49,0.8
2.5,-0.2
2.51,-0.4
2.52,0.7
2.53,-0.4
2.54,0
2.55,-0.1
2.56,0.1
2.57,0.3
2.58,-0.2
2.59,0
2.6,0.3
2.61,0
2.62,0
2.63,-0.4
2.64,0
2.65,0
2.66,-0.3
2.67,-0.4
2.68,0.6
2.69,-0.6
2.7,0
2.71,0.1
2.72,0
2.73,0
2.74,0
2.75,0.3
2.76,0.4
2.77,0.6
2.78,0
2.79,0.3
2.8,0
2.81,0.3
2.82,-0.7
2.83,0.8
2.84,0
2.85,-0.3
2.86,0.6
2.87,0.3
2.88,0
2.89,0.6
2.9,0
2.91,-0.3
2.92,0.6
2.93,0
2.94,0
2.95,0.4
2.96,-0.3
2.97,0
2.98,-0.3
2.99,0
3,0.5
3.01,0
3.02,-0.4
3.03,0.2
3.04,0.5
3.05,0.2
3.06,-0.3
3.07,0.7
3.08,1
3.09,-0.7
3.1,0.8
3.11,0.2
3.12,0
3.13,0.9
3.14,-0.2
3.15,0
3.16,1
3.17,0.2
3.18,0.1
3.19,1
3.2,-0.4
3.21,0
3.22,0.3
3.23,-0.1
3.24,0.2
3.25,1
3.26,0
3.27,0.6
3.28,0
3.29,0
3.3,-0.8
3.31,0.3
3.32,0
3.33,-0.5
3.34,0.5
3.35,-0.1
3.36,-0.1
3.37,0.3
3.38,-0.3
3.39,-0.6
3.4,0.3
3.41,0
3.42,0
3.43,0.7
3.44,0
3.45,0.1
3.46,0.4
3.47,0.2
3.48,0.3
3.49,-0.1
3.5,0.2
3.51,0.6
3.52,0.4
3.53,0.3
3.54,0.3
3.55,0
3.56,0.2
3.57,-0.3
3.58,0.3
3.59,0
3.6,0
3.61,0.2
3.62,-0.4
3.63,0
3.64,0.3
3.65,0
3.66,0
3.67,0.3
3.68,-0.1
3.69,0
3.7,0
3.71,0
3.72,-0.1
3.73,0
3.74,0.2
3.75,0.2
3.76,0
3.77,0.2
3.78,-0.3
3.79,-1.2
3.8,0.2
3.81,-0.1
3.82,-0.5
3.83,-0.5
3.84,-0.3
3.85,0.3
3.86,-0.3
3.87,-0.1
3.88,0.2
3.89,-0.1
3.9,0.1
3.91,0.5
3.92,-0.5
3.93,-0.1
3.94,-0.1
3.95,-0.1
3.96,0.5
3.97,-0.1
3.98,-0.1
3.99,0.3
4,-0.3
4.01,0.5
4.02,-0.3
4.03,-0.1
4.04,0.2
4.05,-0.1
4.06,0.3
4.07,0.5
4.08,-0.4
4.09,0
4.1,0.2
4.11,0.1
4.12,0.2
4.13,0
4.14,0.2
4.15,-0.2
4.16,0.3
4.17,0.4
4.18,0
4.19,0.7
4.2,0.1
4.21,0.3
4.22,0
4.23,0
4.24,-0.4
4.25,0.6
4.26,0.1
4.27,-0.6
4.28,-0.2
4.29,-0.4
4.3,-0.7
4.31,0.4
4.32,0
4.33,-0.5
4.34,0
4.35,-0.3
4.36,-0.1
4.37,-0.1
4.38,0.3
4.39,-0.5
4.4,0.2
4.41,0.1
4.42,-1.2
4.43,-0.4
4.44,0
4.45,-1.1
4.46,0.2
4.47,-0.1
4.48,-0.9
4.49,0.2
4.5,0
4.51,-0.4
4.52,0
4.53,0
4.54,0
4.55,0
4.56,0
4.57,-0.5
4.58,-0.3
4.59,0
4.6,0
4.61,-0.4
4.62,0.2
4.63,-0.5
4.64,-0.7
4.65,0.1
4.66,-0.8
4.67,0.3
4.68,0.6
4.69,-1.2
4.7,0.1
4.71,0.2
4.72,-0.8
4.73,0.2
4.74,0
4.75,-0.9
4.76,0.6
4.77,-0.3
4.78,-0.8
4.79,0.2
4.8,-0.4
4.81,0
4.82,-0.3
4.83,0
4.84,0.1
4.85,0.4
4.86,0.2
4.87,0.3
4.88,-0.5
4.89,-0.1
4.9,-0.6
4.91,-0.4
4.92,0.2
4.93,-0.6
4.94,0.1
4.95,-0.1
4.96,-0.1
4.97,0.1
4.98,-0.4
4.99,0
5,0.1
5.01,-0.4
5.02,0.4
5.03,-0.5
5.04,-0.5
5.05,0
5.06,-0.6
5.07,0
5.08,-0.1
5.09,-0.1
5.1,-0.1
5.11,-0.1
5.12,-0.1
5.13,0
5.14,0
5.15,-0.5
5.16,0.1
5.17,0
5.18,-0.1
5.19,0
5.2,0.1
5.21,0.5
5.22,-0.1
5.23,-0.3
5.24,0.1
5.25,-0.5
5.26,0.3
5.27,-0.4
5.28,-0.4
5.29,0.6
5.3,-0.1
5.31,-0.3
5.32,0.9
5.33,-0.1
5.34,0.6
5.35,0.5
5.36,-0.5
5.37,0.1
5.38,0.1
5.39,-0.2
5.4,0.2
5.41,-0.1
5.42,-0.4
5.43,0
5.44,0.1
5.45,-0.1
5.46,-0.4
5.47,0
5.48,0.1
5.49,-0.3
5.5,0.2
5.51,0.1
5.52,-0.7
5.53,0.4
5.54,-1
5.55,-0.1
5.56,0.6
5.57,-0.5
5.58,-0.2
5.59,0.1
5.6,-0.6
5.61,0.4
5.62,-0.1
5.63,-0.6
5.64,-0.2
5.65,-0.1
5.66,-0.1
5.67,0.6
5.68,0.3
5.69,-0.2
5.7,-0.4
5.71,0.3
5.72,-0.6
5.73,-0.3
5.74,-0.2
5.75,-0.9
5.76,-0.4
5.77,-0.1
5.78,-0.4
5.79,-0.3
5.8,0.6
5.81,-0.8
5.82,-0.4
5.83,0.2
5.84,-1.1
5.85,0.2
5.86,-0.3
5.87,-0.5
5.88,0.2
5.89,-0.4
5.9,-0.4
5.91,0
5.92,-0.1
5.93,-0.1
5.94,-0.4
5.95,0
5.96,0.2
5.97,0
5.98,0.6
5.99,-0.2
6,0
6.01,0.5
6.02,-0.1
6.03,-0.2
6.04,0.6
6.05,-0.5
6.06,0
6.07,0.1
6.08,0
6.09,-0.1
6.1,-0.3
6.11,-0.1
6.12,0.1
6.13,0
6.14,-0.1
6.15,0.1
6.16,0
6.17,0.1
6.18,-0.1
6.19,-0.5
6.2,0.1
6.21,-0.4
6.22,0.2
6.23,-0.5
6.24,-0.7
6.25,-0.4
6.26,-0.2
6.27,-0.5
6.28,0.1
6.29,-0.5
6.3,-0.1
6.31,0.2
6.32,-0.5
6.33,-0.1
6.34,-0.1
6.35,0
6.36,0.5
6.37,-0.1
6.38,-0.2
6.39,0.1
6.4,-0.4
6.41,-0.2
6.42,-0.1
6.43,-0.4
6.44,0.4
6.45,-0.4
6.46,-0.1
6.47,0
6.48,-0.4
6.49,0
6.5,-0.3
6.51,-0.3
6.52,-0.1
6.53,0
6.54,0.2
6.55,0
6.56,-0.2
6.57,0.4
6.58,-0.3
6.59,0.2
6.6,-0.2
6.61,0
6.62,1.1
6.63,0.2
6.64,0.2
6.65,0.4
6.66,0.4
6.67,-0.2
6.68,0.2
6.69,-0.1
6.7,-0.3
6.71,0.6
6.72,0
6.73,-0.4
6.74,-0.3
6.75,-0.3
6.76,0.2
6.77,0
6.78,0.2
6.79,0.1
6.8,-0.2
6.81,0.2
6.82,-0.3
6.83,0.4
6.84,0.4
6.85,-0.5
6.86,-0.7
6.87,-0.2
6.88,0
6.89,0.1
6.9,0
6.91,0
6.92,0.7
6.93,-0.4
6.94,0
6.95,-0.1
6.96,0
6.97,0
6.98,0
6.99,0
7,0.5
7.01,0
7.02,0.2
7.03,0
7.04,0.3
7.05,0.3
7.06,-0.3
7.07,0.2
7.08,-0.2
7.09,0
7.1,0
7.11,0
7.12,-0.1
7.13,0.8
7.14,-0.2
7.15,0.1
7.16,1
7.17,0
7.18,0.7
7.19,0
7.2,-0.4
7.21,-0.3
7.22,0.5
7.23,-0.5
7.24,0.1
7.25,0.4
7.26,0
7.27,0.3
7.28,0.5
7.29,-0.5
7.3,0.1
7.31,0.3
7.32,0.5
7.33,0
7.34,0.3
7.35,0
7.36,0.2
7.37,0.4
7.38,-0.4
7.39,-0.3
7.4,0.3
7.41,0
7.42,0.4
7.43,-0.3
7.44,-0.3
7.45,0.4
7.46,0.1
7.47,0.3
7.48,0.3
7.49,0
7.5,0.1
7.51,0
7.52,0.1
7.53,-0.1
7.54,-0.6
7.55,0.3
7.56,0.1
7.57,0
7.58,0.4
7.59,0.3
7.6,-0.2
7.61,-0.4
7.62,-0.2
7.63,0.1
7.64,0.4
7.65,0.3
7.66,0
7.67,0.3
7.68,0.4
7.69,-0.3
7.7,-0.3
7.71,0.3
7.72,0
7.73,-0.4
7.74,0.3
7.75,-0.1
7.76,-0.2
7.77,0
7.78,-0.3
7.79,-0.3
7.8,0.2
7.81,-0.3
7.82,0.2
7.83,0.2
7.84,0
7.85,0.1
7.86,-0.3
7.87,-0.2
7.88,-0.1
7.89,-0.2
7.9,0.2
7.91,-0.3
7.92,-0.1
7.93,0.2
7.94,0
7.95,0
7.96,0.5
7.97,-0.3
7.98,0.2
7.99,0.2
8,-0.3
8.01,0
8.02,-0.3
8.03,0
8.04,0.2
8.05,-0.3
8.06,-0.4
8.07,0.4
8.08,0.1
8.09,0.3
8.1,0
8.11,-0.3
8.12,-0.1
8.13,-0.3
8.14,0.3
8.15,-0.3
8.16,0
8.17,0
8.18,-0.4
8.19,-0.4
8.2,-0.1
8.21,-1.1
8.22,0
8.23,0.5
8.24,0
8.25,0
8.26,-0.3
8.27,0.4
8.28,0.6
8.29,0
8.3,0.2
8.31,0.2
8.32,-0.4
8.33,-0.3
8.34,0.2
8.35,0
8.36,-0.1
8.37,0
8.38,0
8.39,-0.3
8.4,0.3
8.41,0.2
8.42,-0.5
8.43,0
8.44,0.1
8.45,-0.3
8.46,0.2
8.47,0
8.48,-0.4
8.49,0.2
8.5,0
8.51,-0.3
8.52,0.3
8.53,0
8.54,-0.1
8.55,0.2
8.56,-0.4
8.57,0.5
8.58,0
8.59,-0.4
8.6,0.7
8.61,-0.4
8.62,0.4
8.63,-0.2
8.64,0.4
8.65,-0.1
8.66,-0.6
8.67,-0.1
8.68,0.2
8.69,-0.4
8.7,0
8.71,0.1
8.72,-0.1
8.73,0.1
8.74,-0.4
8.75,-0.1
8.76,0.1
8.77,-0.1
8.78,0.1
8.79,0.5
8.8,-0.2
8.81,-0.5
8.82,-0.4
8.83,-0.4
8.84,-0.2
8.85,-0.4
8.86,-0.4
8.87,-0.1
8.88,-0.6
8.89,-0.1
8.9,-0.8
8.91,-0.1
8.92,0.3
8.93,-0.1
8.94,0
8.95,0.3
8.96,-0.4
8.97,0
8.98,0
8.99,0
9,0.2
9.01,-0.4
9.02,0
9.03,0.2
9.04,0
9.05,0.9
9.06,-0.1
9.07,-0.1
9.08,0.2
9.09,0
9.1,-0.4
9.11,0.3
9.12,-0.4
9.13,0.2
9.14,0
9.15,-0.1
9.16,-0.2
9.17,0
9.18,0.2
9.19,0.5
9.2,0
9.21,0.1
9.22,-0.3
9.23,-0.2
9.24,0
9.25,-0.8
9.26,0.3
9.27,-0.3
9.28,0.2
9.29,0.8
9.3,0
9.31,-0.1
9.32,0.1
9.33,-0.2
9.34,-0.1
9.35,-0.4
9.36,0.3
9.37,0.2
9.38,-0.4
9.39,-0.7
9.4,0.2
9.41,0.3
9.42,0.6
9.43,0.3
9.44,0.2
9.45,-0.1
9.46,-0.7
9.47,-0.1
9.48,0.5
9.49,-0.4
9.5,0.2
9.51,0.3
9.52,-0.1
9.53,0
9.54,-0.1
9.55,-0.1
9.56,0.5
9.57,0
9.58,-0.2
9.59,0.3
9.6,-0.4
9.61,0.4
9.62,0.3
9.63,-0.4
9.64,0.6
9.65,0
9.66,-0.1
9.67,0.6
9.68,-0.4
9.69,0.1
9.7,-0.4
9.71,0.4
9.72,0.1
9.73,-0.1
9.74,0.3
9.75,0.1
9.76,-0.4
9.77,0.1
9.78,-0.4
9.79,-0.3
9.8,0.1
9.81,-0.1
9.82,0.6
9.83,-0.1
9.84,0
9.85,-0.1
9.86,-0.5
9.87,-0.3
9.88,0.4
9.89,-0.5
9.9,-0.2
9.91,0.1
9.92,0.2
9.93,-0.2
9.94,0
9.95,0.3
9.96,0.5
9.97,-0.5
9.98,-0.1
9.99,-0.2
10,-0.3
10.01,0.1
10.02,-0.1
10.03,0.1
10.04,0.5
10.05,-0.5
10.06,0.2
10.07,-0.3
10.08,-0.1
10.09,-0.2
10.1,0.6
10.11,-0.8
10.12,0
10.13,-0.7
10.14,0.3
10.15,-0.1
10.16,-0.5
10.17,-0.2
10.18,-0.4
10.19,-0.1
10.2,0
10.21,0
10.22,0
10.23,0.1
10.24,-0.1
10.25,-0.1
10.26,0
10.27,0.1
10.28,0.2
10.29,0
10.3,0
10.31,0.7
10.32,0.1
10.33,0.3
10.34,0.1
10.35,0.3
10.36,0.6
10.37,0
10.38,0.4
10.39,0.2
10.4,0
10.41,0.6
10.42,0
10.43,0
10.44,0.2
10.45,0
10.46,-0.4
10.47,0.5
10.48,0.3
10.49,-0.1
10.5,-0.4
10.51,-0.5
10.52,0.6
10.53,-0.4
10.54,0.1
10.55,0
10.56,-0.4
10.57,0.3
10.58,0
10.59,0.4
10.6,0.6
10.61,-0.3
10.62,0.4
10.63,0.5
10.64,-0.1
10.65,-0.1
10.66,-0.4
10.67,0.2
10.68,0.2
10.69,0
10.7,-0.1
10.71,0.5
10.72,-0.1
10.73,-0.2
10.74,0
10.75,0
10.76,-0.1
10.77,-0.4
10.78,0.2
10.79,-0.6
10.8,-0.3
10.81,-0.1
10.82,0
10.83,0
10.84,-0.3
10.85,-0.4
10.86,0
10.87,0.2
10.88,0
10.89,0
10.9,0.1
10.91,0.2
10.92,0.2
10.93,0.3
10.94,0.6
10.95,0.7
10.96,-0.2
10.97,0.6
10.98,-0.6
10.99,0
11,0.6
11.01,-0.2
11.02,0.2
11.03,0
11.04,-0.3
11.05,0.7
11.06,-0.3
11.07,0
11.08,0.3
11.09,0
11.1,0.6
11.11,0.6
11.12,0
11.13,0.5
11.14,-0.6
11.15,0.1
11.16,0
11.17,0
11.18,-0.2
11.19,0.1
11.2,0.4
11.21,-0.5
11.22,-0.3
11.23,-0.2
11.24,0.6
11.25,0.1
11.26,0.3
11.27,-0.3
11.28,0
11.29,0
11.3,-0.6
11.31,0
11.32,0.6
11.33,0
11.34,0
11.35,0.6
11.36,0.1
11.37,0.3
11.38,0.6
11.39,0.3
11.4,0.7
11.41,0.1
11.42,0
11.43,0.7
11.44,0.1
11.45,0
11.46,0
11.47,-0.4
11.48,0.7
11.49,-0.2
11.5,-0.4
11.51,0
11.52,-0.6
11.53,0.4
11.54,-0.4
11.55,0.1
11.56,0.7
11.57,-0.5
11.58,0.1
11.59,1.1
11.6,0.2
11.61,0.1
11.62,0.1
11.63,-0.2
11.64,0.3
11.65,-0.2
11.66,0.4
11.67,0.1
11.68,-0.4
11.69,0.9
11.7,0.1
11.71,0.5
11.72,0.4
11.73,0.1
11.74,0
11.75,0
11.76,-0.2
11.77,0.2
11.78,-0.2
11.79,-0.2
11.8,0
11.81,-0.4
11.82,0
11.83,0.4
11.84,-0.2
11.85,0
11.86,0.3
11.87,0.3
11.88,0.7
11.89,0.3
11.9,0.4
11.91,0.4
11.92,-0.2
11.93,0.3
11.94,-0.6
11.95,-0.3
11.96,0.8
11.97,-0.6
11.98,0.5
11.99,-0.1
12,-0.2
12.01,0
12.02,0.1
12.03,-0.2
12.04,0
12.05,0.3
12.06,0.3
12.07,0.3
12.08,0
12.09,0.2
12.1,-0.2
12.11,0.1
12.12,0.7
12.13,-0.4
12.14,0.3
12.15,-0.1
12.16,-0.3
12.17,0.1
12.18,0
12.19,-0.2
12.2,-0.1
12.21,0.1
12.22,0
12.23,0
12.24,0
12.25,0.4
12.26,-0.3
12.27,-0.3
12.28,0
12.29,0.1
12.3,0.3
12.31,0.3
12.32,0
12.33,0
12.34,0.1
12.35,0.1
12.36,0.3
12.37,0.5
12.38,0
12.39,0.7
12.4,0
12.41,0.6
12.42,-0.3
12.43,0
12.44,0.3
12.45,-0.3
12.46,0
12.47,-0.3
12.48,0
12.49,0
12.5,0.4
12.51,-0.3
12.52,0.1
12.53,-0.3
12.54,0
12.55,0.3
12.56,0
12.57,-0.2
12.58,-0.4
12.59,0
12.6,-0.1
12.61,0
12.62,0.3
12.63,-0.3
12.64,0.1
12.65,0.3
12.66,-0.3
12.67,-0.2
12.68,0.3
12.69,-0.2
12.7,-0.2
12.71,0.6
12.72,0.1
12.73,0.4
12.74,0
12.75,-0.3
12.76,0.7
12.77,0.1
12.78,-0.1
12.79,0.4
12.8,-0.2
12.81,0.3
12.82,-0.2
12.83,-0.1
12.84,0.4
12.85,0.1
12.86,0
12.87,0.3
12.88,-0.2
12.89,0.6
12.9,0.1
12.91,-0.3
12.92,-0.1
12.93,-0.3
12.94,0
12.95,-0.2
12.96,-0.3
12.97,0.4
12.98,-0.3
12.99,0
13,0
13.01,0
13.02,0.2
13.03,0.3
13.04,-0.3
13.05,0.7
13.06,-0.3
13.07,0
13.08,0.6
13.09,0
13.1,-0.3
13.11,0.3
13.12,-0.3
13.13,0.2
13.14,0
13.15,0
13.16,0.2
13.17,-0.2
13.18,-0.1
13.19,0
13.2,0.4
13.21,-0.5
13.22,-0.4
13.23,-0.3
13.24,0.3
13.25,-0.2
13.26,0.3
13.27,0.3
13.28,-0.4
13.29,0
13.3,-0.3
13.31,-0.4
13.32,0.7
13.33,0
13.34,0
13.35,1.2
13.36,0
13.37,0.3
13.38,0.5
13.39,-0.5
13.4,0.6
13.41,0.1
13.42,0
13.43,-0.3
13.44,0.4
13.45,0.4
13.46,0
13.47,0.8
13.48,0.7
13.49,0
13.5,1.6
13.51,0.2
13.52,0.3
13.53,0.7
13.54,0
13.55,0.2
13.56,1.2
13.57,-0.3
13.58,-0.3
13.59,0.8
13.6,0
13.61,-0.4
13.62,0.4
13.63,0
13.64,0.3
13.65,0.4
13.66,0
13.67,-0.2
13.68,0.1
13.69,0.3
13.7,-0.9
13.71,0.4
13.72,0.1
13.73,-0.4
13.74,0.9
13.75,0.2
13.76,0.2
13.77,0.7
13.78,-0.3
13.79,0.6
13.8,0.3
13.81,0.2
13.82,0
13.83,0.8
13.84,0
13.85,0.2
13.86,0.3
13.87,-0.4
13.88,0.2
13.89,0
13.9,0.2
13.91,0
13.92,-0.1
13.93,0
13.94,-0.4
13.95,-0.4
13.96,0.7
13.97,0
13.98,0.1
13.99,0.5
14,0
14.01,-0.1
14.02,-0.5
14.03,-0.3
14.04,0.4
14.05,-0.3
14.06,0.2
14.07,0.1
14.08,0.2
14.09,-0.2
14.1,-0.5
14.11,-0.5
14.12,0.6
14.13,-0.5
14.14,0.3
14.15,-0.3
14.16,0.2
14.17,0.4
14.18,-0.2
14.19,0
14.2,1
14.21,-0.1
14.22,0
14.23,0
14.24,-0.5
14.25,0
14.26,0
14.27,0
14.28,0.4
14.29,0.2
14.3,-0.1
14.31,0.1
14.32,0.1
14.33,-0.1
14.34,-0.2
14.35,0.2
14.36,-0.2
14.37,-0.1
14.38,-0.2
14.39,-0.5
14.4,-0.4
14.41,-0.1
14.42,0
14.43,-0.2
14.44,0.1
14.45,-0.1
14.46,0.2
14.47,0.1
14.48,-0.5
14.49,0.2
14.5,-0.4
14.51,-0.1
14.52,-0.1
14.53,-0.1
14.54,-0.1
14.55,0.3
14.56,-0.1
14.57,0.4
14.58,-0.5
14.59,-0.1
14.6,0.5
14.61,-0.1
14.62,-0.1
14.63,-0.5
14.64,-0.5
14.65,0.2
14.66,-0.5
14.67,-0.2
14.68,-0.3
14.69,0.2
14.7,-0.2
14.71,-0.2
14.72,-0.7
14.73,-0.7
14.74,-0.5
14.75,-0.2
14.76,-0.6
14.77,-0.5
14.78,0.1
14.79,0
14.8,-0.5
14.81,-0.5
14.82,-1.7
14.83,-0.5
14.84,0.4
14.85,-0.8
14.86,0.1
14.87,-0.5
14.88,-0.6
14.89,0.2
14.9,-0.4
14.91,-0.9
14.92,0.2
14.93,-0.1
14.94,-0.2
14.95,0.1
14.96,-0.5
14.97,-0.9
14.98,0
14.99,-0.3
15,-0.6
15.01,-0.4
15.02,-0.3
15.03,-0.5
15.04,-0.1
15.05,0.2
15.06,-0.8
15.07,-0.5
15.08,0.1
15.09,-1
15.1,-0.7
15.11,-0.9
15.12,-0.9
15.13,0.1
15.14,-0.5
15.15,-1.5
15.16,0.1
15.17,-0.2
15.18,-0.7
15.19,0
15.2,-0.2
15.21,-0.6
15.22,-0.2
15.23,0.1
15.24,-0.3
15.25,0.1
15.26,-0.1
15.27,-0.2
15.28,-0.7
15.29,0.1
15.3,-1
15.31,-0.8
15.32,0.1
15.33,-0.5
15.34,-0.2
15.35,-0.5
15.36,-0.6
15.37,-0.1
15.38,-0.1
15.39,-0.8
15.4,0.1
15.41,-0.4
15.42,0
15.43,0.3
15.44,-0.7
15.45,-0.1
15.46,-0.4
15.47,0.1
15.48,-0.3
15.49,-0.4
15.5,0.3
15.51,0.1
15.52,-0.1
15.53,0.2
15.54,0
15.55,0
15.56,0.6
15.57,0.2
15.58,0
15.59,-0.1
15.6,-0.4
15.61,-0.4
15.62,0
15.63,0
15.64,0.4
15.65,0
15.66,0.1
15.67,0.1
15.68,0.4
15.69,0.6
15.7,0.3
15.71,-1
15.72,0.6
15.73,0
15.74,-0.1
15.75,0.1
15.76,0
15.77,-0.1
15.78,0
15.79,-0.1
15.8,0.3
15.81,-0.3
15.82,-0.1
15.83,-0.4
15.84,-0.3
15.85,-0.1
15.86,-0.4
15.87,-0.1
15.88,-0.1
15.89,-0.5
15.9,-0.1
15.91,-0.1
15.92,-0.4
15.93,0.2
15.94,-0.8
15.95,0.1
15.96,0.1
15.97,-0.3
15.98,0
15.99,-0.1
16,-0.8
16.01,0.3
16.02,0
16.03,-0.8
16.04,-0.6
16.05,0
16.06,-0.4
16.07,0
16.08,0
16.09,0
16.1,0
16.11,0
16.12,0
16.13,0
16.14,0.3
16.15,0.3
16.16,-0.4
16.17,0.7
16.18,-0.9
16.19,0.2
16.2,0.6
16.21,-0.2
16.22,0.1
16.23,0.2
16.24,-0.8
16.25,-0.1
16.26,-0.4
16.27,-0.7
16.28,0.2
16.29,-0.5
16.3,-0.4
16.31,-0.1
16.32,-0.1
16.33,-0.3
16.34,0.3
16.35,-0.1
16.36,-0.1
16.37,0
16.38,-0.1
16.39,-0.6
16.4,0
16.41,-0.2
16.42,-0.3
16.43,0
16.44,0
16.45,-0.3
16.46,0.3
16.47,0.3
16.48,-0.3
16.49,0.3
16.5,0
16.51,-0.4
16.52,0.6
16.53,0.1
16.54,0
16.55,0
16.56,0
16.57,0
16.58,-0.2
16.59,-0.2
16.6,-0.2
16.61,-0.2
16.62,0.4
16.63,0.4
16.64,-0.4
16.65,0.4
16.66,0.1
16.67,0
16.68,0
16.69,0.1
16.7,0
16.71,0.3
16.72,-0.3
16.73,0
16.74,-0.2
16.75,-0.3
16.76,0
16.77,0.1
16.78,-0.1
16.79,0.2
16.8,-0.6
16.81,0.4
16.82,-0.2
16.83,-0.3
16.84,0.3
16.85,0
16.86,-0.5
16.87,0
16.88,-0.2
16.89,0
16.9,-0.7
16.91,0
16.92,0
16.93,0.4
16.94,0.1
16.95,0.4
16.96,-0.2
16.97,0.3
16.98,-0.4
16.99,-0.3
17,0.4
17.01,-0.6
17.02,-0.1
17.03,-0.7
17.04,-0.3
17.05,0
17.06,-0.2
17.07,-0.3
17.08,0
17.09,-0.2
17.1,0
17.11,0.2
17.12,-0.3
17.13,-0.3
17.14,-0.2
17.15,-0.1
17.16,0.7
17.17,-0.4
17.18,0.5
17.19,0.1
17.2,-0.3
17.21,-0.1
17.22,0
17.23,-0.3
17.24,0.6
17.25,-0.1
17.26,0.6
17.27,0
17.28,-0.3
17.29,0.2
17.3,-0.3
17.31,-0.3
17.32,0
17.33,-0.3
17.34,0.2
17.35,0.2
17.36,0
17.37,-0.2
17.38,0
17.39,0.2
17.4,0.2
17.41,0
17.42,0
17.43,0.6
17.44,0
17.45,0.2
17.46,-0.3
17.47,-0.6
17.48,0.1
17.49,-0.8
17.5,0.1
17.51,0
17.52,-0.3
17.53,0.3
17.54,0.2
17.55,0.1
17.56,0.8
17.57,-0.2
17.58,0.3
17.59,1.2
17.6,-0.3
17.61,0.4
17.62,0.1
17.63,0
17.64,0.6
17.65,0.1
17.66,0
17.67,0.4
17.68,0.9
17.69,1.2
17.7,-0.2
17.71,0.4
17.72,0
17.73,0.4
17.74,0.4
17.75,-0.2
17.76,0.1
17.77,0.2
17.78,-0.3
17.79,0
17.8,0.3
17.81,-0.4
17.82,0
17.83,0.4
17.84,-0.8
17.85,0
17.86,0.1
17.87,0
17.88,0.3
17.89,-0.1
17.9,0
17.91,0.3
17.92,-0.3
17.93,0.7
17.94,-0.3
17.95,-0.2
17.96,0
17.97,-0.2
17.98,0.4
17.99,0
18,-0.8
18.01,0.3
18.02,0.4
18.03,-0.1
18.04,0
18.05,0
18.06,0.2
18.07,0.2
18.08,-0.6
18.09,-0.1
18.1,-0.2
18.11,0.4
18.12,0.6
18.13,0
18.14,0.4
18.15,0.2
18.16,0.5
18.17,0.7
18.18,0
18.19,0
18.2,0.3
18.21,0
18.22,0
18.23,-0.3
18.24,0
18.25,0.6
18.26,0
18.27,-0.5
18.28,0
18.29,-0.5
18.3,0
18.31,0.2
18.32,0
18.33,-0.2
18.34,-0.4
18.35,0
18.36,0.7
18.37,-0.4
18.38,0
18.39,0.2
18.4,-0.4
18.41,0.4
18.42,-0.5
18.43,-0.2
18.44,0.3
18.45,0
18.46,0
18.47,-0.5
18.48,0
18.49,0.3
18.5,-0.3
18.51,-0.2
18.52,0.3
18.53,0.5
18.54,-0.1
18.55,0.4
18.56,0.3
18.57,0
18.58,0
18.59,0.8
18.6,0.7
18.61,0
18.62,0.8
18.63,0.8
18.64,0
18.65,0.9
18.66,0
18.67,0
18.68,1
18.69,0
18.7,-0.1
18.71,0.5
18.72,0.2
18.73,0.3
18.74,0.4
18.75,-0.4
18.76,-0.2
18.77,0.4
18.78,0
18.79,0.7
18.8,0.3
18.81,0
18.82,-0.3
18.83,1.3
18.84,0.5
18.85,-0.8
18.86,0.4
18.87,-0.7
18.88,0
18.89,1.1
18.9,-0.3
18.91,-0.6
18.92,0.8
18.93,0
18.94,-0.2
18.95,0.5
18.96,-0.6
18.97,0
18.98,0.1
18.99,-0.5
19,0
19.01,0.3
19.02,0.2
19.03,0.1
19.04,-0.3
19.05,0.2
19.06,-0.3
19.07,0.3
19.08,0.4
19.09,-0.1
19.1,0.8
19.11,0.6
19.12,-0.1
19.13,0.7
19.14,-0.4
19.15,-0.1
19.16,0
19.17,-0.8
19.18,-0.3
19.19,-0.3
19.2,-0.4
19.21,-0.2
19.22,0
19.23,0.6
19.24,0.4
19.25,0.2
19.26,-0.3
19.27,0.2
19.28,-0.2
19.29,-0.2
19.3,-0.2
19.31,0.1
19.32,-0.2
19.33,0.1
19.34,0
19.35,-0.5
19.36,-0.1
19.37,0.4
19.38,-0.8
19.39,0
19.4,0.1
19.41,-0.4
19.42,0
19.43,-0.4
19.44,-0.6
19.45,0.3
19.46,-0.7
19.47,-0.1
19.48,0.4
19.49,-0.4
19.5,0.2
19.51,0.2
19.52,-0.1
19.53,0.2
19.54,-0.4
19.55,-0.1
19.56,0
19.57,0
19.58,0
19.59,-0.4
19.6,0.2
19.61,0.2
19.62,-0.4
19.63,-0.1
19.64,0.4
19.65,0
19.66,0.2
19.67,-0.4
19.68,-0.1
19.69,0.2
19.7,0
19.71,-0.8
19.72,1.3
19.73,0
19.74,0.3
19.75,0.6
19.76,-0.4
19.77,-0.1
19.78,-0.3
19.79,0
19.8,0.7
19.81,0.2
19.82,0.2
19.83,-0.4
19.84,0.3
19.85,-0.1
19.86,0.2
19.87,-0.3
19.88,0
19.89,-0.6
19.9,0.2
19.91,-0.6
19.92,0.4
19.93,0
19.94,-1.2
19.95,0.4
19.96,0
19.97,-0.6
19.98,0.3
19.99,0.3
20,-0.7
20.01,-0.1
20.02,-0.3
20.03,-0.5
20.04,0.3
20.05,0.1
20.06,-0.4
20.07,-0.3
20.08,-0.1
20.09,-0.8
20.1,-0.4
20.11,0
20.12,-0.3
20.13,0.7
20.14,-0.1
20.15,-0.1
20.16,-0.1
20.17,0.4
20.18,-0.9
20.19,0.3
20.2,0.5
20.21,-1.3
20.22,-0.1
20.23,0.4
20.24,-0.6
20.25,-0.1
20.26,0
20.27,-0.6
20.28,0.1
20.29,0.1
20.3,-0.9
20.31,0.1
20.32,-0.2
20.33,-0.2
20.34,0.2
20.35,-0.1
20.36,-1.1
20.37,0.2
20.38,-0.7
20.39,-0.7
20.4,-0.5
20.41,-0.5
20.42,-0.8
20.43,-0.9
20.44,0.2
20.45,-0.5
20.46,0.1
20.47,0.5
20.48,-0.4
20.49,0.1
20.5,-0.1
20.51,-0.5
20.52,0.8
20.53,-0.2
20.54,-0.2
20.55,-0.1
20.56,-0.1
20.57,0.1
20.58,-0.1
20.59,0
20.6,0.5
20.61,-0.4
20.62,0.6
20.63,-0.5
20.64,0.4
20.65,0.3
20.66,-0.4
20.67,-0.1
20.68,-0.2
20.69,-1
20.7,0.1
20.71,-0.1
20.72,-0.5
20.73,0.1
20.74,-0.2
20.75,0.5
20.76,0.4
20.77,-0.4
20.78,0.1
20.79,-0.2
20.8,0
20.81,0
20.82,0
20.83,-0.1
20.84,0.1
20.85,-0.4
20.86,-0.3
20.87,-0.3
20.88,-0.4
20.89,0
20.9,0
20.91,0
20.92,0.2
20.93,0.3
20.94,0
20.95,0.1
20.96,0
20.97,0.2
20.98,0
20.99,0.3
21,0
21.01,-0.4
21.02,0.2
21.03,-0.1
21.04,-1.2
21.05,0.7
21.06,-0.1
21.07,0.1
21.08,0.2
21.09,0.3
21.1,0
21.11,-0.1
21.12,-0.1
21.13,0.4
21.14,-0.4
21.15,-0.6
21.16,0
21.17,-0.4
21.18,-0.1
21.19,0.6
21.2,0
21.21,0.2
21.22,-0.4
21.23,0.2
21.24,0.5
21.25,0
21.26,-0.2
21.27,0.6
21.28,-0.7
21.29,0.1
21.3,-0.4
21.31,-0.4
21.32,0.4
21.33,-0.5
21.34,-0.4
21.35,0
21.36,0
21.37,-0.4
21.38,0
21.39,0
21.4,0.6
21.41,-0.4
21.42,0.6
21.43,-0.2
21.44,0
21.45,-0.6
21.46,0
21.47,0.3
21.48,0.4
21.49,-0.3
21.5,0.5
21.51,0.3
21.52,0.4
21.53,0.7
21.54,0.3
21.55,0
21.56,0.2
21.57,0
21.58,0.3
21.59,0
21.6,0.2
21.61,0.2
21.62,0
21.63,-0.7
21.64,0.3
21.65,0.4
21.66,0.4
21.67,0.7
21.68,0.4
21.69,0
21.7,-0.3
21.71,-0.3
21.72,0.7
21.73,-0.3
21.74,0.3
21.75,0.3
21.76,-0.2
21.77,0.3
21.78,0
21.79,0.2
21.8,0.1
21.81,0
21.82,0.4
21.83,0.1
21.84,-0.1
21.85,0.6
21.86,-0.7
21.87,0.2
21.88,0.2
21.89,-0.1
21.9,-0.2
21.91,0.8
21.92,-0.1
21.93,0.1
21.94,0.2
21.95,0.3
21.96,0.6
21.97,0.4
21.98,0.1
21.99,0.9
22,0.2
22.01,0.4
22.02,-0.1
22.03,-0.1
22.04,0.1
22.05,-0.1
22.06,0.4
22.07,-0.3
22.08,0
22.09,0.1
22.1,0
22.11,-0.3
22.12,0.8
22.13,-0.1
22.14,0.1
22.15,0.4
22.16,-0.4
22.17,-0.3
22.18,-0.2
22.19,0
22.2,0.7
22.21,0
22.22,0.4
22.23,0
22.24,0
22.25,0.4
22.26,0.3
22.27,-0.3
22.28,0
22.29,0
22.3,0.2
22.31,-0.3
22.32,0
22.33,0.4
22.34,0
22.35,-0.3
22.36,0.6
22.37,-0.3
22.38,0.5
22.39,0
22.4,0
22.41,0.3
22.42,-0.4
22.43,0
22.44,0.9
22.45,-0.3
22.46,0
22.47,0
22.48,0
22.49,0.3
22.5,-0.3
22.51,0
22.52,-0.1
22.53,0
22.54,-0.3
22.55,-0.7
22.56,-0.4
22.57,-0.4
22.58,-0.3
22.59,0
22.6,0.1
22.61,-0.3
22.62,-0.3
22.63,0.1
22.64,-0.1
22.65,-0.2
22.66,-0.3
22.67,-0.4
22.68,-0.1
22.69,-0.3
22.7,0.2
22.71,0.2
22.72,0
22.73,0.2
22.74,0.3
22.75,-0.2
22.76,-0.1
22.77,0
22.78,0
22.79,0
22.8,-0.3
22.81,0
22.82,-0.3
22.83,-0.3
22.84,0.8
22.85,0.5
22.86,-0.3
22.87,0.3
22.88,-0.6
22.89,0.8
22.9,0
22.91,0
22.92,0.3
22.93,-0.3
22.94,0
22.95,0.3
22.96,-0.1
22.97,0.3
22.98,0
22.99,-0.1
23,0.7
23.01,0
23.02,0
23.03,0
23.04,0.3
23.05,0
23.06,0.3
23.07,0
23.08,0.7
23.09,-0.2
23.1,0.8
23.11,0.3
23.12,-0.4
23.13,-0.2
23.14,-0.2
23.15,0
23.16,0.3
23.17,0
23.18,0.4
23.19,0.4
23.2,0.1
23.21,0
23.22,-0.3
23.23,-0.2
23.24,0.3
23.25,0
23.26,-0.3
23.27,-0.6
23.28,-0.8
23.29,0.7
23.3,0.4
23.31,-0.3
23.32,0.3
23.33,-0.4
23.34,0.3
23.35,0.4
23.36,-0.3
23.37,0
23.38,0
23.39,0
23.4,0.3
23.41,-0.3
23.42,0.3
23.43,0.4
23.44,-0.3
23.45,0.7
23.46,-0.6
23.47,0
23.48,0.2
23.49,-0.3
23.5,0
23.51,0.4
23.52,-0.4
23.53,0.3
23.54,0.2
23.55,0
23.56,0.2
23.57,-0.5
23.58,-0.4
23.59,0.6
23.6,0.3
23.61,0
23.62,0
23.63,0
23.64,0.3
23.65,0
23.66,0.3
23.67,0.4
23.68,0
23.69,0.3
23.7,-0.3
23.71,0
23.72,-0.1
23.73,-0.3
23.74,0.3
23.75,-0.6
23.76,-0.6
23.77,-0.3
23.78,-0.3
23.79,-0.2
23.8,0
23.81,0.1
23.82,0.2
23.83,0
23.84,-0.2
23.85,0.3
23.86,-0.5
23.87,-0.1
23.88,0.6
23.89,-0.3
23.9,0
23.91,-0.7
23.92,0
23.93,-0.1
23.94,0
23.95,0
23.96,0.7
23.97,0
23.98,0.3
23.99,-0.4
24,0.7
24.01,0.2
24.02,-0.3
24.03,-0.7
24.04,0
24.05,-0.8
24.06,0.4
24.07,0.2
24.08,-0.3
24.09,0.3
24.1,-0.2
24.11,0.1
24.12,0.4
24.13,0.5
24.14,0.3
24.15,0.3
24.16,-0.3
24.17,0.3
24.18,0.3
24.19,-0.3
24.2,0.4
24.21,-0.5
24.22,0
24.23,0.6
24.24,0
24.25,0.3
24.26,-0.2
24.27,-0.3
24.28,0
24.29,-0.3
24.3,0.2
24.31,0
24.32,-0.7
24.33,0
24.34,0
24.35,-0.5
24.36,0.2
24.37,-0.1
24.38,-0.6
24.39,0.2
24.4,0
24.41,0.2
24.42,0
24.43,-0.1
24.44,0.5
24.45,0
24.46,0.1
24.47,-0.3
24.48,-0.1
24.49,-0.1
24.5,0.5
24.51,0
24.52,0.1
24.53,-0.1
24.54,-0.1
24.55,-0.1
24.56,-0.1
24.57,0
24.58,0
24.59,-0.1
24.6,0
24.61,0.3
24.62,-0.3
24.63,0.5
24.64,-0.5
24.65,0
24.66,0
24.67,-0.8
24.68,0
24.69,-0.1
24.7,0.2
24.71,0
24.72,-0.1
24.73,0.3
24.74,0
24.75,-0.1
24.76,0.7
24.77,-0.4
24.78,-0.1
24.79,0.2
24.8,0
24.81,-0.2
24.82,-0.3
24.83,-0.1
24.84,0.2
24.85,0.3
24.86,0.6
24.87,0.5
24.88,0.3
24.89,0.8
24.9,0.1
24.91,-0.1
24.92,-0.2
24.93,0
24.94,0.2
24.95,-0.9
24.96,0.3
24.97,-0.1
24.98,-0.4
24.99,-0.1
25,0.5
25.01,-0.1
25.02,0.3
25.03,0.2
25.04,0.3
25.05,0.2
25.06,0.3
25.07,-0.5
25.08,0.5
25.09,-0.4
25.1,-0.1
25.11,0
25.12,-0.4
25.13,0.6
25.14,-0.4
25.15,-0.1
25.16,0.3
25.17,0
25.18,0.2
25.19,-0.1
25.2,-0.1
25.21,0.3
25.22,-0.2
25.23,0
25.24,0.5
25.25,-0.4
25.26,-0.1
25.27,-0.1
25.28,-0.1
25.29,-0.1
25.3,-0.1
25.31,-0.5
25.32,0.2
25.33,0.4
25.34,0.1
25.35,0.6
25.36,-0.1
25.37,0.1
25.38,-0.4
25.39,0.1
25.4,-0.1
25.41,-0.1
25.42,0.1
25.43,-0.5
25.44,-0.5
25.45,0.1
25.46,-0.1
25.47,-0.2
25.48,0.1
25.49,-0.2
25.5,0.1
25.51,0.1
25.52,-0.1
25.53,0
25.54,-0.7
25.55,-0.1
25.56,-0.1
25.57,-0.5
25.58,0.1
25.59,-0.4
25.6,-0.6
25.61,-0.6
25.62,-0.5
25.63,0.2
25.64,0.2
25.65,0
25.66,0.5
25.67,-0.4
25.68,-0.4
25.69,0
25.7,-0.3
25.71,-0.1
25.72,0.1
25.73,-0.8
25.74,-0.5
25.75,0.2
25.76,0
25.77,-0.1
25.78,-0.1
25.79,0.2
25.8,0.6
25.81,-0.1
25.82,-0.2
25.83,-0.1
25.84,-0.1
25.85,0.1
25.86,-0.3
25.87,-0.4
25.88,0.2
25.89,-0.4
25.9,-0.1
25.91,-0.5
25.92,0.1
25.93,-0.1
25.94,-0.3
25.95,-0.7
25.96,0
25.97,-0.4
25.98,0.4
25.99,-0.1
26,-0.2
26.01,-0.5
26.02,0
26.03,0.3
26.04,0.3
26.05,0
26.06,-0.1
26.07,0.2
26.08,0
26.09,0.2
26.1,0.1
26.11,-0.1
26.12,0
26.13,-0.3
26.14,-0.1
26.15,0
26.16,-0.3
26.17,0
26.18,-0.3
26.19,-0.6
26.2,0.2
26.21,-0.2
26.22,0
26.23,0.7
26.24,-0.2
26.25,1.2
26.26,-0.3
26.27,0
26.28,0.5
26.29,-0.5
26.3,0.2
26.31,0.4
26.32,-0.1
26.33,-0.1
26.34,-0.5
26.35,-0.1
26.36,0.2
26.37,-0.4
26.38,-0.5
26.39,0
26.4,-0.4
26.41,0.2
26.42,-0.4
26.43,-0.8
26.44,-0.2
26.45,-0.5
26.46,-0.8
26.47,0.5
26.48,0
26.49,-0.6
26.5,0
26.51,-0.4
26.52,0
26.53,0.3
26.54,0
26.55,0.3
26.56,0
26.57,0.5
26.58,-0.3
26.59,-0.5
26.6,0.6
26.61,-0.5
26.62,0.3
26.63,-0.3
26.64,-0.5
26.65,0.3
26.66,0.1
26.67,-0.7
26.68,0.6
26.69,0.2
26.7,0
26.71,0.3
26.72,0
26.73,-0.8
26.74,0
26.75,0.3
26.76,0.3
26.77,-0.5
26.78,0.2
26.79,0
26.8,-0.3
26.81,0.4
26.82,-0.2
26.83,-0.2
26.84,0.3
26.85,-0.8
26.86,0
26.87,-0.2
26.88,-0.2
26.89,0
26.9,-0.1
26.91,-0.6
26.92,0.2
26.93,0.1
26.94,-0.2
26.95,0.3
26.96,0
26.97,0.1
26.98,0
26.99,0.6
27,0.4
27.01,-0.1
27.02,0.5
27.03,0.8
27.04,0.1
27.05,0.2
27.06,-0.3
27.07,-0.1
27.08,0.4
27.09,0
27.1,0.5
27.11,0.1
27.12,-0.1
27.13,0.5
27.14,0.1
27.15,0.4
27.16,0.1
27.17,-0.1
27.18,0.1
27.19,0.3
27.2,-0.2
27.21,0
27.22,0.2
27.23,0.1
27.24,0.3
27.25,-0.5
27.26,0.4
27.27,0.4
27.28,-0.1
27.29,0.4
27.3,-0.1
27.31,-0.4
27.32,0.4
27.33,-0.3
27.34,0.5
27.35,0.4
27.36,-0.5
27.37,0
27.38,0.4
27.39,-0.7
27.4,0.5
27.41,0
27.42,0
27.43,0.3
27.44,0
27.45,-0.2
27.46,0.2
27.47,0.1
27.48,0.5
27.49,0
27.5,0
27.51,0.4
27.52,-0.3
27.53,0.2
27.54,0
27.55,-0.1
27.56,0.3
27.57,0.1
27.58,0.6
27.59,0
27.6,0
27.61,0.3
27.62,-0.3
27.63,-0.3
27.64,0.6
27.65,0
27.66,0.7
27.67,0.3
27.68,-0.2
27.69,0
27.7,-0.6
27.71,0.3
27.72,0.3
27.73,-0.2
27.74,0
27.75,0.6
27.76,-0.4
27.77,0.4
27.78,-1.2
27.79,0
27.8,0.3
27.81,0
27.82,0
27.83,-0.3
27.84,0
27.85,0.3
27.86,-0.3
27.87,0
27.88,0.5
27.89,0
27.9,-0.3
27.91,0.7
27.92,0.2
27.93,0.5
27.94,-0.3
27.95,0
27.96,0.8
27.97,0
27.98,-0.3
27.99,0.3
28,0
28.01,0
28.02,-0.2
28.03,-0.6
28.04,0.3
28.05,0.1
28.06,0
28.07,0.1
28.08,0.1
28.09,0.3
28.1,-0.2
28.11,0.3
28.12,0.2
28.13,-0.2
28.14,0.4
28.15,0.3
28.16,-0.3
28.17,0.5
28.18,0
28.19,0
28.2,0.3
28.21,0
28.22,0.1
28.23,0.5
28.24,0.3
28.25,0.3
28.26,0.4
28.27,-0.3
28.28,0
28.29,0
28.3,0.3
28.31,0.4
28.32,-0.1
28.33,0
28.34,-0.2
28.35,-0.3
28.36,0.3
28.37,-0.3
28.38,0.3
28.39,0.5
28.4,-0.6
28.41,0.4
28.42,-0.2
28.43,-0.3
28.44,0.6
28.45,-0.8
28.46,-0.2
28.47,0.2
28.48,-0.3
28.49,0.2
28.5,-0.1
28.51,-0.3
28.52,0.3
28.53,-0.1
28.54,-0.1
28.55,0.1
28.56,0
28.57,0
28.58,0
28.59,-0.8
28.6,-0.2
28.61,-0.3
28.62,0
28.63,0.6
28.64,-0.5
28.65,0
28.66,-0.2
28.67,0.7
28.68,0.2
28.69,0.3
28.7,0
28.71,0.6
28.72,-0.3
28.73,0.5
28.74,0
28.75,0
28.76,0.2
28.77,-0.4
28.78,0.2
28.79,0
28.8,-0.4
28.81,0.2
28.82,0
28.83,0
28.84,0.7
28.85,-0.2
28.86,0
28.87,0.3
28.88,-0.4
28.89,0
28.9,-0.3
28.91,0
28.92,-0.1
28.93,-0.6
28.94,0.4
28.95,-0.1
28.96,0.4
28.97,0.3
28.98,-0.3
28.99,0.1
29,0.4
29.01,-0.2
29.02,0.7
29.03,0
29.04,-0.3
29.05,0.4
29.06,0.1
29.07,-0.3
29.08,0.9
29.09,0.1
29.1,-0.4
29.11,1.2
29.12,0.5
29.13,0
29.14,1.1
29.15,0.5
29.16,0.6
29.17,0.4
29.18,-0.3
29.19,0.4
29.2,0.5
29.21,0.1
29.22,-0.3
29.23,0.1
29.24,0.6
29.25,-0.3
29.26,0.8
29.27,0.1
29.28,0.1
29.29,0.8
29.3,0.1
29.31,-0.1
29.32,0.8
29.33,-0.6
29.34,0
29.35,0.6
29.36,0
29.37,-0.3
29.38,0.1
29.39,-0.3
29.4,0
29.41,0.4
29.42,-0.3
29.43,0.1
29.44,0
29.45,0.6
29.46,0
29.47,0.4
29.48,0.1
29.49,-0.1
29.5,0.3
29.51,0.1
29.52,-0.5
29.53,0
29.54,-0.3
29.55,-0.4
29.56,0.6
29.57,-0.3
29.58,0
29.59,0.2
29.6,-0.2
29.61,0
29.62,0.4
29.63,-0.1
29.64,-0.1
29.65,-0.1
29.66,0.2
29.67,0.5
29.68,-0.4
29.69,0.1
29.7,-0.6
29.71,-0.3
29.72,0
29.73,-0.2
29.74,-0.1
29.75,-0.1
29.76,0
29.77,0.2
29.78,-0.1
29.79,-0.5
29.8,0.1
29.81,-0.4
29.82,0.3
29.83,0.1
29.84,0
29.85,0.4
29.86,-0.1
29.87,-0.6
29.88,0.5
29.89,-0.1
29.9,-0.1
29.91,0.4
29.92,-0.5
29.93,0.1
29.94,0.1
29.95,-0.5
29.96,0.2
29.97,-0.1
29.98,-0.2
29.99,-0.3
30,-0.1
30.01,0.2
30.02,-0.1
30.03,0.1
30.04,-0.1
30.05,-0.4
30.06,0.3
30.07,0.2
30.08,0
30.09,0.1
30.1,-0.1
30.11,-0.4
30.12,0.5
30.13,0
30.14,0.1
30.15,0
30.16,-0.1
30.17,0.1
30.18,-0.1
30.19,0.2
30.2,0
30.21,-0.1
30.22,0
30.23,0.4
30.24,0
30.25,0.6
30.26,-0.1
30.27,0
30.28,0.2
30.29,-0.1
30.3,0.1
30.31,0.2
30.32,0.1
30.33,0.3
30.34,-0.6
30.35,-0.1
30.36,0.5
30.37,-0.5
30.38,0
30.39,0.1
30.4,-0.5
30.41,0.1
30.42,-0.1
30.43,-0.6
30.44,0.1
30.45,-0.1
30.46,-1
30.47,-1.2
30.48,-0.1
30.49,-0.4
30.5,-0.1
30.51,-0.4
30.52,-0.3
30.53,-0.5
30.54,-0.1
30.55,-0.1
30.56,0.2
30.57,0.1
30.58,-0.9
30.59,-0.2
30.6,0.4
30.61,-1
30.62,-0.5
30.63,-0.2
30.64,-0.8
30.65,0.1
30.66,-0.5
30.67,-0.9
30.68,0.6
30.69,-0.5
30.7,-0.5
30.71,0.1
30.72,0.2
30.73,-1
30.74,-0.5
30.75,-0.1
30.76,-0.4
30.77,0.2
30.78,0
30.79,-0.4
30.8,-0.2
30.81,-0.3
30.82,-0.8
30.83,-0.3
30.84,0
30.85,-1
30.86,0.6
30.87,0
30.88,-0.6
30.89,0.2
30.9,-0.2
30.91,-0.8
30.92,0
30.93,-0.6
30.94,-0.6
30.95,-0.7
30.96,-0.5
30.97,-0.4
30.98,-0.5
30.99,-0.2
31,-0.3
31.01,-0.5
31.02,0
31.03,0.1
31.04,-0.1
31.05,-0.3
31.06,-0.5
31.07,0
31.08,0.1
31.09,-0.5
31.1,-0.3
31.11,0
31.12,-0.1
31.13,-0.1
31.14,-0.1
31.15,0.4
31.16,0.5
31.17,0
31.18,0.7
31.19,-0.1
31.2,0
31.21,0
31.22,-0.4
31.23,-0.4
31.24,0.6
31.25,0
31.26,-0.1
31.27,0
31.28,-0.3
31.29,0.2
31.3,-0.5
31.31,-0.4
31.32,0.2
31.33,-0.3
31.34,0.5
31.35,0.2
31.36,0.6
31.37,-0.1
31.38,-0.4
31.39,0
31.4,0.2
31.41,-0.3
31.42,0.4
31.43,-0.1
31.44,-0.4
31.45,0.4
31.46,-0.5
31.47,0
31.48,0.5
31.49,-0.7
31.5,0.1
31.51,0.6
31.52,-0.7
31.53,0
31.54,0
31.55,-0.1
31.56,0.2
31.57,-0.4
31.58,0
31.59,0.2
31.6,0
31.61,0.2
31.62,-0.3
31.63,-0.1
31.64,-0.1
31.65,-0.4
31.66,-0.1
31.67,-0.4
31.68,-0.3
31.69,0.2
31.7,-0.6
31.71,0
31.72,0.2
31.73,0
31.74,-0.5
31.75,0.1
31.76,-0.5
31.77,-0.5
31.78,0
31.79,0
31.8,0.1
31.81,0.1
31.82,0
31.83,0.5
31.84,0
31.85,0.5
31.86,-0.1
31.87,-0.2
31.88,-0.5
31.89,-0.1
31.9,0.2
31.91,0
31.92,-0.1
31.93,0.2
31.94,-0.4
31.95,0
31.96,0.6
31.97,-0.3
31.98,-0.7
31.99,0.2
32,-0.8
32.01,0
32.02,-0.4
32.03,-0.5
32.04,-0.4
32.05,0
32.06,0
32.07,0
32.08,0.6
32.09,0.2
32.1,0
32.11,-0.5
32.12,0.3
32.13,-0.3
32.14,-0.1
32.15,0
32.16,0
32.17,0.4
32.18,0
32.19,0
32.2,0.4
32.21,-0.3
32.22,0
32.23,0.5
32.24,-0.2
32.25,0.3
32.26,0
32.27,-0.1
32.28,0.7
32.29,0
32.3,0.3
32.31,0.3
32.32,0
32.33,0.3
32.34,0
32.35,-0.3
32.36,0
32.37,-0.3
32.38,0
32.39,0.2
32.4,0
32.41,0
32.42,-0.4
32.43,0
32.44,0.3
32.45,-0.2
32.46,0.3
32.47,0.2
32.48,0
32.49,0.5
32.5,-0.3
32.51,-0.2
32.52,0.3
32.53,-0.3
32.54,0
32.55,0.3
32.56,-0.3
32.57,0.4
32.58,0
32.59,-0.1
32.6,0
32.61,0
32.62,0
32.63,-0.1
32.64,0
32.65,-0.1
32.66,-0.1
32.67,-0.2
32.68,-0.1
32.69,-0.8
32.7,-0.5
32.71,-0.4
32.72,-0.5
32.73,0
32.74,0
32.75,-0.1
32.76,0.2
32.77,-0.3
32.78,0.3
32.79,0
32.8,-0.3
32.81,0.1
32.82,-0.3
32.83,0
32.84,0.2
32.85,-0.4
32.86,0
32.87,0
32.88,0
32.89,-0.4
32.9,1.1
32.91,0
32.92,0.6
32.93,0
32.94,0.2
32.95,0.2
32.96,-0.3
32.97,0.2
32.98,0
32.99,0
33,0
33.01,-0.3
33.02,0.3
33.03,0.1
33.04,0
33.05,0.2
33.06,-0.3
33.07,-0.3
33.08,0.6
33.09,0.1
33.1,0
33.11,-0.3
33.12,-0.3
33.13,-0.2
33.14,-0.3
33.15,-0.3
33.16,-0.2
33.17,0
33.18,0
33.19,0.2
33.2,0.5
33.21,0
33.22,0
33.23,0.8
33.24,0.3
33.25,0
33.26,0.3
33.27,0
33.28,-0.3
33.29,0.2
33.3,-0.3
33.31,0.1
33.32,0.8
33.33,-0.6
33.34,0.9
33.35,0
33.36,0
33.37,0.8
33.38,0.5
33.39,0.4
33.4,0.2
33.41,0.4
33.42,0
33.43,0.1
33.44,0
33.45,-0.1
33.46,0.2
33.47,0
33.48,0
33.49,-0.2
33.5,0.8
33.51,0.3
33.52,-0.2
33.53,0.8
33.54,0.1
33.55,0
33.56,0.7
33.57,0
33.58,0
33.59,-0.3
33.6,-0.5
33.61,-0.1
33.62,-0.1
33.63,-0.4
33.64,0
33.65,0
33.66,0
33.67,0.6
33.68,0.5
33.69,0
33.7,0
33.71,-0.6
33.72,0.5
33.73,-0.5
33.74,0
33.75,0
33.76,-0.4
33.77,-0.1
33.78,-0.3
33.79,-0.7
33.8,0
33.81,-0.6
33.82,0
33.83,-0.2
33.84,0
33.85,0.3
33.86,-0.3
33.87,0
33.88,0.3
33.89,-0.3
33.9,-0.1
33.91,0.2
33.92,0
33.93,0
33.94,0
33.95,-0.3
33.96,0
33.97,-0.5
33.98,0
33.99,0.4
34,0
34.01,0
34.02,0.2
34.03,0
34.04,0
34.05,0
34.06,0.4
34.07,-0.3
34.08,-0.3
34.09,-0.3
34.1,0
34.11,0.3
34.12,0.1
34.13,-0.3
34.14,0.2
34.15,0.2
34.16,-0.3
34.17,0
34.18,-0.2
34.19,0
34.2,0.6
34.21,-0.2
34.22,-0.2
34.23,0.1
34.24,-0.3
34.25,0
34.26,-0.5
34.27,-0.3
34.28,0.3
34.29,0.5
34.3,0.4
34.31,0
34.32,0
34.33,0.1
34.34,0
34.35,1.1
34.36,0.3
34.37,-0.5
34.38,0.9
34.39,0.3
34.4,-0.5
34.41,0.5
34.42,0
34.43,0
34.44,0.7
34.45,-0.3
34.46,0.1
34.47,0.3
34.48,0.2
34.49,0
34.5,0.1
34.51,-0.3
34.52,0.5
34.53,0.4
34.54,0.2
34.55,-0.3
34.56,0
34.57,-0.1
34.58,0
34.59,0.7
34.6,-0.1
34.61,0.1
34.62,0
34.63,0.2
34.64,0
34.65,1
34.66,-0.5
34.67,0
34.68,0.2
34.69,-0.7
34.7,-0.6
34.71,0.2
34.72,0
34.73,-0.2
34.74,-0.4
34.75,-0.3
34.76,-0.1
34.77,-0.1
34.78,-0.3
34.79,0
34.8,0
34.81,0.2
34.82,-0.4
34.83,-0.4
34.84,-0.2
34.85,-0.3
34.86,0.1
34.87,0.2
34.88,-0.5
34.89,0.5
34.9,-0.5
34.91,-0.1
34.92,0
34.93,-0.1
34.94,0.3
34.95,0.7
34.96,-0.4
34.97,0.4
34.98,0.3
34.99,-0.3
35,-0.1
35.01,-0.4
35.02,-0.1
35.03,-0.8
35.04,0
35.05,-0.1
35.06,-0.3
35.07,-0.1
35.08,0.1
35.09,-0.6
35.1,0
35.11,0.1
35.12,-0.2
35.13,0.3
35.14,0.2
35.15,0.2
35.16,0.2
35.17,-0.2
35.18,0
35.19,-0.5
35.2,-0.5
35.21,0.2
35.22,-0.1
35.23,-0.1
35.24,0.4
35.25,-0.8
35.26,0.3
35.27,0.2
35.28,-0.1
35.29,0.1
35.3,0.2
35.31,-0.2
35.32,0.1
35.33,-0.4
35.34,-0.4
35.35,-0.1
35.36,-0.1
35.37,0.6
35.38,-0.1
35.39,0
35.4,-0.1
35.41,0
35.42,0.3
35.43,-0.3
35.44,0
35.45,0.7
35.46,0.2
35.47,0
35.48,0
35.49,0
35.5,0.2
35.51,0
35.52,-0.4
35.53,0
35.54,-0.1
35.55,-0.1
35.56,0.5
35.57,0.4
35.58,-0.2
35.59,0.8
35.6,-0.3
35.61,-0.4
35.62,0
35.63,0
35.64,0.5
35.65,-0.6
35.66,-0.4
35.67,-1.2
35.68,-0.1
35.69,0.5
35.7,-0.4
35.71,0.1
35.72,0.2
35.73,0.1
35.74,-0.1
35.75,-0.1
35.76,-0.4
35.77,-0.1
35.78,-0.5
35.79,-0.5
35.8,-0.1
35.81,-0.5
35.82,-0.2
35.83,0.2
35.84,-0.1
35.85,-0.5
35.86,0
35.87,0
35.88,0.5
35.89,0
35.9,-0.3
35.91,0.1
35.92,0
35.93,0.1
35.94,-0.5
35.95,-0.1
35.96,-0.1
35.97,-0.1
35.98,0.1
35.99,-0.1
36,-0.6
36.01,-0.2
36.02,-0.4
36.03,0.1
36.04,0.5
36.05,0
36.06,0.6
36.07,0.5
36.08,-0.1
36.09,0.1
36.1,-0.4
36.11,0.1
36.12,0.1
36.13,-0.3
36.14,-0.1
36.15,0.1
36.16,-0.6
36.17,0.4
36.18,-0.5
36.19,-0.5
36.2,0.2
36.21,-0.1
36.22,0
36.23,-0.6
36.24,-0.1
36.25,-0.5
36.26,-0.3
36.27,-0.4
36.28,0.4
36.29,-0.1
36.3,-0.6
36.31,0.3
36.32,-0.2
36.33,0
36.34,-0.4
36.35,0.1
36.36,0.1
36.37,0
36.38,-0.1
36.39,0.2
36.4,0
36.41,-0.1
36.42,-0.4
36.43,0
36.44,0
36.45,0
36.46,0
36.47,-0.3
36.48,-0.4
36.49,0.3
36.5,-0.4
36.51,0
36.52,0.2
36.53,-0.4
36.54,0
36.55,0
36.56,-0.5
36.57,0
36.58,0
36.59,-0.6
36.6,0.6
36.61,-0.4
36.62,0
36.63,-0.5
36.64,0
36.65,0.2
36.66,0.3
36.67,-0.3
36.68,0.6
36.69,0
36.7,0.3
36.71,0.4
36.72,0.3
36.73,-0.1
36.74,-0.1
36.75,-0.5
36.76,0.5
36.77,-0.4
36.78,0.2
36.79,0.5
36.8,-0.2
36.81,0
36.82,0
36.83,-0.5
36.84,0.2
36.85,-0.5
36.86,-0.1
36.87,0
36.88,0
36.89,0.2
36.9,-0.8
36.91,0
36.92,-0.3
36.93,0
36.94,0.2
36.95,0
36.96,0
36.97,0.2
36.98,0
36.99,0
37,0.2
37.01,0
37.02,0
37.03,0.3
37.04,-0.1
37.05,0.2
37.06,0
37.07,0
37.08,0.3
37.09,0
37.1,-0.1
37.11,0.2
37.12,0.2
37.13,1.1
37.14,0
37.15,0
37.16,1
37.17,0.3
37.18,0.7
37.19,-0.1
37.2,0
37.21,-0.3
37.22,-0.3
37.23,-0.4
37.24,0.2
37.25,0.2
37.26,0
37.27,0.3
37.28,-0.3
37.29,-0.3
37.3,0
37.31,0.3
37.32,0.3
37.33,-0.2
37.34,-0.3
37.35,0.3
37.36,-0.6
37.37,-0.4
37.38,-0.3
37.39,0
37.4,0.8
37.41,0
37.42,0
37.43,-0.3
37.44,-0.2
37.45,0.1
37.46,-0.1
37.47,0.1
37.48,0.8
37.49,0.1
37.5,0
37.51,0.4
37.52,-0.2
37.53,-0.1
37.54,-0.2
37.55,0
37.56,0.9
37.57,-0.2
37.58,0.7
37.59,0.8
37.6,0.8
37.61,0
37.62,0.1
37.63,0.3
37.64,0.3
37.65,0
37.66,-0.4
37.67,-0.4
37.68,0
37.69,0.3
37.7,-0.2
37.71,-0.2
37.72,0.7
37.73,-0.2
37.74,0.2
37.75,0.4
37.76,0
37.77,-0.2
37.78,-0.2
37.79,-0.3
37.8,0
37.81,-0.2
37.82,-0.2
37.83,0.3
37.84,-0.2
37.85,0.1
37.86,0
37.87,-0.3
37.88,0.1
37.89,0
37.9,0.4
37.91,0.1
37.92,-0.4
37.93,0
37.94,-0.3
37.95,0
37.96,0
37.97,0
37.98,0
37.99,0.3
38,-0.3
38.01,0.4
38.02,0.1
38.03,0.3
38.04,0
38.05,0.4
38.06,0
38.07,1.1
38.08,-0.2
38.09,0.5
38.1,0
38.11,0
38.12,0.2
38.13,-0.3
38.14,-0.2
38.15,0
38.16,-0.3
38.17,0.2
38.18,-0.3
38.19,-0.2
38.2,0.2
38.21,0.1
38.22,0.6
38.23,0.6
38.24,-0.5
38.25,-0.6
38.26,0
38.27,-0.4
38.28,0
38.29,-0.3
38.3,0.2
38.31,0.3
38.32,-0.3
38.33,0.2
38.34,0
38.35,-0.3
38.36,0.6
38.37,-0.4
38.38,0.4
38.39,0
38.4,0
38.41,0.2
38.42,0
38.43,-0.2
38.44,0.5
38.45,-0.3
38.46,0.4
38.47,0.2
38.48,0
38.49,-0.1
38.5,0.2
38.51,0
38.52,0.5
38.53,0.4
38.54,0
38.55,0.3
38.56,0
38.57,0.6
38.58,-0.4
38.59,-0.1
38.6,-0.1
38.61,-0.3
38.62,0
38.63,0.3
38.64,-0.6
38.65,0
38.66,-0.3
38.67,0
38.68,1.1
38.69,-0.1
38.7,0
38.71,0.1
38.72,0
38.73,-0.3
38.74,-0.4
38.75,0
38.76,-0.1
38.77,-0.1
38.78,0.1
38.79,0.2
38.8,0.3
38.81,0.7
38.82,-0.2
38.83,0.3
38.84,0
38.85,0
38.86,-0.2
38.87,0.1
38.88,-0.3
38.89,0.4
38.9,0
38.91,-0.3
38.92,0.6
38.93,0.1
38.94,-0.1
38.95,1.1
38.96,-0.3
38.97,0.7
38.98,-0.2
38.99,0.3
39,0.2
39.01,0
39.02,0.2
39.03,0.2
39.04,0
39.05,0.2
39.06,0
39.07,0
39.08,0
39.09,-0.4
39.1,0.2
39.11,-0.3
39.12,-0.4
39.13,0.6
39.14,0
39.15,-0.4
39.16,0.6
39.17,-0.8
39.18,0
39.19,0.3
39.2,0
39.21,0
39.22,0
39.23,0
39.24,0.7
39.25,-0.2
39.26,-0.9
39.27,0.8
39.28,0
39.29,0.2
39.3,0.4
39.31,0
39.32,0
39.33,0.3
39.34,0.3
39.35,0
39.36,0.3
39.37,0
39.38,-0.3
39.39,0.4
39.4,0.2
39.41,-0.2
39.42,0.8
39.43,0.2
39.44,-0.2
39.45,0.9
39.46,-0.3
39.47,-0.2
39.48,0.7
39.49,-0.3
39.5,0.2
39.51,1.1
39.52,-0.2
39.53,0.2
39.54,0.9
39.55,-0.1
39.56,0.3
39.57,0.9
39.58,0.2
39.59,-0.1
39.6,0.5
39.61,-0.1
39.62,0
39.63,0.1
39.64,0
39.65,0
39.66,1.1
39.67,0.5
39.68,0
39.69,1.1
39.7,0.1
39.71,0
39.72,1.2
39.73,0.2
39.74,0
39.75,0.9
39.76,-0.3
39.77,0.4
39.78,0.2
39.79,0.1
39.8,0.7
39.81,0
39.82,0
39.83,0
39.84,0.2
39.85,0.2
39.86,0
39.87,0.8
39.88,0.2
39.89,-0.4
39.9,0.4
39.91,-0.2
39.92,-0.4
39.93,0.3
39.94,-0.3
39.95,-0.3
39.96,0.1
39.97,-0.4
39.98,0.1
39.99,0.5
40,-0.1
40.01,0.1
40.02,0.2
40.03,-0.4
40.04,0.2
40.05,0
40.06,-0.6
40.07,-0.9
40.08,-0.4
40.09,-0.1
40.1,-0.1
40.11,-0.6
40.12,0.2
40.13,0
40.14,-0.1
40.15,0
40.16,0.3
40.17,-0.1
40.18,0
40.19,-0.1
40.2,0.2
40.21,-0.4
40.22,0
40.23,0.3
40.24,0
40.25,0.1
40.26,0
40.27,-0.1
40.28,0.2
40.29,0.3
40.3,0
40.31,0.2
40.32,0.7
40.33,0.2
40.34,-0.1
40.35,-0.4
40.36,0.1
40.37,-0.8
40.38,0
40.39,-0.1
40.4,-0.1
40.41,0.2
40.42,-0.1
40.43,-0.5
40.44,0.6
40.45,0
40.46,-0.1
40.47,0.5
40.48,-0.4
40.49,0.2
40.5,-0.1
40.51,-0.2
40.52,-0.1
40.53,-0.3
40.54,-0.2
40.55,-0.1
40.56,0
40.57,0
40.58,-0.4
40.59,-0.3
40.6,0.3
40.61,-0.4
40.62,0.1
40.63,0.6
40.64,-0.1
40.65,0.2
40.66,-0.4
40.67,-0.1
40.68,-0.1
40.69,0
40.7,0.2
40.71,0.5
40.72,-0.1
40.73,0.5
40.74,-0.4
40.75,0.3
40.76,0.5
40.77,-0.4
40.78,0.1
40.79,-0.1
40.8,0
40.81,-0.1
40.82,-0.8
40.83,-0.1
40.84,0.1
40.85,0
40.86,-0.1
40.87,0.2
40.88,-0.1
40.89,0.1
40.9,-0.3
40.91,0
40.92,-0.5
40.93,-0.4
40.94,0
40.95,-0.2
40.96,-0.8
40.97,0.4
40.98,-1.3
40.99,0.1
41,0.4
41.01,-0.9
41.02,-0.1
41.03,0
41.04,-0.9
41.05,-0.1
41.06,0
41.07,-0.9
41.08,0.6
41.09,-0.1
41.1,-0.7
41.11,-0.1
41.12,-0.2
41.13,-1
41.14,-0.1
41.15,0.1
41.16,-0.2
41.17,-0.1
41.18,0.5
41.19,-0.6
41.2,0
41.21,0.3
41.22,-0.5
41.23,-0.4
41.24,0.1
41.25,-0.7
41.26,0.1
41.27,-0.2
41.28,-0.6
41.29,-0.6
41.3,-0.5
41.31,-0.7
41.32,0.5
41.33,0
41.34,-0.4
41.35,0.4
41.36,-0.2
41.37,-0.6
41.38,-0.5
41.39,-0.5
41.4,-0.2
41.41,-0.7
41.42,-0.2
41.43,-0.2
41.44,-0.5
41.45,0.2
41.46,-0.4
41.47,-0.5
41.48,0
41.49,-0.1
41.5,0.5
41.51,-0.4
41.52,-0.4
41.53,0.1
41.54,-0.5
41.55,0.2
41.56,-0.1
41.57,-0.1
41.58,0.2
41.59,0.6
41.6,-0.1
41.61,0.3
41.62,-0.1
41.63,0.4
41.64,0.7
41.65,0
41.66,0.5
41.67,0.6
41.68,-0.1
41.69,0.1
41.7,0
41.71,-0.6
41.72,0.1
41.73,-0.4
41.74,0.1
41.75,-0.4
41.76,-0.1
41.77,0.6
41.78,-0.2
41.79,0.4
41.8,0.6
41.81,-0.2
41.82,0.6
41.83,0
41.84,-0.4
41.85,0.5
41.86,-0.4
41.87,-0.1
41.88,0.2
41.89,-1
41.9,0
41.91,0.7
41.92,-0.4
41.93,0.5
41.94,0
41.95,0
41.96,0.1
41.97,0
41.98,0.6
41.99,0
42,-0.2
42.01,0.3
42.02,0.2
42.03,0
42.04,0
42.05,-0.1
42.06,0.3
42.07,-0.1
42.08,0
42.09,0.8
42.1,-0.2
42.11,0.2
42.12,0.2
42.13,-0.4
42.14,0
42.15,0.2
42.16,-0.2
42.17,0
42.18,0.4
42.19,-0.4
42.2,0.7
42.21,0
42.22,0
42.23,0
42.24,0.9
42.25,-0.2
42.26,0
42.27,-0.3
42.28,0
42.29,0.1
42.3,0.3
42.31,0
42.32,0
42.33,-0.2
42.34,0.1
42.35,0.2
42.36,0.6
42.37,-0.5
42.38,0.4
42.39,0.2
42.4,-0.6
42.41,0.3
42.42,-0.1
42.43,-0.3
42.44,0.2
42.45,0
42.46,0
42.47,-0.3
42.48,0
42.49,-0.4
42.5,0
42.51,0
42.52,0.2
42.53,-0.3
42.54,0.4
42.55,0
42.56,-0.3
42.57,-0.2
42.58,-0.3
42.59,0.3
42.6,0.3
42.61,-0.3
42.62,0.3
42.63,0.3
42.64,-0.6
42.65,0.3
42.66,0.1
42.67,-0.5
42.68,1
42.69,0.1
42.7,0.4
42.71,-0.3
42.72,0
42.73,-0.3
42.74,0
42.75,-0.3
42.76,0.8
42.77,0.6
42.78,0.3
42.79,0.7
42.8,-0.5
42.81,0.9
42.82,-0.4
42.83,0.1
42.84,0.3
42.85,0
42.86,0
42.87,0
42.88,0
42.89,0.7
42.9,-0.2
42.91,0.2
42.92,0.7
42.93,-0.2
42.94,0.4
42.95,0.1
42.96,-0.2
42.97,0.2
42.98,-0.5
42.99,0.1
43,-0.1
43.01,-0.2
43.02,-0.4
43.03,0.3
43.04,-0.2
43.05,-0.3
43.06,-0.2
43.07,0
43.08,-0.1
43.09,0
43.1,0.5
43.11,-0.1
43.12,-0.1
43.13,0.2
43.14,-0.7
43.15,-0.3
43.16,0.4
43.17,-0.6
43.18,0
43.19,-0.3
43.2,-0.8
43.21,0.2
43.22,1
43.23,-0.5
43.24,0.5
43.25,-0.3
43.26,-0.1
43.27,0.3
43.28,-0.3
43.29,-0.1
43.3,-0.3
43.31,-0.6
43.32,0
43.33,0
43.34,0
43.35,0.4
43.36,0.1
43.37,-0.3
43.38,0
43.39,-0.3
43.4,0.3
43.41,-0.4
43.42,0
43.43,0
43.44,-0.3
43.45,0
43.46,-0.3
43.47,-0.7
43.48,1
43.49,-0.2
43.5,0.5
43.51,0.3
43.52,-0.3
43.53,-0.1
43.54,0.3
43.55,0
43.56,0.3
43.57,-0.3
43.58,0
43.59,0
43.6,-0.3
43.61,0
43.62,0
43.63,0.4
43.64,0.4
43.65,0
43.66,0.5
43.67,-0.6
43.68,-0.1
43.69,0.2
43.7,-0.3
43.71,-0.4
43.72,0.2
43.73,0
43.74,0.1
43.75,1.1
43.76,-0.2
43.77,-0.3
43.78,0.8
43.79,0.3
43.8,0.2
43.81,0.5
43.82,-0.1
43.83,0.5
43.84,0
43.85,0
43.86,0
43.87,0.3
43.88,0
43.89,-0.1
43.9,0.5
43.91,0.6
43.92,-0.2
43.93,1.1
43.94,-0.6
43.95,-0.1
43.96,0.4
43.97,0
43.98,0.3
43.99,0.8
44,-0.2
44.01,0.4
44.02,0
44.03,0
44.04,0
44.05,0
44.06,0
44.07,1.4
44.08,0.4
44.09,0.3
44.1,0.1
44.11,0.1
44.12,0.4
44.13,-0.2
44.14,-0.3
44.15,0.2
44.16,0.2
44.17,0.3
44.18,0.1
44.19,0.2
44.2,0.4
44.21,0.2
44.22,-0.1
44.23,0.7
44.24,0
44.25,0.4
44.26,-0.3
44.27,-0.2
44.28,0.2
44.29,0
44.3,0
44.31,0.4
44.32,-0.3
44.33,0
44.34,-0.6
44.35,-0.3
44.36,-0.1
44.37,-0.1
44.38,0
44.39,-0.5
44.4,-0.6
44.41,-0.4
44.42,0.2
44.43,-0.6
44.44,0.3
44.45,0.1
44.46,0
44.47,0
44.48,0.2
44.49,0.4
44.5,0
44.51,0.3
44.52,0.8
44.53,0.2
44.54,-0.2
44.55,0.3
44.56,0
44.57,0.7
44.58,0
44.59,-0.3
44.6,1.6
44.61,0
44.62,0.4
44.63,0.1
44.64,0
44.65,0
44.66,0
44.67,-0.3
44.68,0.3
44.69,0.2
44.7,0.2
44.71,0
44.72,0.2
44.73,0.3
44.74,-0.5
44.75,0.8
44.76,0.7
44.77,-0.4
44.78,0.9
44.79,0.3
44.8,0
44.81,1.1
44.82,-0.7
44.83,-0.1
44.84,1.1
44.85,-0.3
44.86,-0.2
44.87,0.7
44.88,-0.3
44.89,0
44.9,0.5
44.91,0.1
44.92,0.6
44.93,0.5
44.94,0
44.95,0.4
44.96,0.8
44.97,-0.3
44.98,-0.3
44.99,0.9
45,0
45.01,-0.2
45.02,0.5
45.03,0.3
45.04,0
45.05,0.8
45.06,-0.3
45.07,-0.5
45.08,0.8
45.09,-0.8
45.1,-0.3
45.11,0
45.12,0
45.13,0.8
45.14,0
45.15,-0.3
45.16,0.3
45.17,0.4
45.18,0
45.19,0.3
45.2,-0.2
45.21,0.3
45.22,-0.2
45.23,0.3
45.24,0
45.25,0
45.26,0
45.27,0.2
45.28,-0.6
45.29,1.2
45.3,-0.3
45.31,0.6
45.32,0
45.33,-0.1
45.34,0
45.35,0
45.36,-0.5
45.37,0.1
45.38,0
45.39,-0.4
45.4,0.5
45.41,-0.1
45.42,-0.1
45.43,0.3
45.44,-0.3
45.45,0.3
45.46,0
45.47,-0.3
45.48,-0.1
45.49,-0.6
45.5,-0.1
45.51,0.2
45.52,-0.3
45.53,0.2
45.54,-0.4
45.55,0
45.56,-0.1
45.57,-0.1
45.58,0.2
45.59,-0.4
45.6,0.1
45.61,0.1
45.62,-0.2
45.63,-0.3
45.64,0.5
45.65,0
45.66,-0.1
45.67,0.1
45.68,0.2
45.69,0.5
45.7,-0.1
45.71,0.1
45.72,0.1
45.73,-0.4
45.74,-0.4
45.75,0.5
45.76,-0.4
45.77,0.2
45.78,-0.4
45.79,-0.4
45.8,0.1
45.81,-0.5
45.82,0
45.83,-0.4
45.84,0
45.85,0.2
45.86,0
45.87,0
45.88,0.2
45.89,-0.7
45.9,-0.1
45.91,-0.2
45.92,-0.6
45.93,-0.4
45.94,-0.1
45.95,0
45.96,0.5
45.97,0.1
45.98,-0.2
45.99,0.3
46,0.3
46.01,0.2
46.02,-0.3
46.03,-0.1
46.04,-0.1
46.05,-0.4
46.06,0.2
46.07,-0.7
46.08,0
46.09,0.5
46.1,-0.7
46.11,-0.2
46.12,0.2
46.13,-0.6
46.14,0.6
46.15,0.5
46.16,-0.7
46.17,0.2
46.18,-0.6
46.19,-0.5
46.2,0.2
46.21,0
46.22,0
46.23,0
46.24,0
46.25,0
46.26,0
46.27,-0.4
46.28,-0.6
46.29,0
46.3,0.2
46.31,0.2
46.32,0
46.33,-0.1
46.34,-0.8
46.35,-0.3
46.36,0.7
46.37,-0.8
46.38,0.3
46.39,-0.1
46.4,-0.8
46.41,0.2
46.42,-0.6
46.43,-0.9
46.44,0.1
46.45,-0.5
46.46,-1
46.47,0.7
46.48,-0.1
46.49,-1
46.5,-0.1
46.51,-0.1
46.52,0.1
46.53,0
46.54,0.1
46.55,-0.5
46.56,-0.1
46.57,0.1
46.58,-0.6
46.59,-1
46.6,0.1
46.61,-0.6
46.62,0.6
46.63,-0.2
46.64,-0.6
46.65,-0.1
46.66,-0.4
46.67,0
46.68,0.1
46.69,-0.1
46.7,-0.6
46.71,0.1
46.72,-0.4
46.73,-0.1
46.74,-0.1
46.75,0.1
46.76,0.1
46.77,-1.2
46.78,0.2
46.79,-0.2
46.8,-0.1
46.81,-0.1
46.82,-0.4
46.83,0
46.84,0.3
46.85,0.1
46.86,0.2
46.87,0.3
46.88,0
46.89,0.3
46.9,0
46.91,0.2
46.92,0.8
46.93,0
46.94,0.2
46.95,0.2
46.96,0
46.97,0.7
46.98,-0.3
46.99,0
47,0.6
47.01,0
47.02,0.2
47.03,0.4
47.04,0.1
47.05,0
47.06,-0.3
47.07,0.2
47.08,0.6
47.09,0
47.1,0
47.11,0.3
47.12,0.3
47.13,0.1
47.14,-0.3
47.15,0.3
47.16,0.6
47.17,0.2
47.18,0.2
47.19,1.1
47.2,0.2
47.21,0.5
47.22,-0.2
47.23,-0.3
47.24,0.2
47.25,-0.3
47.26,0
47.27,-0.3
47.28,-0.3
47.29,0.2
47.3,0.6
47.31,0.2
47.32,-0.2
47.33,0.2
47.34,0.2
47.35,0.2
47.36,-0.3
47.37,0
47.38,-0.4
47.39,0
47.4,-0.2
47.41,0
47.42,0
47.43,0.8
47.44,0
47.45,0.3
47.46,0.1
47.47,0
47.48,-0.1
47.49,-0.1
47.5,0
47.51,-0.4
47.52,0
47.53,0.2
47.54,0
47.55,0.1
47.56,0.2
47.57,0.3
47.58,0.4
47.59,0.3
47.6,-0.3
47.61,0
47.62,-0.3
47.63,-0.1
47.64,0
47.65,-0.3
47.66,0.4
47.67,0.3
47.68,-0.2
47.69,0.7
47.7,-0.2
47.71,-0.2
47.72,0.3
47.73,0
47.74,0.7
47.75,0
47.76,0
47.77,0
47.78,0.1
47.79,0.3
47.8,0.3
47.81,-0.4
47.82,0.3
47.83,0.4
47.84,0.1
47.85,0
47.86,-0.4
47.87,0.2
47.88,-0.1
47.89,-0.7
47.9,0
47.91,0.3
47.92,0
47.93,0.8
47.94,-0.3
47.95,0
47.96,0.1
47.97,0.2
47.98,0.2
47.99,-0.3
48,0.1
48.01,-0.2
48.02,0.1
48.03,-0.5
48.04,0.6
48.05,0
48.06,0.1
48.07,0.1
48.08,0.1
48.09,0.5
48.1,0.1
48.11,0
48.12,0.8
48.13,0
48.14,0
48.15,0.2
48.16,0.4
48.17,0.3
48.18,0.1
48.19,0
48.2,0.4
48.21,0.1
48.22,0.1
48.23,-0.2
48.24,0.1
48.25,0.4
48.26,-0.2
48.27,0.1
48.28,0.4
48.29,-0.2
48.3,0.3
48.31,0.2
48.32,-0.1
48.33,0.1
48.34,0.9
48.35,0
48.36,0.9
48.37,0
48.38,-0.3
48.39,0.5
48.4,0.1
48.41,0.3
48.42,0
48.43,-0.6
48.44,0.3
48.45,-0.2
48.46,0.7
48.47,-0.3
48.48,-0.3
48.49,-0.3
48.5,0
48.51,-0.1
48.52,0.4
48.53,-0.7
48.54,0.2
48.55,0
48.56,-0.2
48.57,-0.1
48.58,-0.6
48.59,0.1
48.6,0.5
48.61,0.1
48.62,-0.3
48.63,0.4
48.64,-0.4
48.65,0
48.66,0
48.67,0
48.68,0.3
48.69,0
48.7,0.3
48.71,0
48.72,-0.3
48.73,0.4
48.74,0
48.75,-0.3
48.76,0.8
48.77,-0.9
48.78,0.3
48.79,0
48.8,-0.3
48.81,0
48.82,-0.4
48.83,0.3
48.84,0.3
48.85,-0.6
48.86,0.3
48.87,0
48.88,0
48.89,0
48.9,0
48.91,-0.3
48.92,0.3
48.93,-0.3
48.94,-0.5
48.95,0
48.96,0
48.97,0.3
48.98,0
48.99,-0.2
49,0.4
49.01,0.4
49.02,-0.2
49.03,0
49.04,-1
49.05,-0.3
49.06,-0.2
49.07,0
49.08,0.3
49.09,0
49.1,0
49.11,0.3
49.12,-0.2
49.13,0.5
49.14,-0.6
49.15,0
49.16,0
49.17,-0.1
49.18,-0.2
49.19,0
49.2,-0.2
49.21,0.3
49.22,0
49.23,0.1
49.24,0
49.25,0.1
49.26,0.6
49.27,0.3
49.28,0
49.29,0.7
49.3,-0.3
49.31,0.3
49.32,0.3
49.33,-0.3
49.34,0
49.35,0.7
49.36,0
49.37,0.7
49.38,-0.3
49.39,-0.3
49.4,0
49.41,0.1
49.42,0.3
49.43,0
49.44,-0.3
49.45,0.4
49.46,0
49.47,0.2
49.48,0.6
49.49,0.5
49.5,0
49.51,0.6
49.52,0
49.53,0.4
49.54,-0.3
49.55,0
49.56,0.5
49.57,-0.4
49.58,0.3
49.59,0
49.6,-0.3
49.61,0.9
49.62,-0.4
49.63,-0.2
49.64,0.3
49.65,0.1
49.66,0.6
49.67,-0.3
49.68,0
49.69,0
49.7,0.3
49.71,0
49.72,0.3
49.73,0
49.74,0.3
49.75,1.7
49.76,0.3
49.77,0.6
49.78,-0.3
49.79,0.4
49.8,-0.1
49.81,-0.2
49.82,0
49.83,0
49.84,0
49.85,0.4
49.86,0.3
49.87,0
49.88,-0.1
49.89,0
49.9,0.6
49.91,-0.3
49.92,0.3
49.93,0.1
49.94,0
49.95,-0.3
49.96,0.4
49.97,-0.3
49.98,-0.3
49.99,0.3
50,-0.2
50.01,0.3
50.02,0
50.03,0
50.04,0.3
50.05,-0.3
50.06,0.2
50.07,-0.5
50.08,0
50.09,0.6
50.1,0
50.11,0
50.12,0.3
50.13,0
50.14,0.4
50.15,-0.2
50.16,0
50.17,0.2
50.18,-0.6
50.19,0
50.2,0.3
50.21,0.4
50.22,0.3
50.23,0.3
50.24,-0.3
50.25,-0.1
50.26,0
50.27,-0.2
50.28,0.2
50.29,0
50.3,0.3
50.31,0.6
50.32,-0.2
50.33,0.8
50.34,-0.2
50.35,-0.4
50.36,0.2
50.37,-0.3
50.38,0.2
50.39,-0.5
50.4,-0.1
50.41,0
50.42,-0.4
50.43,0.2
50.44,0
50.45,-0.3
50.46,-0.4
50.47,0
50.48,-0.4
50.49,-0.4
50.5,0
50.51,0.3
50.52,0.2
50.53,-0.3
50.54,0.3
50.55,-0.8
50.56,0
50.57,0
50.58,0
50.59,0
50.6,0
50.61,0
50.62,0
50.63,0
50.64,-0.4
50.65,0.4
50.66,-0.4
50.67,0
50.68,0.5
50.69,-0.1
50.7,0
50.71,-0.3
50.72,-0.5
50.73,0.1
50.74,0.3
50.75,0
50.76,0.1
50.77,0
50.78,0.6
50.79,0
50.8,-0.3
50.81,0
50.82,-0.5
50.83,-0.2
50.84,0.2
50.85,-0.4
50.86,0.2
50.87,0.1
50.88,-0.4
50.89,-0.4
50.9,0.5
50.91,0.3
50.92,0.3
50.93,0
50.94,0.1
50.95,0.2
50.96,-0.4
50.97,0
50.98,-0.4
50.99,0.1
51,0
51.01,0
51.02,0.4
51.03,-0.3
51.04,0.5
51.05,0.9
51.06,-0.6
51.07,0
51.08,0.7
51.09,0.3
51.1,0
51.11,0
51.12,0
51.13,0.2
51.14,0.4
51.15,0.1
51.16,0.5
51.17,-0.5
51.18,0.3
51.19,0.2
51.2,0.1
51.21,-0.3
51.22,0.8
51.23,-0.1
51.24,0.3
51.25,0
51.26,0
51.27,0
51.28,0.3
51.29,0.2
51.3,0.1
51.31,0
51.32,0.3
51.33,0
51.34,-0.5
51.35,0
51.36,-0.4
51.37,-0.1
51.38,0.4
51.39,0.9
51.4,0.8
51.41,0
51.42,0.3
51.43,0.2
51.44,-0.4
51.45,-0.1
51.46,0.5
51.47,0.7
51.48,-0.4
51.49,-0.4
51.5,0
51.51,0
51.52,-0.5
51.53,0.2
51.54,-0.5
51.55,0
51.56,-0.3
51.57,-0.6
51.58,0
51.59,-0.1
51.6,-0.1
51.61,-0.1
51.62,-0.1
51.63,-0.8
51.64,0.9
51.65,-0.5
51.66,0.4
51.67,0.3
51.68,0.4
51.69,-0.5
51.7,-0.6
51.71,-0.1
51.72,-0.2
51.73,-0.2
51.74,0.1
51.75,-0.5
51.76,0
51.77,0.1
51.78,-0.7
51.79,0.2
51.8,0.1
51.81,0.7
51.82,0.4
51.83,-0.8
51.84,-1
51.85,-0.2
51.86,-0.1
51.87,-1.5
51.88,0.1
51.89,0
51.9,-0.8
51.91,-0.1
51.92,-0.1
51.93,-0.6
51.94,0
51.95,0.1
51.96,-0.4
51.97,-0.5
51.98,0.2
51.99,-0.3
52,-0.4
52.01,-0.1
52.02,-0.6
52.03,-0.4
52.04,0.3
52.05,-0.9
52.06,0.8
52.07,-0.6
52.08,1.4
52.09,-0.4
52.1,-0.2
52.11,-1.4
52.12,0.6
52.13,0.1
52.14,1.3
52.15,0.7
52.16,0
52.17,-0.7
52.18,0.2
52.19,0
52.2,1.6
52.21,-0.7
52.22,0
52.23,0.9
52.24,-0.2
52.25,0.4
52.26,0.9
52.27,0
52.28,0.2
52.29,0.7
52.3,-0.2
52.31,0.6
52.32,1.8
52.33,-0.3
52.34,-0.3
52.35,0.3
52.36,0.3
52.37,0.3
52.38,1.3
52.39,0.3
52.4,0.1
52.41,1.3
52.42,0.3
52.43,0.3
52.44,1.9
52.45,-0.2
52.46,-0.3
52.47,1.6
52.48,-0.3
52.49,0.6
52.5,-1.5
52.51,-0.2
52.52,0.1
52.53,0.9
52.54,0
52.55,0
52.56,0.5
52.57,-0.1
52.58,-0.4
52.59,0.5
52.6,-0.1
52.61,0
52.62,0
52.63,0.5
52.64,-0.3
52.65,0.5
52.66,-0.4
52.67,0.3
52.68,0.7
52.69,-0.1
52.7,-0.1
52.71,-0.3
52.72,-0.4
52.73,0
52.74,0.2
52.75,-0.1
52.76,-0.1
52.77,-0.1
52.78,-0.1
52.79,0.2
52.8,-0.1
52.81,-0.4
52.82,-0.4
52.83,-0.7
52.84,-0.2
52.85,-0.2
52.86,0
52.87,0
52.88,-0.4
52.89,0.2
52.9,0.3
52.91,0.2
52.92,1.1
52.93,0.3
52.94,0
52.95,0.5
52.96,0.1
52.97,0.3
52.98,0
52.99,0.3
53,0.4
53.01,0
53.02,0.3
53.03,0.4
53.04,-0.3
53.05,0
53.06,-0.5
53.07,-0.2
53.08,0.3
53.09,-0.3
53.1,-0.5
53.11,-0.1
53.12,0.3
53.13,-0.3
53.14,-0.6
53.15,0.3
53.16,0.3
53.17,0.3
53.18,0
53.19,-0.4
53.2,-0.9
53.21,0.4
53.22,0
53.23,-0.2
53.24,-0.2
53.25,0
53.26,0.7
53.27,0.2
53.28,-0.2
53.29,0.7
53.3,0
53.31,-0.7
53.32,0.7
53.33,0
53.34,-0.6
53.35,1.2
53.36,0
53.37,0
53.38,0
53.39,0
53.4,-0.2
53.41,0.4
53.42,0
53.43,0
53.44,0
53.45,0.4
53.46,-0.9
53.47,0
53.48,0.2
53.49,-0.2
53.5,0.2
53.51,0.5
53.52,-0.5
53.53,0.7
53.54,0.5
53.55,-0.1
53.56,0.1
53.57,0
53.58,-0.4
53.59,1
53.6,0
53.61,-0.9
53.62,0
53.63,0.7
53.64,-0.2
53.65,0.7
53.66,0.3
53.67,0.7
53.68,0.2
53.69,0.7
53.7,-0.6
53.71,-0.2
53.72,0
53.73,-0.6
53.74,-0.1
53.75,0.7
53.76,-0.3
53.77,0.1
53.78,-0.3
53.79,0.1
53.8,0
53.81,0
53.82,-0.5
53.83,0.3
53.84,-0.3
53.85,0
53.86,0
53.87,0
53.88,-0.3
53.89,0.8
53.9,0
53.91,-0.1
53.92,0
53.93,0.6
53.94,-0.1
53.95,-0.3
53.96,0.3
53.97,-0.5
53.98,0.1
53.99,0.1
54,0
54.01,0.7
54.02,0
54.03,0
54.04,0.4
54.05,0
54.06,0
54.07,0
54.08,-0.2
54.09,0.2
54.1,-0.3
54.11,0.1
54.12,0
54.13,-0.4
54.14,-0.2
54.15,0.4
54.16,-0.7
54.17,0
54.18,-0.7
54.19,0.2
54.2,0
54.21,-0.7
54.22,0
54.23,0
54.24,-0.5
54.25,0.6
54.26,-0.3
54.27,-0.2
54.28,0.7
54.29,-0.4
54.3,-0.5
54.31,0.4
54.32,-0.3
54.33,0
54.34,-0.3
54.35,-0.3
54.36,0.3
54.37,0
54.38,0
54.39,0
54.4,-0.5
54.41,0.8
54.42,-0.4
54.43,-0.3
54.44,-0.6
54.45,-0.6
54.46,0
54.47,-0.1
54.48,-0.1
54.49,-0.3
54.5,0
54.51,0.3
54.52,0.7
54.53,-0.6
54.54,0.3
54.55,0.3
54.56,-0.4
54.57,0
54.58,-0.1
54.59,0.1
54.6,0.3
54.61,0.3
54.62,-0.1
54.63,-0.1
54.64,0
54.65,0.4
54.66,0
54.67,-0.3
54.68,-0.1
54.69,-0.5
54.7,0
54.71,-0.6
54.72,0
54.73,-0.3
54.74,-0.3
54.75,0
54.76,0.2
54.77,0.1
54.78,0
54.79,0
54.8,0
54.81,0
54.82,-0.3
54.83,0.2
54.84,0.2
54.85,-0.4
54.86,0
54.87,0.4
54.88,0
54.89,0.2
54.9,-0.7
54.91,-0.2
54.92,-0.4
54.93,0
54.94,0.2
54.95,-1
54.96,-0.4
54.97,0.2
54.98,0
54.99,0.6
55,0.4
55.01,-0.9
55.02,0
55.03,1.3
55.04,-0.3
55.05,0
55.06,0.4
55.07,0
55.08,0
55.09,0.2
55.1,0
55.11,0.3
55.12,0.1
55.13,0.8
55.14,0
55.15,-0.6
55.16,0.3
55.17,-0.3
55.18,0.8
55.19,0
55.2,-0.6
55.21,0.8
55.22,0
55.23,-0.6
55.24,-0.6
55.25,-0.3
55.26,-0.3
55.27,-0.6
55.28,-0.5
55.29,-0.6
55.3,-1.3
55.31,-0.1
55.32,-0.3
55.33,-1
55.34,0
55.35,0.2
55.36,-0.9
55.37,0.2
55.38,-0.2
55.39,-1
55.4,-0.4
55.41,0.1
55.42,-1
55.43,-0.7
55.44,-0.4
55.45,-1.1
55.46,-0.4
55.47,-0.3
55.48,-0.2
55.49,0
55.5,-0.2
55.51,-0.3
55.52,0
55.53,0.2
55.54,-0.4
55.55,0.2
55.56,0.2
55.57,0
55.58,0.2
55.59,0
55.6,-0.2
55.61,0.2
55.62,-0.8
55.63,-0.6
55.64,-0.1
55.65,-0.4
55.66,-0.6
55.67,-0.9
55.68,-1.1
55.69,-0.4
55.7,-0.3
55.71,0.2
55.72,0
55.73,-0.1
55.74,-0.3
55.75,0.5
55.76,-0.5
55.77,-0.5
55.78,-0.1
55.79,0.1
55.8,-0.3
55.81,-0.1
55.82,0.1
55.83,0.5
55.84,-0.5
55.85,0.1
55.86,0.4
55.87,-0.1
55.88,-0.3
55.89,-0.1
55.9,-0.3
55.91,-0.4
55.92,-1.1
55.93,-0.1
55.94,0.2
55.95,0
55.96,0.5
55.97,-0.4
55.98,0
55.99,0.7
56,-0.4
56.01,1
56.02,0
56.03,-0.8
56.04,0.2
56.05,-0.3
56.06,-0.1
56.07,-0.1
56.08,-0.5
56.09,-0.1
56.1,-0.8
56.11,0.3
56.12,-0.8
56.13,-0.5
56.14,-0.1
56.15,-0.4
56.16,-0.4
56.17,-0.1
56.18,-0.8
56.19,-0.2
56.2,0.7
56.21,-1.1
56.22,0.5
56.23,0.4
56.24,-0.8
56.25,0.2
56.26,0
56.27,-0.2
56.28,-0.4
56.29,0
56.3,-0.4
56.31,0.7
56.32,0
56.33,0
56.34,0.6
56.35,0.4
56.36,0
56.37,0
56.38,-0.7
56.39,-1
56.4,-0.3
56.41,-0.3
56.42,0
56.43,-0.3
56.44,0.8
56.45,-0.1
56.46,0.6
56.47,0.3
56.48,-0.3
56.49,-0.5
56.5,0
56.51,-1
56.52,0
56.53,-0.2
56.54,-0.2
56.55,0.4
56.56,0.4
56.57,0.2
56.58,0
56.59,0
56.6,-0.5
56.61,0
56.62,0
56.63,-0.4
56.64,0.2
56.65,0
56.66,0
56.67,-0.5
56.68,0.5
56.69,0
56.7,0
56.71,0.7
56.72,-0.4
56.73,0.5
56.74,-0.4
56.75,-0.5
56.76,0.1
56.77,-0.1
56.78,0.1
56.79,0.3
56.8,-0.2
56.81,-0.2
56.82,-0.1
56.83,-0.3
56.84,0.3
56.85,0
56.86,-0.2
56.87,0
56.88,-0.8
56.89,0.1
56.9,-0.5
56.91,0
56.92,0.1
56.93,-0.5
56.94,0.3
56.95,0.1
56.96,-0.5
56.97,0.4
56.98,-0.5
56.99,-0.5
57,-0.2
57.01,-0.5
57.02,-0.2
57.03,1
57.04,-0.5
57.05,0.4
57.06,-0.1
57.07,-0.3
57.08,-0.3
57.09,0.3
57.1,-1
57.11,-0.3
57.12,-0.5
57.13,0
57.14,-0.3
57.15,0.2
57.16,-0.1
57.17,0
57.18,0.7
57.19,-0.1
57.2,-0.4
57.21,0.2
57.22,-0.4
57.23,-0.6
57.24,0
57.25,-0.9
57.26,-0.1
57.27,0.2
57.28,-0.1
57.29,0.3
57.3,0
57.31,-0.1
57.32,-0.3
57.33,-0.1
57.34,-0.8
57.35,-0.6
57.36,0.2
57.37,-0.8
57.38,-0.8
57.39,0.2
57.4,-0.2
57.41,0.2
57.42,0.4
57.43,0
57.44,-0.2
57.45,0
57.46,-0.7
57.47,-0.1
57.48,0
57.49,-0.7
57.5,0.4
57.51,0.7
57.52,-0.4
57.53,0.5
57.54,0.2
57.55,-0.4
57.56,0.7
57.57,0.4
57.58,-0.4
57.59,0
57.6,0
57.61,0.4
57.62,0.2
57.63,0.2
57.64,0.4
57.65,0.2
57.66,0.5
57.67,0
57.68,-0.4
57.69,0.2
57.7,-0.4
57.71,0.5
57.72,0.2
57.73,-0.6
57.74,0.5
57.75,0.3
57.76,-0.4
57.77,0.8
57.78,0.1
57.79,0.1
57.8,-0.8
57.81,-0.1
57.82,-0.1
57.83,0.4
57.84,-0.4
57.85,0
57.86,0
57.87,0.3
57.88,0
57.89,0.1
57.9,0.5
57.91,0.2
57.92,0.1
57.93,0.8
57.94,-0.1
57.95,0.2
57.96,0.5
57.97,-0.4
57.98,0.5
57.99,0.5
58,-0.8
58.01,0.7
58.02,0
58.03,-0.1
58.04,0.3
58.05,0.2
58.06,-0.4
58.07,0
58.08,0.2
58.09,0.2
58.1,-0.2
58.11,-0.2
58.12,0.2
58.13,0.5
58.14,0.6
58.15,0.6
58.16,0.2
58.17,0
58.18,-0.4
58.19,0
58.2,0.2
58.21,-0.4
58.22,-0.1
58.23,1.4
58.24,-0.2
58.25,0.9
58.26,0.1
58.27,0
58.28,0.2
58.29,0.4
58.3,0
58.31,0
58.32,0
58.33,0
58.34,-0.3
58.35,0.5
58.36,0.3
58.37,0
58.38,0.3
58.39,0
58.4,-0.3
58.41,-0.3
58.42,-1
58.43,0.4
58.44,0.6
58.45,-0.3
58.46,0.1
58.47,0.6
58.48,0
58.49,0.4
58.5,-0.3
58.51,-0.7
58.52,-0.1
58.53,-0.1
58.54,-0.3
58.55,0
58.56,0.5
58.57,0.5
58.58,-0.6
58.59,0.8
58.6,0.1
58.61,0.1
58.62,0.5
58.63,0.7
58.64,-0.3
58.65,0.5
58.66,-0.3
58.67,-0.3
58.68,0.3
58.69,-0.3
58.7,-0.3
58.71,-0.1
58.72,0
58.73,0.6
58.74,0
58.75,-0.5
58.76,-0.1
58.77,0.1
58.78,0.2
58.79,-0.7
58.8,0.6
58.81,0
58.82,-0.3
58.83,0.2
58.84,0
58.85,-0.7
58.86,0
58.87,0.4
58.88,-0.6
58.89,0.4
58.9,-0.8
58.91,-0.1
58.92,0.2
58.93,-0.1
58.94,-0.1
58.95,0.2
58.96,-0.1
58.97,0.2
58.98,-0.4
58.99,-0.4
59,-0.1
59.01,0
59.02,-0.3
59.03,-0.4
59.04,-0.3
59.05,0.1
59.06,-0.1
59.07,0
59.08,0.9
59.09,-0.1
59.1,1
59.11,-0.6
59.12,-0.2
59.13,-0.1
59.14,-0.7
59.15,0
59.16,0.5
59.17,-0.6
59.18,0
59.19,0.2
59.2,-0.1
59.21,0.2
59.22,0
59.23,-0.2
59.24,-0.4
59.25,-0.1
59.26,-0.4
59.27,0
59.28,-0.1
59.29,0.3
59.3,-0.4
59.31,-0.1
59.32,0
59.33,-0.6
59.34,-0.1
59.35,0.2
59.36,-0.6
59.37,-0.1
59.38,-0.4
59.39,0
59.4,0.2
59.41,-0.4
59.42,-0.2
59.43,0.2
59.44,-1.1
59.45,0.8
59.46,0
59.47,-0.3
59.48,0
59.49,-0.3
59.5,0.3
59.51,0.1
59.52,-0.3
59.53,0.4
59.54,-0.3
59.55,0.2
59.56,0.2
59.57,0.1
59.58,0.4
59.59,-0.2
59.6,0
59.61,-0.3
59.62,-0.3
59.63,0
59.64,-0.2
59.65,-0.3
59.66,-0.1
59.67,0.6
59.68,0
59.69,0.3
59.7,0.7
59.71,-0.4
59.72,0.7
59.73,-1
59.74,-0.3
59.75,0.3
59.76,-0.3
59.77,0.8
59.78,0.1
59.79,0.3
59.8,0.3
59.81,0
59.82,0
59.83,0.1
59.84,0
59.85,0.6
59.86,-0.3
59.87,0.4
59.88,-0.2
59.89,-0.2
59.9,0.3
59.91,0.3
59.92,0.3
59.93,0.6
59.94,-1
59.95,0
59.96,0.8
59.97,0.1
59.98,0
59.99,0.8
60,0.1
60.01,0.6
60.02,-0.3
60.03,0.2
60.04,0.2
60.05,0.2
60.06,0.5
60.07,0
60.08,-0.1
60.09,-0.4
60.1,-0.7
60.11,0.2
60.12,0.2
60.13,0.2
60.14,0
60.15,0.6
60.16,-0.4
60.17,-0.4
60.18,-1
60.19,0
60.2,0.2
60.21,0.2
60.22,0.2
60.23,-0.4
60.24,-0.4
60.25,1.1
60.26,0
60.27,0
60.28,0.2
60.29,0.1
60.3,0
60.31,-0.4
60.32,-0.4
60.33,0
60.34,0.1
60.35,0.4
60.36,0.3
60.37,0.5
60.38,0
60.39,0.3
60.4,0
60.41,0.3
60.42,-1
60.43,-0.5
60.44,0.6
60.45,0
60.46,-0.3
60.47,0.3
60.48,0
60.49,0.1
60.5,0.2
60.51,0.4
60.52,0.1
60.53,-0.4
60.54,0.2
60.55,0.6
60.56,-0.4
60.57,0
60.58,0
60.59,0.2
60.6,0
60.61,0
60.62,0.1
60.63,0.2
60.64,0
60.65,0.2
60.66,-0.5
60.67,0.2
60.68,0.6
60.69,0.1
60.7,0.2
60.71,0.7
60.72,0
60.73,0.7
60.74,-0.2
60.75,-0.2
60.76,0.2
60.77,-0.7
60.78,-0.6
60.79,0.5
60.8,-0.4
60.81,-0.3
60.82,0
60.83,0.5
60.84,0.3
60.85,0
60.86,-0.5
60.87,0.4
60.88,-0.9
60.89,0.2
60.9,-0.7
60.91,-0.2
60.92,-0.2
60.93,-0.2
60.94,-0.6
60.95,-0.1
60.96,-0.4
60.97,0
60.98,-0.7
60.99,-0.4
61,0
61.01,-0.6
61.02,-0.3
61.03,0.1
61.04,-0.6
61.05,-0.3
61.06,-0.6
61.07,-0.3
61.08,-0.1
61.09,-0.3
61.1,-0.2
61.11,0.7
61.12,-0.3
61.13,0.5
61.14,-0.6
61.15,-0.6
61.16,-0.3
61.17,-0.6
61.18,-0.1
61.19,0.3
61.2,-0.5
61.21,-0.3
61.22,-0.7
61.23,-1.4
61.24,-0.3
61.25,-0.5
61.26,0.1
61.27,-0.5
61.28,-0.7
61.29,0.3
61.3,-0.3
61.31,0
61.32,0
61.33,-0.3
61.34,-0.3
61.35,0
61.36,-0.1
61.37,0.6
61.38,-1
61.39,-0.1
61.4,-0.1
61.41,-1.2
61.42,-0.8
61.43,-0.3
61.44,-0.3
61.45,-0.3
61.46,-1
61.47,-1
61.48,-0.6
61.49,-0.3
61.5,-0.3
61.51,0
61.52,-0.4
61.53,-0.3
61.54,0
61.55,0
61.56,0.7
61.57,-0.5
61.58,-0.2
61.59,0
61.6,-0.4
61.61,0
61.62,-0.9
61.63,-0.7
61.64,0
61.65,-0.2
61.66,0.2
61.67,0.2
61.68,-0.7
61.69,-0.2
61.7,-0.5
61.71,-0.9
61.72,-0.2
61.73,-0.2
61.74,-0.7
61.75,0.6
61.76,0.1
61.77,-0.5
61.78,-0.5
61.79,-0.2
61.8,-0.2
61.81,-0.2
61.82,-0.2
61.83,0
61.84,-0.6
61.85,0.7
61.86,-0.3
61.87,-0.1
61.88,0
61.89,-0.6
61.9,-1
61.91,-0.3
61.92,-0.6
61.93,-1
61.94,-0.6
61.95,-0.6
61.96,-0.3
61.97,0.3
61.98,-0.6
61.99,0.3
62,-0.3
62.01,-0.3
62.02,-0.8
62.03,0.5
62.04,0
62.05,-0.3
62.06,-0.3
62.07,-0.3
62.08,-0.6
62.09,-0.3
62.1,-0.7
62.11,-0.7
62.12,-0.3
62.13,-0.7
62.14,0
62.15,-0.5
62.16,-0.5
62.17,-0.5
62.18,-1
62.19,-0.7
62.2,-0.7
62.21,-0.7
62.22,-0.7
62.23,0.3
62.24,-0.2
62.25,-0.2
62.26,-0.3
62.27,-0.3
62.28,0
62.29,-0.3
62.3,0
62.31,-0.3
62.32,-0.3
62.33,0
62.34,-0.3
62.35,-0.3
62.36,0.2
62.37,-0.4
62.38,-0.4
62.39,-0.7
62.4,-0.4
62.41,-0.3
62.42,-0.3
62.43,-0.7
62.44,0
62.45,-0.6
62.46,0.1
62.47,0.2
62.48,-0.3
62.49,-0.3
62.5,-0.2
62.51,-0.1
62.52,0
62.53,-0.2
62.54,-0.4
62.55,-0.2
62.56,-0.7
62.57,-0.2
62.58,0
62.59,-0.5
62.6,0.6
62.61,-0.5
62.62,-0.2
62.63,-0.5
62.64,-0.5
62.65,0
62.66,-0.9
62.67,0.2
62.68,0.1
62.69,0.1
62.7,-0.1
62.71,0.1
62.72,-0.1
62.73,-0.4
62.74,-0.1
62.75,0.2
62.76,-0.1
62.77,-0.3
62.78,-0.1
62.79,0.2
62.8,0
62.81,-0.1
62.82,-0.1
62.83,-0.1
62.84,0.2
62.85,-0.4
62.86,0.1
62.87,-0.8
62.88,-0.6
62.89,-0.4
62.9,-0.2
62.91,-0.1
62.92,0.3
62.93,-0.8
62.94,0
62.95,0.2
62.96,-0.1
62.97,-0.1
62.98,0
62.99,-0.4
63,0.1
63.01,-0.8
63.02,-0.1
63.03,0.1
63.04,-0.4
63.05,0.1
63.06,-0.4
63.07,0
63.08,0.5
63.09,-0.1
63.1,-0.1
63.11,-0.4
63.12,-0.6
63.13,-0.1
63.14,-0.1
63.15,0
63.16,0.8
63.17,-0.6
63.18,0.5
63.19,0
63.2,-0.1
63.21,0.1
63.22,0.3
63.23,-0.1
63.24,0.1
63.25,0.1
63.26,0.3
63.27,0.1
63.28,-0.3
63.29,0.1
63.3,-0.6
63.31,0.1
63.32,0.5
63.33,-0.2
63.34,-0.1
63.35,-0.4
63.36,0
63.37,0.2
63.38,0
63.39,0
63.4,0.5
63.41,0
63.42,1.1
63.43,0
63.44,0.2
63.45,-0.4
63.46,0
63.47,0.1
63.48,0.2
63.49,-0.4
63.5,0.2
63.51,0.6
63.52,-0.4
63.53,-0.3
63.54,0.1
63.55,-0.3
63.56,0.3
63.57,0
63.58,0
63.59,0.1
63.6,-0.1
63.61,0.1
63.62,0.7
63.63,0.7
63.64,0.7
63.65,0
63.66,1.1
63.67,-0.2
63.68,0
63.69,0
63.7,-0.6
63.71,-0.6
63.72,0.5
63.73,0
63.74,0.2
63.75,0.7
63.76,0
63.77,0
63.78,0.4
63.79,0
63.8,0
63.81,0.4
63.82,0.2
63.83,-0.2
63.84,0.2
63.85,-0.2
63.86,1
63.87,-0.4
63.88,1
63.89,0
63.9,1.5
63.91,-0.1
63.92,0
63.93,0.8
63.94,0
63.95,0.3
63.96,1.3
63.97,0
63.98,0.3
63.99,1
64,-0.1
64.01,0.3
64.02,0.7
64.03,0
64.04,0.7
64.05,0.7
64.06,0
64.07,0
64.08,0.7
64.09,0
64.1,0.5
64.11,0.7
64.12,0.5
64.13,0
64.14,0.6
64.15,0.6
64.16,0.1
64.17,0.6
64.18,0
64.19,0
64.2,1.1
64.21,0
64.22,0.5
64.23,0.8
64.24,0.1
64.25,0.3
64.26,0.8
64.27,-1
64.28,0.2
64.29,1
64.3,0.1
64.31,0
64.32,0.6
64.33,0.5
64.34,0.3
64.35,1.1
64.36,0.4
64.37,-0.3
64.38,0.9
64.39,0.3
64.4,-0.2
64.41,0.9
64.42,-0.3
64.43,0
64.44,1.3
64.45,0.2
64.46,0.3
64.47,0.1
64.48,-0.3
64.49,0.4
64.5,0.6
64.51,-0.3
64.52,0.4
64.53,0
64.54,0.4
64.55,-0.3
64.56,0.1
64.57,0.3
64.58,-0.5
64.59,0.1
64.6,-0.1
64.61,-0.3
64.62,0.3
64.63,0.1
64.64,0
64.65,-0.6
64.66,-0.1
64.67,-0.3
64.68,0.5
64.69,-0.1
64.7,0.7
64.71,-0.1
64.72,-0.3
64.73,-0.6
64.74,-0.2
64.75,-0.3
64.76,0
64.77,-0.6
64.78,0.2
64.79,0
64.8,0
64.81,0
64.82,-0.3
64.83,0
64.84,0
64.85,-0.3
64.86,-0.2
64.87,0.3
64.88,0
64.89,0
64.9,0
64.91,0.7
64.92,0.2
64.93,-0.2
64.94,0.4
64.95,0.4
64.96,0
64.97,0
64.98,0.2
64.99,-0.6
65,0.2
65.01,-0.6
65.02,0.7
65.03,-0.1
65.04,0
65.05,0.1
65.06,-0.3
65.07,-0.1
65.08,0
65.09,-0.3
65.1,0.3
65.11,-0.3
65.12,0
65.13,0.5
65.14,-0.1
65.15,-0.4
65.16,0.3
65.17,-0.2
65.18,0.3
65.19,-0.3
65.2,-0.3
65.21,0.7
65.22,0
65.23,0.5
65.24,0.4
65.25,-0.3
65.26,0.3
65.27,-0.5
65.28,-0.3
65.29,0
65.3,-0.1
65.31,0.3
65.32,0.6
65.33,-0.6
65.34,-0.3
65.35,0.3
65.36,-0.3
65.37,0.6
65.38,-0.1
65.39,0.5
65.4,0.3
65.41,0
65.42,0
65.43,0
65.44,-0.3
65.45,0.3
65.46,-1
65.47,0
65.48,0.2
65.49,0.2
65.5,0
65.51,0.2
65.52,-0.7
65.53,0
65.54,-0.4
65.55,-0.7
65.56,-0.4
65.57,0
65.58,-1.4
65.59,0.9
65.6,0
65.61,0
65.62,0
65.63,0.2
65.64,-0.4
65.65,-0.4
65.66,-0.4
65.67,0
65.68,-0.7
65.69,0.7
65.7,-1.1
65.71,-0.4
65.72,0.2
65.73,-0.5
65.74,0.4
65.75,-0.9
65.76,-0.7
65.77,-0.4
65.78,0.2
65.79,0.6
65.8,0.2
65.81,0.6
65.82,-1.1
65.83,0.9
65.84,0.2
65.85,-0.1
65.86,-0.4
65.87,-0.1
65.88,-0.3
65.89,-0.6
65.9,0.1
65.91,-0.4
65.92,-0.1
65.93,0.1
65.94,-0.8
65.95,0.3
65.96,0.5
65.97,-0.1
65.98,0.2
65.99,-0.4
66,-0.7
66.01,-0.1
66.02,0
66.03,0.4
66.04,0.2
66.05,-0.1
66.06,-0.3
66.07,0.7
66.08,0.1
66.09,0.8
66.1,-0.5
66.11,0.5
66.12,-0.3
66.13,-0.3
66.14,0.8
66.15,-0.3
66.16,0
66.17,0.3
66.18,-1
66.19,-0.3
66.2,0.1
66.21,-0.1
66.22,0.4
66.23,-0.1
66.24,-0.5
66.25,0.4
66.26,-0.2
66.27,-0.4
66.28,0.4
66.29,0.4
66.3,0.2
66.31,0.2
66.32,0
66.33,0
66.34,-0.9
66.35,-0.2
66.36,0.4
66.37,-0.2
66.38,0
66.39,0
66.4,-0.5
66.41,0.6
66.42,0
66.43,-0.2
66.44,0.4
66.45,0
66.46,0
66.47,-0.4
66.48,-0.5
66.49,-0.2
66.5,-0.2
66.51,-0.1
66.52,0.5
66.53,-0.1
66.54,0
66.55,0.7
66.56,-0.2
66.57,-0.2
66.58,-0.2
66.59,0
66.6,0.2
66.61,-0.7
66.62,0.2
66.63,-0.9
66.64,-0.5
66.65,0.6
66.66,-0.3
66.67,-0.3
66.68,0.1
66.69,-0.5
66.7,-0.2
66.71,0.1
66.72,-0.5
66.73,-0.2
66.74,-0.1
66.75,0
66.76,-0.7
66.77,0
66.78,0
66.79,-0.9
66.8,-0.5
66.81,-0.5
66.82,-1.2
66.83,-0.1
66.84,0.5
66.85,-0.3
66.86,0
66.87,0.1
66.88,-0.5
66.89,0.1
66.9,0.1
66.91,-0.5
66.92,0.5
66.93,-0.5
66.94,-0.3
66.95,-0.4
66.96,0
66.97,-0.3
66.98,-0.1
66.99,0
67,0.3
67.01,-0.5
67.02,0.5
67.03,-0.3
67.04,-0.5
67.05,-0.3
67.06,-1.1
67.07,-0.1
67.08,0.8
67.09,-0.5
67.1,0.3
67.11,-0.1
67.12,-0.3
67.13,0.2
67.14,0.1
67.15,-0.2
67.16,0.1
67.17,-0.3
67.18,0
67.19,0.1
67.2,0.3
67.21,0.1
67.22,-0.8
67.23,-0.3
67.24,0.1
67.25,-0.5
67.26,0.3
67.27,-0.3
67.28,-0.2
67.29,-0.2
67.3,-0.3
67.31,-0.2
67.32,0.9
67.33,-0.7
67.34,-0.2
67.35,0.1
67.36,-0.5
67.37,-0.4
67.38,-0.9
67.39,-0.2
67.4,0.5
67.41,-0.6
67.42,0.3
67.43,0
67.44,0
67.45,-0.2
67.46,-0.5
67.47,-0.7
67.48,-0.2
67.49,-0.5
67.5,-0.5
67.51,0.7
67.52,0.1
67.53,-0.3
67.54,0.3
67.55,-0.1
67.56,0.3
67.57,-0.5
67.58,0.3
67.59,-0.5
67.6,0.3
67.61,-0.1
67.62,-1
67.63,-0.5
67.64,0.1
67.65,-1.1
67.66,-0.1
67.67,-0.1
67.68,-0.4
67.69,0.5
67.7,0
67.71,-0.4
67.72,0.8
67.73,-0.8
67.74,-0.4
67.75,0.3
67.76,0.3
67.77,-0.4
67.78,0
67.79,0.6
67.8,0.1
67.81,-0.3
67.82,0.5
67.83,-0.1
67.84,-0.5
67.85,0.5
67.86,-0.5
67.87,-0.3
67.88,0.1
67.89,-0.3
67.9,0
67.91,-0.1
67.92,0.1
67.93,-1.2
67.94,-0.1
67.95,-1.2
67.96,0.1
67.97,0.1
67.98,-0.2
67.99,-0.1
68,0.3
68.01,0
68.02,-0.1
68.03,0.1
68.04,-0.3
68.05,-0.6
68.06,0
68.07,0.2
68.08,0
68.09,0.2
68.1,0
68.11,0
68.12,0.2
68.13,0
68.14,0.9
68.15,-0.4
68.16,0
68.17,-0.1
68.18,-0.1
68.19,-0.4
68.2,1
68.21,-0.6
68.22,-0.1
68.23,0.3
68.24,-0.1
68.25,0
68.26,-0.4
68.27,-0.3
68.28,-0.1
68.29,-0.4
68.3,0.2
68.31,-0.2
68.32,0
68.33,0.5
68.34,-0.4
68.35,0.4
68.36,0.4
68.37,-0.2
68.38,0.1
68.39,-0.3
68.4,-0.4
68.41,0.4
68.42,-0.4
68.43,0
68.44,0
68.45,-0.2
68.46,0
68.47,0.9
68.48,-0.7
68.49,0.6
68.5,0
68.51,0
68.52,-0.5
68.53,0.6
68.54,0.6
68.55,0.3
68.56,0
68.57,0.3
68.58,0
68.59,0.6
68.6,0
68.61,0
68.62,-0.3
68.63,-0.3
68.64,-0.5
68.65,0
68.66,-0.4
68.67,0.2
68.68,0.6
68.69,0.1
68.7,0.1
68.71,0
68.72,-0.4
68.73,-0.4
68.74,0.1
68.75,0.3
68.76,0.6
68.77,0.1
68.78,0.1
68.79,0.9
68.8,0.2
68.81,0.2
68.82,-0.4
68.83,-0.5
68.84,0.2
68.85,0
68.86,0
68.87,0.1
68.88,-0.4
68.89,0.4
68.9,-0.3
68.91,0
68.92,0.3
68.93,-0.3
68.94,0.3
68.95,0
68.96,0
68.97,0.3
68.98,-0.3
68.99,0.4
69,0.7
69.01,0.2
69.02,0.6
69.03,0.9
69.04,0
69.05,1.1
69.06,-0.7
69.07,0
69.08,0
69.09,-0.3
69.1,-0.4
69.11,0
69.12,-0.3
69.13,0
69.14,0
69.15,-0.3
69.16,0
69.17,0
69.18,-0.3
69.19,0.1
69.2,-0.3
69.21,-0.3
69.22,-1
69.23,0.8
69.24,0
69.25,-0.7
69.26,0.6
69.27,0.3
69.28,-0.5
69.29,1.1
69.3,-0.3
69.31,-0.3
69.32,1.3
69.33,-0.3
69.34,-0.3
69.35,0.3
69.36,0
69.37,0.2
69.38,0.7
69.39,0
69.4,-0.4
69.41,0.3
69.42,-0.3
69.43,0.3
69.44,1
69.45,-0.3
69.46,-0.9
69.47,0.6
69.48,0.3
69.49,0
69.5,0.8
69.51,-0.1
69.52,0
69.53,1.9
69.54,-0.4
69.55,-0.1
69.56,1.5
69.57,-0.6
69.58,0.5
69.59,0.7
69.6,-0.3
69.61,0.3
69.62,0.6
69.63,-0.7
69.64,-0.1
69.65,0.1
69.66,0
69.67,0.3
69.68,0.4
69.69,-0.2
69.7,-0.7
69.71,0
69.72,0.3
69.73,-0.8
69.74,0
69.75,-0.3
69.76,-0.3
69.77,0.1
69.78,-0.8
69.79,-0.7
69.8,0.8
69.81,-0.7
69.82,-0.3
69.83,0
69.84,-0.3
69.85,0
69.86,-0.3
69.87,-0.3
69.88,0.9
69.89,0
69.9,0
69.91,0.1
69.92,-0.2
69.93,0
69.94,0.1
69.95,-0.5
69.96,0
69.97,-0.5
69.98,0
69.99,0.3
70,0.4
70.01,0.4
70.02,0
70.03,0
70.04,0.2
70.05,-0.4
70.06,-0.2
70.07,-0.4
70.08,-0.1
70.09,-0.4
70.1,-0.1
70.11,-0.4
70.12,1.2
70.13,-0.4
70.14,0
70.15,-0.4
70.16,-1.4
70.17,0
70.18,0
70.19,0.6
70.2,0.1
70.21,0
70.22,0.9
70.23,0.3
70.24,0.6
70.25,0.2
70.26,0
70.27,-0.5
70.28,0.6
70.29,-0.3
70.3,0.2
70.31,0.1
70.32,0
70.33,0.2
70.34,0.2
70.35,-0.6
70.36,0.5
70.37,-0.1
70.38,-0.1
70.39,0.7
70.4,-0.4
70.41,0
70.42,-0.7
70.43,-0.4
70.44,0.5
70.45,-0.1
70.46,0.3
70.47,0.2
70.48,0.5
70.49,-0.1
70.5,-0.3
70.51,-0.1
70.52,0
70.53,-0.6
70.54,0.2
70.55,-0.8
70.56,0
70.57,0.2
70.58,-0.4
70.59,-0.7
70.6,0.2
70.61,-0.4
70.62,0
70.63,0.2
70.64,-0.4
70.65,0.2
70.66,0.4
70.67,-0.4
70.68,0.7
70.69,0.4
70.7,-0.4
70.71,0.4
70.72,-0.2
70.73,-0.1
70.74,-0.4
70.75,-0.4
70.76,-0.3
70.77,-0.4
70.78,-0.2
70.79,-1.1
70.8,0
70.81,-0.4
70.82,-1.5
70.83,0.6
70.84,-0.1
70.85,-1.2
70.86,-0.5
70.87,-0.1
70.88,-1.2
70.89,0.1
70.9,-0.1
70.91,-0.8
70.92,0.1
70.93,-0.5
70.94,-1
70.95,0.7
70.96,-0.1
70.97,-1.2
70.98,-0.5
70.99,0.1
71,-1.2
71.01,0
71.02,-0.2
71.03,-1.2
71.04,-0.2
71.05,0.1
71.06,-1.6
71.07,-0.1
71.08,-0.2
71.09,-0.1
71.1,-0.3
71.11,0.1
71.12,-1
71.13,0.4
71.14,-0.5
71.15,-0.8
71.16,0
71.17,-0.1
71.18,-0.5
71.19,0.5
71.2,-0.5
71.21,0.1
71.22,-0.3
71.23,0.8
71.24,-0.5
71.25,0.6
71.26,0.4
71.27,-0.2
71.28,-0.3
71.29,-0.2
71.3,-0.1
71.31,-0.5
71.32,0.3
71.33,0
71.34,0.1
71.35,0.3
71.36,-0.4
71.37,0
71.38,0.3
71.39,-0.3
71.4,-0.1
71.41,-0.4
71.42,0.2
71.43,0.1
71.44,-0.1
71.45,1
71.46,-0.1
71.47,0
71.48,0
71.49,-0.1
71.5,-0.5
71.51,-0.3
71.52,-1.3
71.53,-0.1
71.54,0
71.55,-0.1
71.56,0.3
71.57,0
71.58,0.3
71.59,0.7
71.6,-0.4
71.61,0
71.62,-0.7
71.63,0.4
71.64,0
71.65,0
71.66,0
71.67,0.2
71.68,0
71.69,0.2
71.7,0.2
71.71,-0.4
71.72,0.6
71.73,0
71.74,0
71.75,0
71.76,-0.4
71.77,0.2
71.78,0
71.79,-0.4
71.8,0
71.81,0
71.82,0
71.83,0.2
71.84,0
71.85,0.1
71.86,-0.4
71.87,0
71.88,-0.1
71.89,-0.6
71.9,0.1
71.91,0.3
71.92,-0.1
71.93,-0.5
71.94,-0.1
71.95,-0.5
71.96,0.1
71.97,0
71.98,-0.1
71.99,-1
72,-0.1
72.01,-0.5
72.02,0.8
72.03,0.1
72.04,-0.3
72.05,0.1
72.06,-0.1
72.07,-0.9
72.08,0
72.09,-0.2
72.1,-0.5
72.11,0.3
72.12,-0.2
72.13,-0.5
72.14,-0.5
72.15,0.1
72.16,-0.5
72.17,0.1
72.18,-0.5
72.19,-0.5
72.2,0.1
72.21,-0.5
72.22,0.8
72.23,0
72.24,0.1
72.25,0.5
72.26,-0.3
72.27,-0.1
72.28,0
72.29,-0.1
72.3,0.2
72.31,0.2
72.32,0
72.33,0
72.34,0
72.35,0.2
72.36,0.2
72.37,-0.4
72.38,0.6
72.39,0
72.4,-0.4
72.41,0.9
72.42,-0.2
72.43,-0.7
72.44,1.3
72.45,0
72.46,0.9
72.47,-0.5
72.48,0
72.49,0.3
72.5,0.1
72.51,0
72.52,0.6
72.53,0.1
72.54,0.5
72.55,0.1
72.56,-0.3
72.57,0.5
72.58,0.1
72.59,0.3
72.6,0.8
72.61,-0.4
72.62,0.8
72.63,0
72.64,-0.3
72.65,0.3
72.66,0
72.67,0
72.68,0.3
72.69,-0.6
72.7,0
72.71,-0.6
72.72,-0.6
72.73,0.1
72.74,-0.8
72.75,0
72.76,0.9
72.77,0
72.78,0
72.79,0.9
72.8,0
72.81,0
72.82,0.2
72.83,0
72.84,0
72.85,0
72.86,-0.3
72.87,0.3
72.88,0.6
72.89,-0.1
72.9,-0.1
72.91,0.2
72.92,0
72.93,0
72.94,-0.1
72.95,-0.3
72.96,-0.3
72.97,0.5
72.98,0.1
72.99,0.7
73,0.8
73.01,0.3
73.02,0
73.03,0.6
73.04,-0.3
73.05,0.3
73.06,-0.3
73.07,0
73.08,0.2
73.09,0
73.1,-0.2
73.11,0.3
73.12,0
73.13,0.3
73.14,0
73.15,-0.2
73.16,0
73.17,0
73.18,0.9
73.19,0
73.2,0
73.21,0.6
73.22,0
73.23,0.4
73.24,0.2
73.25,0
73.26,-0.4
73.27,0.2
73.28,0
73.29,-0.4
73.3,0
73.31,0.6
73.32,0.1
73.33,0.1
73.34,-0.3
73.35,0.4
73.36,-0.3
73.37,0.6
73.38,-0.3
73.39,0.1
73.4,-0.2
73.41,0.2
73.42,0.2
73.43,0.4
73.44,0.4
73.45,0
73.46,-0.4
73.47,0
73.48,0.2
73.49,0
73.5,0.4
73.51,0.2
73.52,-0.3
73.53,0
73.54,0.3
73.55,0.4
73.56,0.3
73.57,0.1
73.58,-0.5
73.59,0.1
73.6,-0.3
73.61,0.8
73.62,-0.1
73.63,-0.1
73.64,0.3
73.65,-0.3
73.66,0.3
73.67,-0.3
73.68,-0.8
73.69,-0.3
73.7,-0.3
73.71,-0.5
73.72,0
73.73,0.1
73.74,0
73.75,0.1
73.76,-1
73.77,0
73.78,0
73.79,0
73.8,0.5
73.81,0
73.82,-0.6
73.83,0
73.84,-0.3
73.85,0.3
73.86,-0.3
73.87,-0.1
73.88,0.7
73.89,-0.3
73.9,0.2
73.91,-0.9
73.92,-0.4
73.93,-0.2
73.94,-0.6
73.95,-0.2
73.96,0.3
73.97,-0.1
73.98,0.5
73.99,0.6
74,-0.3
74.01,-0.1
74.02,-0.1
74.03,-0.1
74.04,1
74.05,-0.6
74.06,0.1
74.07,0.3
74.08,-0.3
74.09,0
74.1,0.1
74.11,-0.5
74.12,0.5
74.13,0
74.14,0
74.15,-0.6
74.16,0
74.17,0.2
74.18,0.6
74.19,0
74.2,0.9
74.21,-0.4
74.22,0.2
74.23,-0.3
74.24,-0.7
74.25,0
74.26,-0.3
74.27,0
74.28,0.1
74.29,0.3
74.3,0.1
74.31,0.5
74.32,0.1
74.33,0.3
74.34,0.1
74.35,-0.3
74.36,0.3
74.37,-0.3
74.38,0
74.39,-0.3
74.4,0
74.41,0.1
74.42,0.3
74.43,0
74.44,-0.3
74.45,-0.7
74.46,0
74.47,0.3
74.48,0.3
74.49,-0.3
74.5,0.1
74.51,-0.3
74.52,0.1
74.53,-1
74.54,0.5
74.55,1.2
74.56,0
74.57,-0.3
74.58,-0.6
74.59,-0.3
74.6,0
74.61,-0.3
74.62,0.3
74.63,-0.8
74.64,0.5
74.65,-1.3
74.66,-1.1
74.67,-0.3
74.68,-0.3
74.69,-0.2
74.7,0
74.71,0.4
74.72,-0.2
74.73,0
74.74,0
74.75,0
74.76,0.5
74.77,-0.2
74.78,0
74.79,0.2
74.8,0
74.81,0.3
74.82,-0.2
74.83,0
74.84,0.2
74.85,0.1
74.86,0
74.87,-0.3
74.88,0
74.89,0.3
74.9,-0.6
74.91,-0.3
74.92,-0.1
74.93,0.1
74.94,0
74.95,0.3
74.96,-0.6
74.97,1
74.98,-0.3
74.99,-0.2
75,0.2
75.01,-0.3
75.02,-0.4
75.03,0.1
75.04,0
75.05,0.7
75.06,-0.2
75.07,0
75.08,0
75.09,0.1
75.1,0.4
75.11,-0.7
75.12,-0.2
75.13,0.1
75.14,0.2
75.15,0
75.16,0.2
75.17,-0.2
75.18,0
75.19,0.2
75.2,-0.4
75.21,0
75.22,-0.9
75.23,-0.4
75.24,-0.2
75.25,-0.4
75.26,-0.4
75.27,0.5
75.28,-0.4
75.29,-0.1
75.3,-0.4
75.31,-0.2
75.32,0.2
75.33,-0.4
75.34,-0.4
75.35,-0.1
75.36,-0.3
75.37,0.1
75.38,-0.4
75.39,-0.1
75.4,0.2
75.41,-0.4
75.42,0.7
75.43,-0.6
75.44,-0.4
75.45,-0.1
75.46,-0.4
75.47,-0.1
75.48,-0.4
75.49,0
75.5,0.6
75.51,0.2
75.52,0
75.53,-0.1
75.54,-0.4
75.55,-0.4
75.56,0
75.57,-0.8
75.58,0.2
75.59,0
75.6,-0.1
75.61,0.2
75.62,-0.6
75.63,0.2
75.64,0.4
75.65,-0.3
75.66,0
75.67,-0.2
75.68,0.1
75.69,0.6
75.7,-0.2
75.71,-0.4
75.72,0.7
75.73,0
75.74,0
75.75,0.2
75.76,0
75.77,0.4
75.78,0
75.79,-0.7
75.8,0.2
75.81,0
75.82,-0.1
75.83,-0.4
75.84,0.6
75.85,0
75.86,0
75.87,-0.7
75.88,0.4
75.89,0
75.9,0
75.91,0.2
75.92,0.4
75.93,-0.4
75.94,0.4
75.95,0.2
75.96,0.5
75.97,-0.2
75.98,0
75.99,0
76,0
76.01,0
76.02,0
76.03,-0.7
76.04,0.8
76.05,0.1
76.06,0.7
76.07,0
76.08,-0.4
76.09,0.2
76.1,0
76.11,-0.1
76.12,0.2
76.13,-0.4
76.14,0
76.15,0.1
76.16,-0.1
76.17,0.2
76.18,-0.4
76.19,-0.6
76.2,-0.4
76.21,-0.8
76.22,0.2
76.23,-0.4
76.24,-0.3
76.25,0.2
76.26,0
76.27,-0.8
76.28,0.8
76.29,-0.4
76.3,-0.1
76.31,-0.1
76.32,-0.8
76.33,-0.2
76.34,-0.5
76.35,-0.2
76.36,-0.2
76.37,-0.7
76.38,-0.5
76.39,0
76.4,-1
76.41,-0.1
76.42,-0.8
76.43,-0.1
76.44,-0.5
76.45,-0.5
76.46,0
76.47,0.4
76.48,-0.7
76.49,0.6
76.5,0.1
76.51,-0.5
76.52,0.1
76.53,-0.1
76.54,0.1
76.55,-0.5
76.56,-0.1
76.57,-0.1
76.58,-0.1
76.59,-0.1
76.6,-0.4
76.61,-0.4
76.62,0.3
76.63,0.5
76.64,-0.1
76.65,-0.1
76.66,0
76.67,0.4
76.68,0.7
76.69,0
76.7,0
76.71,0.4
76.72,-0.6
76.73,0
76.74,0
76.75,0
76.76,0.2
76.77,0
76.78,0
76.79,0
76.8,0
76.81,0.6
76.82,0
76.83,0.2
76.84,-0.4
76.85,-0.4
76.86,0.4
76.87,0.9
76.88,0
76.89,0.2
76.9,-0.4
76.91,0.4
76.92,0.7
76.93,0
76.94,-0.1
76.95,0.4
76.96,-0.6
76.97,0.2
76.98,-0.4
76.99,-0.2
77,0.4
77.01,-0.4
77.02,-0.2
77.03,0
77.04,-0.8
77.05,0.2
77.06,-0.4
77.07,-0.1
77.08,-0.1
77.09,-0.6
77.1,-0.8
77.11,0.2
77.12,-0.4
77.13,-0.4
77.14,-0.2
77.15,-0.1
77.16,0
77.17,-0.1
77.18,-0.4
77.19,0.2
77.2,-0.1
77.21,-0.4
77.22,-0.8
77.23,-0.6
77.24,0.2
77.25,-0.6
77.26,0.2
77.27,-0.4
77.28,-0.4
77.29,-0.1
77.3,-0.1
77.31,-0.8
77.32,0.3
77.33,-0.1
77.34,-0.2
77.35,0
77.36,-0.1
77.37,-0.1
77.38,-0.1
77.39,-0.4
77.4,0.3
77.41,-0.1
77.42,0.2
77.43,-0.1
77.44,0.5
77.45,1
77.46,-0.8
77.47,0.4
77.48,-0.1
77.49,-0.9
77.5,-0.4
77.51,-0.1
77.52,-0.4
77.53,0.2
77.54,0
77.55,-0.6
77.56,1.4
77.57,-0.1
77.58,-0.2
77.59,0.4
77.6,-0.7
77.61,0.2
77.62,-0.2
77.63,-0.4
77.64,0
77.65,0
77.66,0.9
77.67,-0.4
77.68,0.2
77.69,0.6
77.7,-0.4
77.71,0.1
77.72,0.1
77.73,-0.8
77.74,0
77.75,0
77.76,-0.4
77.77,-0.1
77.78,0.2
77.79,0.2
77.8,0.7
77.81,-0.3
77.82,0
77.83,0.3
77.84,-0.3
77.85,0
77.86,0.1
77.87,-0.5
77.88,0
77.89,-0.3
77.9,-0.3
77.91,0.7
77.92,-0.3
77.93,0
77.94,-0.9
77.95,-0.4
77.96,0.2
77.97,-0.3
77.98,0.7
77.99,-0.3
78,-0.1
78.01,0.1
78.02,-0.3
78.03,-0.3
78.04,0.3
78.05,-0.8
78.06,0
78.07,0.3
78.08,0
78.09,0.1
78.1,0
78.11,0
78.12,0
78.13,-0.3
78.14,0
78.15,0.5
78.16,0
78.17,0
78.18,0.1
78.19,-0.3
78.2,0.6
78.21,0.6
78.22,0.2
78.23,-0.1
78.24,0.1
78.25,0
78.26,-0.3
78.27,-0.4
78.28,0.6
78.29,0.1
78.3,0.6
78.31,0.4
78.32,0.2
78.33,0.6
78.34,0.1
78.35,0
78.36,0.6
78.37,0
78.38,0
78.39,0.6
78.4,0
78.41,0.9
78.42,-0.3
78.43,0.2
78.44,0
78.45,0.1
78.46,0
78.47,0
78.48,0
78.49,0.2
78.5,-0.4
78.51,0
78.52,0.4
78.53,0.2
78.54,0.2
78.55,0.4
78.56,0
78.57,0.4
78.58,-0.2
78.59,0.5
78.6,-0.1
78.61,-0.1
78.62,-0.1
78.63,0.2
78.64,-0.6
78.65,-0.1
78.66,0
78.67,-0.4
78.68,0
78.69,0
78.7,0
78.71,0
78.72,-0.2
78.73,0
78.74,-0.3
78.75,0.1
78.76,0
78.77,0
78.78,0.4
78.79,0
78.8,-0.3
78.81,0.1
78.82,-0.9
78.83,-0.3
78.84,0.4
78.85,-0.3
78.86,0.3
78.87,0.8
78.88,-0.3
78.89,0
78.9,0.1
78.91,0
78.92,0.5
78.93,0.1
78.94,-0.1
78.95,0
78.96,1
78.97,0
78.98,-0.3
78.99,0.8
79,0.8
79.01,-0.3
79.02,0.2
79.03,0.7
79.04,0
79.05,0.2
79.06,0.2
79.07,0.2
79.08,0.4
79.09,0
79.1,0
79.11,0.5
79.12,0
79.13,0
79.14,0.7
79.15,-1
79.16,0.7
79.17,0.5
79.18,0.1
79.19,-0.3
79.2,0.8
79.21,0.2
79.22,0.2
79.23,0
79.24,0
79.25,-0.3
79.26,0.3
79.27,0.6
79.28,0.3
79.29,-0.3
79.3,-0.3
79.31,0
79.32,0.5
79.33,-0.4
79.34,0.5
79.35,0.5
79.36,0
79.37,0.5
79.38,0
79.39,-0.3
79.4,-0.3
79.41,-0.1
79.42,0
79.43,-0.3
79.44,-0.5
79.45,0
79.46,-0.3
79.47,-0.3
79.48,0.3
79.49,-0.1
79.5,-0.1
79.51,0.3
79.52,0
79.53,0
79.54,-0.3
79.55,0
79.56,0.1
79.57,0
79.58,0
79.59,0
79.6,0.1
79.61,0
79.62,0
79.63,-0.3
79.64,-0.5
79.65,-0.5
79.66,0
79.67,-0.7
79.68,-0.3
79.69,0.3
79.7,-0.3
79.71,-0.5
79.72,1
79.73,0.5
79.74,0.1
79.75,0.6
79.76,-0.3
79.77,0.3
79.78,0.6
79.79,0
79.8,-0.3
79.81,0.8
79.82,0
79.83,0.7
79.84,0.7
79.85,0.3
79.86,-0.1
79.87,0.7
79.88,0
79.89,-0.2
79.9,1.4
79.91,0.4
79.92,-0.2
79.93,1.6
79.94,-0.3
79.95,-0.3
79.96,1.3
79.97,-0.1
79.98,-0.4
79.99,1.4
80,0
80.01,0
80.02,0.5
80.03,0.4
80.04,-0.3
80.05,0.9
80.06,0.5
80.07,0.5
80.08,0.7
80.09,0.3
80.1,-0.2
80.11,0.3
80.12,0.2
80.13,0
80.14,0.7
80.15,0.5
80.16,-0.3
80.17,1
80.18,-0.4
80.19,-0.8
80.2,0.3
80.21,-0.6
80.22,-0.4
80.23,0.3
80.24,0
80.25,-0.1
80.26,-0.3
80.27,0.3
80.28,0
80.29,0
80.3,0
80.31,-0.3
80.32,-0.3
80.33,0
80.34,-0.7
80.35,-0.5
80.36,0.5
80.37,0
80.38,0
80.39,-0.8
80.4,-0.1
80.41,0.3
80.42,-0.3
80.43,-0.5
80.44,0.1
80.45,-0.3
80.46,0.2
80.47,0.6
80.48,0
80.49,0.1
80.5,0.1
80.51,-0.2
80.52,0.6
80.53,-0.4
80.54,-0.2
80.55,0
80.56,-0.4
80.57,0.2
80.58,-0.1
80.59,-0.6
80.6,0.7
80.61,0.2
80.62,-0.1
80.63,-0.4
80.64,-0.1
80.65,0
80.66,-0.2
80.67,-0.1
80.68,1.2
80.69,0
80.7,0.8
80.71,-0.1
80.72,-0.1
80.73,0.1
80.74,-0.5
80.75,0.1
80.76,0.3
80.77,-0.4
80.78,0.2
80.79,0.9
80.8,0
80.81,0.2
80.82,0
80.83,-0.3
80.84,0.6
80.85,-0.7
80.86,0.2
80.87,-0.4
80.88,-0.2
80.89,-0.2
80.9,-0.5
80.91,-0.7
80.92,0.2
80.93,-0.5
80.94,-0.4
80.95,0.2
80.96,0.1
80.97,0.6
80.98,-0.5
80.99,0.1
81,0.1
81.01,-0.3
81.02,0
81.03,-0.3
81.04,0.3
81.05,0
81.06,0.1
81.07,-0.7
81.08,0.3
81.09,0
81.1,0
81.11,-0.3
81.12,0.1
81.13,-0.2
81.14,-0.2
81.15,-0.2
81.16,-0.7
81.17,-0.8
81.18,0
81.19,-0.6
81.2,-0.1
81.21,1
81.22,-0.5
81.23,0
81.24,1
81.25,-0.7
81.26,0
81.27,0.1
81.28,-0.7
81.29,0
81.3,-0.3
81.31,-0.9
81.32,0.9
81.33,0.2
81.34,-1.1
81.35,0
81.36,-1.1
81.37,-0.4
81.38,-0.1
81.39,0.3
81.4,-0.8
81.41,0.3
81.42,-0.1
81.43,0
81.44,-0.1
81.45,0
81.46,-1.2
81.47,-0.2
81.48,0.4
81.49,-1
81.5,0.3
81.51,-0.1
81.52,-1.7
81.53,0.4
81.54,0.1
81.55,-1.7
81.56,-0.1
81.57,-0.3
81.58,-1.2
81.59,-0.1
81.6,-1.2
81.61,-0.5
81.62,0
81.63,-0.5
81.64,-0.5
81.65,0
81.66,0
81.67,-0.7
81.68,-0.5
81.69,-0.3
81.7,-1.2
81.71,0.3
81.72,0.1
81.73,-0.8
81.74,-0.5
81.75,0.1
81.76,-0.5
81.77,0.6
81.78,-0.4
81.79,-0.8
81.8,0
81.81,-0.6
81.82,-0.1
81.83,-0.3
81.84,-0.4
81.85,-0.1
81.86,-0.8
81.87,0.5
81.88,0
81.89,-0.4
81.9,0
81.91,0.4
81.92,-0.7
81.93,-0.1
81.94,0.2
81.95,-0.4
81.96,1.2
81.97,-0.2
81.98,-0.1
81.99,-0.1
82,-0.2
82.01,0.2
82.02,-0.7
82.03,0
82.04,0
82.05,0
82.06,0.6
82.07,0.1
82.08,0
82.09,0.9
82.1,0
82.11,-0.4
82.12,0.9
82.13,0
82.14,0.4
82.15,0.6
82.16,0.5
82.17,0
82.18,0.4
82.19,-0.4
82.2,0.4
82.21,0
82.22,0.2
82.23,0.2
82.24,0.4
82.25,0.2
82.26,0
82.27,0
82.28,0.4
82.29,-0.4
82.3,0.4
82.31,-0.7
82.32,0
82.33,-0.1
82.34,-0.2
82.35,-0.7
82.36,0.7
82.37,-0.1
82.38,0.3
82.39,0.2
82.4,-0.4
82.41,-0.1
82.42,-0.3
82.43,-0.6
82.44,0
82.45,-0.1
82.46,-0.3
82.47,-0.3
82.48,-0.1
82.49,-0.1
82.5,-0.3
82.51,0.5
82.52,-0.5
82.53,-0.5
82.54,0
82.55,-1
82.56,-0.2
82.57,0.1
82.58,-0.6
82.59,-0.3
82.6,0.3
82.61,-0.8
82.62,0.1
82.63,0.5
82.64,-1
82.65,0.2
82.66,-0.1
82.67,-0.6
82.68,0.2
82.69,0.3
82.7,-1
82.71,1.7
82.72,0.1
82.73,1
82.74,-0.1
82.75,0
82.76,-0.1
82.77,-0.5
82.78,-0.1
82.79,-0.4
82.8,-0.1
82.81,0.5
82.82,-1.1
82.83,0
82.84,0.7
82.85,-0.6
82.86,-0.2
82.87,1.1
82.88,-0.1
82.89,0
82.9,-0.4
82.91,0.4
82.92,0.2
82.93,0.5
82.94,-0.6
82.95,0
82.96,-0.4
82.97,0.2
82.98,-0.5
82.99,0
83,-0.3
83.01,-0.3
83.02,0
83.03,0.1
83.04,-0.1
83.05,0.5
83.06,0
83.07,-0.3
83.08,0
83.09,0.3
83.1,0.1
83.11,1
83.12,-1
83.13,0
83.14,-0.3
83.15,0
83.16,0.6
83.17,0
83.18,0
83.19,0.3
83.2,-0.3
83.21,0
83.22,0
83.23,-0.1
83.24,0
83.25,-0.5
83.26,0
83.27,-0.6
83.28,-0.3
83.29,-0.6
83.3,-0.1
83.31,0
83.32,0
83.33,-0.1
83.34,0.3
83.35,0
83.36,0.1
83.37,-0.3
83.38,0.3
83.39,0.1
83.4,0.6
83.41,-0.5
83.42,0.1
83.43,0.8
83.44,0.6
83.45,0.9
83.46,0
83.47,-0.7
83.48,0.6
83.49,-0.9
83.5,0.2
83.51,-0.7
83.52,0
83.53,-0.4
83.54,-0.5
83.55,0
83.56,0.9
83.57,0.1
83.58,0.1
83.59,-0.3
83.6,-0.4
83.61,-0.2
83.62,-0.1
83.63,-0.1
83.64,0.7
83.65,-0.4
83.66,-0.1
83.67,0.1
83.68,0
83.69,0.2
83.7,-0.3
83.71,-0.4
83.72,0.2
83.73,-0.2
83.74,-0.2
83.75,-0.7
83.76,-0.4
83.77,-0.7
83.78,0.2
83.79,0.2
83.8,0
83.81,0.2
83.82,0
83.83,0.6
83.84,0.2
83.85,0.2
83.86,-0.6
83.87,0.2
83.88,0.5
83.89,-0.4
83.9,0
83.91,0
83.92,-0.7
83.93,0.9
83.94,-0.1
83.95,-0.3
83.96,1
83.97,0.1
83.98,0.4
83.99,0.1
84,-0.7
84.01,0.2
84.02,0.3
84.03,0
84.04,0.2
84.05,0.2
84.06,-0.4
84.07,0
84.08,0.4
84.09,0
84.1,-0.3
84.11,0.6
84.12,0.2
84.13,0
84.14,0.8
84.15,0.2
84.16,-0.3
84.17,1.6
84.18,-0.7
84.19,0
84.2,0.9
84.21,-0.7
84.22,-0.3
84.23,0
84.24,-0.3
84.25,0.1
84.26,0.3
84.27,-0.7
84.28,0.6
84.29,0.6
84.3,0.3
84.31,0
84.32,0.6
84.33,0
84.34,-0.6
84.35,0.6
84.36,0
84.37,-1
84.38,0.5
84.39,0
84.4,0.3
84.41,0.3
84.42,-1
84.43,-0.6
84.44,0
84.45,-0.5
84.46,0
84.47,0
84.48,0.3
84.49,0.1
84.5,-0.1
84.51,-0.1
84.52,0.6
84.53,-0.3
84.54,0.3
84.55,0.3
84.56,-0.3
84.57,0
84.58,0
84.59,0.1
84.6,0
84.61,-0.3
84.62,0
84.63,0
84.64,-0.3
84.65,0
84.66,0
84.67,-0.3
84.68,0.4
84.69,-0.7
84.7,0.9
84.71,0
84.72,0.6
84.73,0.4
84.74,-0.3
84.75,-1
84.76,0.8
84.77,0.3
84.78,0.4
84.79,0.4
84.8,-0.1
84.81,-0.6
84.82,0.1
84.83,0
84.84,0.3
84.85,-0.6
84.86,0.3
84.87,0.3
84.88,0.3
84.89,0
84.9,0.1
84.91,-0.3
84.92,0.3
84.93,0.2
84.94,-0.3
84.95,-0.3
84.96,-0.3
84.97,0
84.98,0
84.99,0
85,0.5
85.01,-0.1
85.02,-0.1
85.03,0.5
85.04,-0.3
85.05,0
85.06,-0.2
85.07,-0.2
85.08,-0.1
85.09,0
85.1,0.3
85.11,0
85.12,-0.3
85.13,0.8
85.14,0
85.15,-0.6
85.16,0.3
85.17,-0.3
85.18,0.3
85.19,-0.4
85.2,-0.2
85.21,-0.1
85.22,0
85.23,0.8
85.24,0.3
85.25,0
85.26,0.3
85.27,0.3
85.28,-0.3
85.29,0
85.3,0
85.31,-0.2
85.32,0.3
85.33,0
85.34,-0.2
85.35,0.5
85.36,-0.2
85.37,0
85.38,-0.3
85.39,-0.8
85.4,0.3
85.41,0.7
85.42,0.3
85.43,-0.1
85.44,-0.3
85.45,0.3
85.46,-0.3
85.47,-0.6
85.48,-0.1
85.49,-0.1
85.5,0
85.51,0.3
85.52,-0.3
85.53,0.3
85.54,-0.6
85.55,-0.3
85.56,0.3
85.57,-1
85.58,0
85.59,-0.3
85.6,-0.3
85.61,0
85.62,0
85.63,-0.5
85.64,0.3
85.65,0.1
85.66,-0.2
85.67,-0.5
85.68,-0.3
85.69,-0.3
85.7,-0.3
85.71,-0.3
85.72,0
85.73,-0.3
85.74,0
85.75,0.3
85.76,0
85.77,0.1
85.78,-0.5
85.79,0
85.8,0.9
85.81,-0.4
85.82,0.4
85.83,-0.1
85.84,-0.1
85.85,0.1
85.86,-0.1
85.87,-0.4
85.88,0.5
85.89,-0.4
85.9,0.2
85.91,-0.1
85.92,0
85.93,0.2
85.94,0.6
85.95,-0.4
85.96,0.7
85.97,-0.1
85.98,-0.1
85.99,0
86,-0.4
86.01,-0.1
86.02,-0.1
86.03,0.2
86.04,0.2
86.05,0
86.06,0
86.07,0.2
86.08,0
86.09,0
86.1,0.1
86.11,-1.1
86.12,0.6
86.13,-0.4
86.14,0
86.15,-0.4
86.16,-0.1
86.17,0
86.18,-0.2
86.19,-0.2
86.2,-0.2
86.21,-0.3
86.22,0
86.23,-0.4
86.24,0
86.25,0.2
86.26,-0.2
86.27,-0.1
86.28,0.2
86.29,0
86.3,-0.1
86.31,-0.1
86.32,-0.2
86.33,0.7
86.34,0
86.35,0
86.36,0
86.37,0.2
86.38,0
86.39,0
86.4,-0.3
86.41,-0.3
86.42,-0.2
86.43,0
86.44,-0.3
86.45,0.4
86.46,0
86.47,1.1
86.48,0.2
86.49,0.8
86.5,-0.5
86.51,0.6
86.52,-0.2
86.53,0
86.54,0
86.55,0
86.56,-0.7
86.57,0.6
86.58,-0.5
86.59,0
86.6,0.4
86.61,-0.5
86.62,0
86.63,-0.7
86.64,0.2
86.65,0.7
86.66,-0.4
86.67,0.2
86.68,0.5
86.69,-0.2
86.7,-0.1
86.71,0.2
86.72,-0.4
86.73,-0.1
86.74,-0.4
86.75,-0.1
86.76,0.1
86.77,0
86.78,-1
86.79,0.3
86.8,0
86.81,0.1
86.82,0.1
86.83,-0.8
86.84,0.1
86.85,-0.5
86.86,0.1
86.87,-0.3
86.88,-0.3
86.89,0.1
86.9,-0.7
86.91,-0.5
86.92,0.6
86.93,-0.8
86.94,-0.2
86.95,0.1
86.96,0
86.97,-0.2
86.98,0.1
86.99,-0.5
87,0.9
87.01,-0.9
87.02,0.1
87.03,0.9
87.04,0.4
87.05,-0.2
87.06,0
87.07,0.1
87.08,0.6
87.09,-0.3
87.1,-0.1
87.11,-0.4
87.12,0
87.13,-0.1
87.14,0
87.15,-0.1
87.16,0
87.17,-0.4
87.18,0
87.19,0.7
87.2,-0.1
87.21,0.5
87.22,-0.4
87.23,-1.1
87.24,0.2
87.25,-0.1
87.26,0.5
87.27,0.2
87.28,-0.6
87.29,0.2
87.3,-0.6
87.31,-0.1
87.32,0.6
87.33,0
87.34,0.2
87.35,-0.4
87.36,-0.4
87.37,0
87.38,0
87.39,-0.1
87.4,0
87.41,-0.7
87.42,0.2
87.43,0.2
87.44,-0.4
87.45,0
87.46,0
87.47,-0.2
87.48,0.9
87.49,0.5
87.5,0.5
87.51,0.9
87.52,-0.1
87.53,0.4
87.54,0.2
87.55,0.2
87.56,-0.1
87.57,-0.1
87.58,-0.1
87.59,-0.1
87.6,0.2
87.61,0.9
87.62,-0.1
87.63,-0.1
87.64,0.2
87.65,-0.4
87.66,-0.1
87.67,0.7
87.68,-0.4
87.69,-0.4
87.7,-0.4
87.71,0
87.72,0.3
87.73,-0.4
87.74,0.5
87.75,0.2
87.76,-0.9
87.77,-0.1
87.78,-0.2
87.79,-0.4
87.8,0.2
87.81,-0.4
87.82,0.3
87.83,-0.4
87.84,0
87.85,-0.1
87.86,-0.4
87.87,-0.1
87.88,-0.1
87.89,-0.1
87.9,0
87.91,0.1
87.92,-0.6
87.93,0.5
87.94,0
87.95,-0.1
87.96,0.8
87.97,-0.5
87.98,-0.5
87.99,0.3
88,0
88.01,0.7
88.02,-0.1
88.03,0.2
88.04,0.2
88.05,-0.4
88.06,-0.1
88.07,-0.1
88.08,0
88.09,0.1
88.1,-0.1
88.11,-0.4
88.12,0.3
88.13,-0.4
88.14,0.3
88.15,0.2
88.16,0
88.17,-0.2
88.18,-0.5
88.19,0.2
88.2,0
88.21,0
88.22,0.1
88.23,0.3
88.24,-0.2
88.25,0.6
88.26,-0.4
88.27,0.1
88.28,0.3
88.29,0
88.3,0.1
88.31,0.3
88.32,0
88.33,-0.1
88.34,-0.3
88.35,-0.3
88.36,0.3
88.37,-0.3
88.38,0.6
88.39,0.3
88.4,-0.1
88.41,0
88.42,0.3
88.43,0.1
88.44,0.3
88.45,-0.3
88.46,0.3
88.47,0.4
88.48,0
88.49,0.5
88.5,-0.3
88.51,0
88.52,0.5
88.53,0.6
88.54,0.6
88.55,0
88.56,0
88.57,0.3
88.58,0
88.59,0
88.6,0.3
88.61,0
88.62,0
88.63,0.8
88.64,0
88.65,0.3
88.66,0
88.67,0.3
88.68,-0.3
88.69,0
88.7,0.3
88.71,0.6
88.72,-0.4
88.73,1.1
88.74,-0.2
88.75,0.4
88.76,0.4
88.77,-0.7
88.78,0
88.79,-0.5
88.8,-0.6
88.81,0
88.82,-0.4
88.83,-0.4
88.84,0.5
88.85,0.4
88.86,0.2
88.87,-0.1
88.88,-0.1
88.89,0
88.9,-0.9
88.91,0.2
88.92,0.5
88.93,-0.6
88.94,-0.1
88.95,0.8
88.96,-0.5
88.97,-0.3
88.98,-0.1
88.99,-0.1
89,0.2
89.01,-0.4
89.02,0.1
89.03,-0.2
89.04,0
89.05,0.3
89.06,0
89.07,-0.6
89.08,-0.1
89.09,-0.4
89.1,0.2
89.11,0.2
89.12,0
89.13,-0.2
89.14,-0.9
89.15,-0.1
89.16,0.3
89.17,-0.1
89.18,0.2
89.19,-0.2
89.2,0.5
89.21,0.5
89.22,0
89.23,-0.4
89.24,0.9
89.25,-0.6
89.26,0.7
89.27,-0.1
89.28,-0.1
89.29,-0.2
89.3,-0.1
89.31,-0.8
89.32,0.2
89.33,0
89.34,0.2
89.35,0.2
89.36,0.2
89.37,0
89.38,-0.1
89.39,0
89.4,0.2
89.41,0
89.42,0
89.43,0.2
89.44,0
89.45,0.2
89.46,0
89.47,0
89.48,0
89.49,0
89.5,-0.4
89.51,-1
89.52,-0.3
89.53,-0.1
89.54,-0.3
89.55,-0.7
89.56,0.8
89.57,0
89.58,1
89.59,0
89.6,-0.6
89.61,0
89.62,-0.3
89.63,-0.1
89.64,0.3
89.65,-0.3
89.66,0.1
89.67,0.3
89.68,-0.3
89.69,0.5
89.7,0.3
89.71,-0.2
89.72,0.2
89.73,0
89.74,0.5
89.75,-0.3
89.76,-0.2
89.77,0.9
89.78,-0.1
89.79,0
89.8,0.2
89.81,0.3
89.82,0
89.83,0
89.84,-0.1
89.85,0.3
89.86,-0.2
89.87,1.2
89.88,0.3
89.89,-0.1
89.9,0
89.91,0
89.92,0
89.93,0.3
89.94,0
89.95,-0.4
89.96,0
89.97,-0.3
89.98,0
89.99,0
90,-0.3
90.01,-0.5
90.02,-0.6
90.03,-0.1
90.04,-1
90.05,-0.3
90.06,0.1
90.07,0.3
90.08,0
90.09,0.6
90.1,-0.3
90.11,-0.3
90.12,1
90.13,-0.7
90.14,0.1
90.15,0.2
90.16,-0.4
90.17,0.2
90.18,0.1
90.19,-0.3
90.2,0.3
90.21,0
90.22,0
90.23,-0.8
90.24,-0.3
90.25,0.3
90.26,0.1
90.27,0.1
90.28,0.3
90.29,-1
90.3,1.3
90.31,1
90.32,-0.3
90.33,0.3
90.34,-0.3
90.35,0
90.36,1.2
90.37,0.2
90.38,0.3
90.39,1
90.4,-0.2
90.41,0.7
90.42,0.7
90.43,-0.4
90.44,0.4
90.45,0.6
90.46,0.2
90.47,0
90.48,0.7
90.49,0
90.5,1.1
90.51,0.7
90.52,0
90.53,0
90.54,0.6
90.55,0.4
90.56,-0.2
90.57,0.4
90.58,0.2
90.59,-0.2
90.6,1.2
90.61,-1
90.62,-0.2
90.63,1.8
90.64,-0.3
90.65,0.1
90.66,1.1
90.67,0.4
90.68,0.5
90.69,0.7
90.7,0.2
90.71,-0.3
90.72,0.5
90.73,0.2
90.74,0
90.75,0.7
90.76,1.4
90.77,-0.3
90.78,0.1
90.79,1.2
90.8,-0.7
90.81,1
90.82,0
90.83,0
90.84,-0.3
90.85,-1
90.86,0.3
90.87,0.3
90.88,-0.5
90.89,0.8
90.9,0.3
90.91,-0.3
90.92,-0.4
90.93,0.8
90.94,0.2
90.95,0.1
90.96,-0.7
90.97,0.3
90.98,-0.3
90.99,-0.6
91,0.6
91.01,-0.4
91.02,0.4
91.03,-0.2
91.04,-0.7
91.05,-0.4
91.06,-0.4
91.07,0
91.08,0.4
91.09,-0.4
91.1,-0.4
91.11,-0.1
91.12,0.4
91.13,-0.2
91.14,0
91.15,-0.1
91.16,-0.1
91.17,-0.4
91.18,-0.2
91.19,0
91.2,-1.1
91.21,0
91.22,-0.4
91.23,-0.2
91.24,0
91.25,-0.2
91.26,0.2
91.27,0.2
91.28,0
91.29,-0.2
91.3,0.2
91.31,-0.1
91.32,0.9
91.33,0
91.34,0
91.35,0.2
91.36,-0.2
91.37,0.4
91.38,0.2
91.39,-0.7
91.4,0.4
91.41,-0.2
91.42,0
91.43,-0.3
91.44,-0.2
91.45,-0.3
91.46,0
91.47,-0.4
91.48,0.6
91.49,-0.5
91.5,0
91.51,0
91.52,0
91.53,0
91.54,-0.4
91.55,0
91.56,-0.6
91.57,-0.4
91.58,0
91.59,0
91.6,0
91.61,0.2
91.62,-0.9
91.63,-0.7
91.64,0.8
91.65,0.3
91.66,0
91.67,-0.4
91.68,-1.1
91.69,0.2
91.7,-0.2
91.71,0
91.72,0.1
91.73,0
91.74,-0.3
91.75,0
91.76,0
91.77,-0.5
91.78,0
91.79,0
91.8,-0.2
91.81,0
91.82,0.6
91.83,0.1
91.84,0
91.85,0.2
91.86,-1.1
91.87,-0.4
91.88,-0.1
91.89,-0.9
91.9,0.2
91.91,0.4
91.92,-0.9
91.93,0.5
91.94,-0.1
91.95,-0.9
91.96,-0.4
91.97,0
91.98,-1.2
91.99,0.1
92,-0.5
92.01,-0.8
92.02,-0.1
92.03,0.8
92.04,-0.5
92.05,-0.1
92.06,-0.8
92.07,-0.7
92.08,-0.5
92.09,0.2
92.1,-1.2
92.11,0
92.12,0.6
92.13,-1.2
92.14,-0.2
92.15,-0.2
92.16,-1
92.17,-0.5
92.18,-0.2
92.19,-0.9
92.2,0.2
92.21,-0.2
92.22,-0.7
92.23,0.4
92.24,-0.9
92.25,-0.4
92.26,0
92.27,-0.5
92.28,0.1
92.29,-0.2
92.3,0.3
92.31,-0.5
92.32,0.6
92.33,-0.2
92.34,-0.5
92.35,-0.2
92.36,0.1
92.37,0
92.38,0.5
92.39,-0.5
92.4,-0.1
92.41,-0.1
92.42,-0.1
92.43,0.2
92.44,0.3
92.45,0.2
92.46,0.4
92.47,0.2
92.48,-0.4
92.49,-0.1
92.5,0
92.51,0.2
92.52,0.2
92.53,-0.6
92.54,0
92.55,0.2
92.56,-0.2
92.57,0.2
92.58,-0.4
92.59,-0.4
92.6,0.2
92.61,-0.4
92.62,0
92.63,0
92.64,0.4
92.65,0
92.66,0
92.67,0
92.68,0.6
92.69,-0.3
92.7,0.2
92.71,0.2
92.72,0
92.73,0.2
92.74,0
92.75,0
92.76,0.4
92.77,-0.1
92.78,0.2
92.79,0
92.8,-0.2
92.81,0.2
92.82,0.2
92.83,-0.2
92.84,-0.4
92.85,0.2
92.86,0.2
92.87,-0.4
92.88,0
92.89,0
92.9,-0.1
92.91,-0.1
92.92,-0.5
92.93,-0.1
92.94,0.1
92.95,0.5
92.96,-0.3
92.97,0.5
92.98,-0.1
92.99,-0.3
93,0
93.01,-0.8
93.02,-0.1
93.03,-0.3
93.04,-0.1
93.05,0.5
93.06,-0.5
93.07,-0.5
93.08,0.3
93.09,-0.1
93.1,-0.5
93.11,-0.5
93.12,-0.6
93.13,-0.1
93.14,-0.1
93.15,0
93.16,-0.5
93.17,0.1
93.18,0.7
93.19,-0.5
93.2,-0.4
93.21,-0.5
93.22,-1.1
93.23,-0.1
93.24,0.3
93.25,-0.4
93.26,-0.1
93.27,-0.1
93.28,-0.4
93.29,0.2
93.3,-0.4
93.31,-0.6
93.32,0.9
93.33,0
93.34,0.1
93.35,-0.3
93.36,0.4
93.37,0
93.38,-0.3
93.39,0.3
93.4,0
93.41,0
93.42,0.5
93.43,0.3
93.44,0.5
93.45,1
93.46,0
93.47,0.3
93.48,0.9
93.49,-0.3
93.5,0.3
93.51,0.3
93.52,0
93.53,0.5
93.54,0.3
93.55,0.1
93.56,0.8
93.57,0.1
93.58,0.1
93.59,-0.3
93.6,-0.5
93.61,0
93.62,0
93.63,0
93.64,0.6
93.65,-0.1
93.66,0
93.67,0.5
93.68,0.2
93.69,0
93.7,-1
93.71,0.3
93.72,0.1
93.73,-0.1
93.74,0.1
93.75,0.5
93.76,-0.3
93.77,0.3
93.78,-0.1
93.79,0
93.8,-0.2
93.81,0
93.82,0
93.83,0
93.84,-0.3
93.85,0.6
93.86,0.1
93.87,0.1
93.88,0.3
93.89,0
93.9,0
93.91,0
93.92,-0.3
93.93,0
93.94,-0.3
93.95,0.3
93.96,0.1
93.97,-0.5
93.98,0
93.99,0.1
94,-0.8
94.01,0
94.02,-0.1
94.03,-0.5
94.04,0
94.05,-0.5
94.06,-0.2
94.07,0.6
94.08,-1.4
94.09,0
94.1,-0.7
94.11,-0.7
94.12,0
94.13,0
94.14,-0.9
94.15,-0.1
94.16,-0.8
94.17,-0.4
94.18,-0.4
94.19,-0.4
94.2,0
94.21,-0.4
94.22,-0.4
94.23,-0.4
94.24,-0.4
94.25,0.2
94.26,-0.4
94.27,0
94.28,0.2
94.29,-0.7
94.3,0
94.31,-0.4
94.32,-0.4
94.33,-0.1
94.34,0
94.35,0
94.36,0.9
94.37,0
94.38,1.3
94.39,0.2
94.4,-0.2
94.41,0
94.42,-0.4
94.43,-0.1
94.44,0.4
94.45,-0.8
94.46,0.2
94.47,0
94.48,-0.4
94.49,0.2
94.5,0
94.51,-0.7
94.52,0.6
94.53,0
94.54,0.6
94.55,-0.2
94.56,0.1
94.57,0.5
94.58,-0.3
94.59,-0.3
94.6,0.7
94.61,-0.3
94.62,-0.6
94.63,1.1
94.64,0
94.65,-0.3
94.66,0.5
94.67,0
94.68,0
94.69,0.6
94.7,0.5
94.71,0.9
94.72,0.2
94.73,0.3
94.74,0
94.75,-0.4
94.76,0.2
94.77,-0.1
94.78,1
94.79,-0.3
94.8,-0.2
94.81,0.5
94.82,-0.6
94.83,-0.1
94.84,0.7
94.85,0.2
94.86,-0.3
94.87,1.6
94.88,0.3
94.89,1.2
94.9,0.5
94.91,0
94.92,0.1
94.93,0
94.94,0
94.95,0.2
94.96,0.4
94.97,0.5
94.98,0
94.99,0.2
95,0.3
95.01,-0.1
95.02,-0.3
95.03,-0.6
95.04,-0.6
95.05,0.3
95.06,0.5
95.07,0.6
95.08,0.3
95.09,-0.1
95.1,0.1
95.11,-0.3
95.12,0.1
95.13,0
95.14,-0.6
95.15,0
95.16,0.3
95.17,0
95.18,0.2
95.19,0
95.2,0
95.21,0.5
95.22,0.4
95.23,-0.1
95.24,0.8
95.25,-0.3
95.26,0.2
95.27,-0.3
95.28,0
95.29,0
95.3,-0.1
95.31,-0.5
95.32,0
95.33,0
95.34,0
95.35,0.1
95.36,0.2
95.37,0.5
95.38,0.2
95.39,0.3
95.4,1
95.41,-0.7
95.42,1.1
95.43,0
95.44,-0.3
95.45,0.3
95.46,-0.2
95.47,-0.4
95.48,0
95.49,0.2
95.5,-0.4
95.51,0.4
95.52,-0.3
95.53,-1
95.54,0.5
95.55,-0.5
95.56,0.1
95.57,0.7
95.58,-0.3
95.59,0
95.6,0.8
95.61,0.5
95.62,-0.1
95.63,0.5
95.64,-0.3
95.65,-0.6
95.66,0.7
95.67,0.3
95.68,-0.4
95.69,1.8
95.7,-0.8
95.71,-0.6
95.72,1.4
95.73,-0.1
95.74,-0.5
95.75,0.7
95.76,-1
95.77,-0.6
95.78,0.4
95.79,0.1
95.8,-0.1
95.81,0.4
95.82,0
95.83,0
95.84,0.5
95.85,0.3
95.86,-0.8
95.87,1.1
95.88,0.4
95.89,-0.3
95.9,1.1
95.91,-0.6
95.92,-0.8
95.93,1.2
95.94,-0.6
95.95,-0.8
95.96,1.4
95.97,-0.3
95.98,-0.3
95.99,0.4
96,-0.5
96.01,-0.3
96.02,-0.1
96.03,-0.5
96.04,-0.4
96.05,-0.3
96.06,-0.4
96.07,0
96.08,0.3
96.09,0.6
96.1,-0.9
96.11,0.4
96.12,0
96.13,-1.6
96.14,0
96.15,0
96.16,-0.4
96.17,0.7
96.18,-0.4
96.19,-0.9
96.2,0.2
96.21,-0.2
96.22,-0.4
96.23,0.9
96.24,-0.4
96.25,-0.6
96.26,-0.4
96.27,-0.4
96.28,-1.3
96.29,-0.2
96.3,-0.1
96.31,0.2
96.32,-0.4
96.33,-0.1
96.34,-1.5
96.35,0
96.36,-0.1
96.37,-1.5
96.38,0.4
96.39,-0.1
96.4,-0.6
96.41,0.2
96.42,-0.1
96.43,-0.8
96.44,-0.1
96.45,-0.4
96.46,-0.8
96.47,-0.1
96.48,-0.8
96.49,-0.3
96.5,0
96.51,-0.4
96.52,-0.1
96.53,-0.2
96.54,-0.4
96.55,-0.1
96.56,-0.1
96.57,0.2
96.58,0
96.59,-0.5
96.6,0.7
96.61,-0.2
96.62,-0.2
96.63,0.2
96.64,-0.4
96.65,-0.2
96.66,0
96.67,-0.4
96.68,-0.6
96.69,0.4
96.7,0
96.71,0
96.72,-0.3
96.73,1
96.74,0
96.75,-0.2
96.76,0.6
96.77,0
96.78,0.6
96.79,0.5
96.8,0.1
96.81,0
96.82,-0.5
96.83,-0.5
96.84,0.1
96.85,-0.5
96.86,0.1
96.87,0.8
96.88,-0.3
96.89,1
96.9,0
96.91,-0.2
96.92,0.3
96.93,-0.5
96.94,-0.3
96.95,-0.1
96.96,-0.1
96.97,0.3
96.98,-1
96.99,-0.2
97,-0.2
97.01,-0.3
97.02,0
97.03,0
97.04,-1.3
97.05,-0.4
97.06,-0.2
97.07,-0.6
97.08,0.5
97.09,-0.7
97.1,-0.4
97.11,0.2
97.12,0.1
97.13,-0.6
97.14,-0.4
97.15,-0.4
97.16,-0.8
97.17,-0.4
97.18,1.1
97.19,-1.2
97.2,0.8
97.21,-0.2
97.22,-0.9
97.23,-0.4
97.24,0.2
97.25,-1.1
97.26,0.5
97.27,0.5
97.28,-1.2
97.29,0.1
97.3,0.3
97.31,-0.9
97.32,0.1
97.33,-0.5
97.34,-0.9
97.35,0.6
97.36,-0.2
97.37,-0.6
97.38,0.1
97.39,-0.6
97.4,-0.2
97.41,-0.2
97.42,-0.2
97.43,-0.9
97.44,-0.7
97.45,0.2
97.46,-0.7
97.47,-0.2
97.48,0
97.49,-0.9
97.5,0.1
97.51,0.1
97.52,-1.6
97.53,0.1
97.54,-0.9
97.55,-0.7
97.56,0.1
97.57,-0.3
97.58,-0.5
97.59,0.4
97.6,-0.5
97.61,0.8
97.62,0
97.63,0.2
97.64,0.1
97.65,0
97.66,0.2
97.67,0
97.68,-0.1
97.69,0.5
97.7,-0.6
97.71,-0.1
97.72,0.9
97.73,-0.1
97.74,-0.1
97.75,0.2
97.76,-0.1
97.77,0.4
97.78,-0.4
97.79,0.2
97.8,0.9
97.81,0.2
97.82,0.2
97.83,0.7
97.84,0
97.85,0.4
97.86,-0.4
97.87,0.1
97.88,0.6
97.89,-0.4
97.9,-0.1
97.91,-0.4
97.92,0.1
97.93,0.4
97.94,0
97.95,-0.3
97.96,0.4
97.97,-0.3
97.98,0.3
97.99,0
98,0.4
98.01,0.4
98.02,0
98.03,0.2
98.04,0.4
98.05,-0.2
98.06,0.4
98.07,0.7
98.08,0.1
98.09,0.6
98.1,0
98.11,0.2
98.12,0.2
98.13,-0.4
98.14,0.2
98.15,0
98.16,0.4
98.17,0.7
98.18,0.2
98.19,0
98.2,1.8
98.21,0.6
98.22,0.7
98.23,0.4
98.24,-0.4
98.25,-0.1
98.26,0.2
98.27,0.2
98.28,0.4
98.29,0.1
98.3,0.6
98.31,0.5
98.32,0.2
98.33,0.2
98.34,0.2
98.35,0
98.36,0.4
98.37,-0.4
98.38,0.7
98.39,0.7
98.4,0
98.41,0.4
98.42,0
98.43,-0.4
98.44,0.4
98.45,-0.6
98.46,0
98.47,0
98.48,-0.2
98.49,1
98.5,0.1
98.51,0.1
98.52,0
98.53,0.6
98.54,0
98.55,0.4
98.56,-0.1
98.57,-0.2
98.58,-0.3
98.59,0
98.6,0.1
98.61,0.8
98.62,0.8
98.63,-0.3
98.64,-0.3
98.65,0.5
98.66,-0.3
98.67,0.2
98.68,0.3
98.69,0.5
98.7,0.3
98.71,1
98.72,-0.1
98.73,0.3
98.74,0.3
98.75,0.3
98.76,0
98.77,0
98.78,0.4
98.79,0.2
98.8,0.2
98.81,0.4
98.82,-0.3
98.83,0.2
98.84,0.6
98.85,0.3
98.86,0.5
98.87,0.2
98.88,0
98.89,0.4
98.9,-0.4
98.91,0
98.92,0.4
98.93,-0.2
98.94,0.4
98.95,0.2
98.96,-0.6
98.97,0.2
98.98,0
98.99,0.4
99,1.9
99.01,0.5
99.02,0.1
99.03,0.2
99.04,0.5
99.05,0.2
99.06,-0.2
99.07,0.2
99.08,0.4
99.09,-0.6
99.1,1.1
99.11,-0.5
99.12,0
99.13,0.6
99.14,-0.2
99.15,-0.2
99.16,0.7
99.17,-0.2
99.18,0.5
99.19,0.3
99.2,0.2
99.21,0.3
99.22,0.2
99.23,0
99.24,0.3
99.25,0
99.26,-0.1
99.27,0.3
99.28,0
99.29,0.1
99.3,0.2
99.31,-0.1
99.32,0.3
99.33,-0.3
99.34,-0.3
99.35,-1.1
99.36,-1
99.37,0
99.38,-0.3
99.39,-0.7
99.4,0.6
99.41,-1
99.42,0.1
99.43,0.3
99.44,-1.4
99.45,0.3
99.46,0
99.47,0
99.48,0.3
99.49,0.3
99.5,-0.3
99.51,0.8
99.52,0
99.53,0.6
99.54,0
99.55,0
99.56,-0.1
99.57,0
99.58,0.2
99.59,-0.7
99.6,-0.4
99.61,0.2
99.62,0
99.63,-0.3
99.64,0.2
99.65,-0.3
99.66,0.2
99.67,0
99.68,0.1
99.69,0
99.7,0.1
99.71,0
99.72,1
99.73,-0.2
99.74,-0.3
99.75,0
99.76,-0.1
99.77,-0.2
99.78,-0.3
99.79,0.1
99.8,0.3
99.81,-0.1
99.82,0
99.83,0.2
99.84,0
99.85,0
99.86,-0.6
99.87,0
99.88,-0.1
99.89,-0.2
99.9,0
99.91,0.7
99.92,0
99.93,0
99.94,0
99.95,-0.4
99.96,-0.2
99.97,0
99.98,0
99.99,0.4
100,0
100.01,0.2
100.02,0.2
100.03,0.2
100.04,1.1
100.05,-0.4
100.06,0.5
100.07,1.5
100.08,0.2
100.09,-0.3
100.1,0.6
100.11,-0.6
100.12,0.9
100.13,0
100.14,0.5
100.15,0.4
100.16,-0.2
100.17,0.3
100.18,-0.1
100.19,0.7
100.2,0
100.21,0.2
100.22,0
100.23,0.3
100.24,-0.5
100.25,0.1
100.26,-0.3
100.27,0.3
100.28,0.5
100.29,0
100.3,0.1
100.31,0.2
100.32,-0.3
100.33,0.3
100.34,-0.2
100.35,0
100.36,1
100.37,-0.3
100.38,0.3
100.39,0.8
100.4,0
100.41,-0.2
100.42,0.5
100.43,1.1
100.44,0
100.45,0
100.46,-0.5
100.47,0.3
100.48,0.7
100.49,1.3
100.5,0
100.51,-0.1
100.52,0.3
100.53,0.5
100.54,0.4
100.55,0
100.56,-0.5
100.57,1.5
100.58,-0.6
100.59,0
100.6,1.9
100.61,0.6
100.62,0.4
100.63,1.7
100.64,0
100.65,0
100.66,0.8
100.67,0.4
100.68,0.4
100.69,1.4
100.7,0
100.71,0
100.72,1.2
100.73,-0.1
100.74,-0.2
100.75,0.5
100.76,0
100.77,-0.6
100.78,1.2
100.79,-0.1
100.8,-0.1
100.81,0.6
100.82,0.3
100.83,0.1
100.84,1.8
100.85,0
100.86,0.4
100.87,1.4
100.88,-0.5
100.89,0.1
100.9,1.7
100.91,0.5
100.92,0.1
100.93,0.9
100.94,0.1
100.95,0.8
100.96,0.9
100.97,0.1
100.98,-0.1
100.99,0.4
101,0.9
101.01,-0.1
101.02,0.7
101.03,-0.1
101.04,-0.1
101.05,0.5
101.06,-0.1
101.07,0.1
101.08,1.3
101.09,-0.1
101.1,0.3
101.11,1.2
101.12,0.1
101.13,0
101.14,0.5
101.15,-0.4
101.16,0.1
101.17,1.3
101.18,0.1
101.19,1
101.2,0.7
101.21,0.5
101.22,0
101.23,1.1
101.24,0
101.25,-0.9
101.26,0.8
101.27,-0.1
101.28,-0.1
101.29,1.2
101.3,-0.5
101.31,0.3
101.32,1.5
101.33,0.3
101.34,0.4
101.35,1
101.36,-0.2
101.37,0.2
101.38,0.4
101.39,0
101.4,0.3
101.41,1.7
101.42,-0.2
101.43,0.7
101.44,0
101.45,0.2
101.46,-0.1
101.47,0.9
101.48,0.3
101.49,-0.1
101.5,0.8
101.51,0
101.52,0
101.53,1
101.54,0
101.55,-0.7
101.56,0.1
101.57,0.2
101.58,-0.8
101.59,0.9
101.6,0.2
101.61,0.3
101.62,0.8
101.63,-0.1
101.64,0
101.65,0.7
101.66,0
101.67,0
101.68,0.5
101.69,0.6
101.7,0
101.71,0.1
101.72,0
101.73,-0.3
101.74,1
101.75,-0.3
101.76,0
101.77,1
101.78,0.2
101.79,-0.3
101.8,1.4
101.81,-0.6
101.82,0
101.83,1
101.84,0
101.85,0
101.86,0.3
101.87,-0.3
101.88,0
101.89,0.5
101.9,0.8
101.91,0.8
101.92,0.4
101.93,0
101.94,0.3
101.95,0
101.96,0.6
101.97,-0.3
101.98,0.5
101.99,-0.2
102,0
102.01,1
102.02,0.3
102.03,-0.3
102.04,0.5
102.05,-0.4
102.06,-0.3
102.07,0.5
102.08,0
102.09,0.2
102.1,0.3
102.11,0.3
102.12,0.1
102.13,0.6
102.14,0.9
102.15,0.3
102.16,0.5
102.17,0.8
102.18,0.1
102.19,0.6
102.2,0.3
102.21,0.1
102.22,0.4
102.23,0
102.24,-0.1
102.25,0.7
102.26,0
102.27,0
102.28,0.8
102.29,0.9
102.3,0
102.31,1.5
102.32,-0.4
102.33,0.4
102.34,0.2
102.35,0.2
102.36,0.2
102.37,0.4
102.38,-0.4
102.39,0.2
102.4,0.1
102.41,0.6
102.42,-0.4
102.43,0.1
102.44,0
102.45,0.1
102.46,0.2
102.47,0.1
102.48,-0.1
102.49,0.6
102.5,-0.4
102.51,-0.6
102.52,0.6
102.53,-0.1
102.54,-0.3
102.55,-0.1
102.56,-0.1
102.57,0
102.58,-0.2
102.59,0.1
102.6,0.5
102.61,-0.1
102.62,-0.6
102.63,0.1
102.64,0
102.65,-0.1
102.66,0.2
102.67,0.3
102.68,0.5
102.69,-0.1
102.7,0.3
102.71,-0.2
102.72,0.4
102.73,-0.6
102.74,0
102.75,0.2
102.76,0.7
102.77,0
102.78,0
102.79,0.3
102.8,0.4
102.81,0.1
102.82,0.1
102.83,-0.6
102.84,-0.2
102.85,0
102.86,0.4
102.87,0.1
102.88,-0.5
102.89,0.7
102.9,0
102.91,-0.7
102.92,0.1
102.93,-0.3
102.94,-0.3
102.95,-1.2
102.96,0
102.97,-0.4
102.98,0.4
102.99,-0.4
103,0.1
103.01,-0.4
103.02,0.1
103.03,-0.1
103.04,-1.2
103.05,0.2
103.06,-0.8
103.07,-0.4
103.08,0.2
103.09,-0.4
103.1,0.1
103.11,0.6
103.12,0
103.13,0
103.14,0
103.15,-0.4
103.16,-0.1
103.17,0.1
103.18,-0.1
103.19,-0.1
103.2,-0.1
103.21,-0.6
103.22,-0.4
103.23,1.1
103.24,-0.3
103.25,0
103.26,-0.2
103.27,-0.2
103.28,-0.5
103.29,0
103.3,-0.4
103.31,-0.1
103.32,0.5
103.33,-1
103.34,-0.5
103.35,0
103.36,-0.4
103.37,0.9
103.38,-0.6
103.39,-0.9
103.4,0.2
103.41,-0.6
103.42,-0.4
103.43,-0.2
103.44,-0.7
103.45,-0.4
103.46,0
103.47,-0.4
103.48,-0.1
103.49,-0.1
103.5,-0.5
103.51,0
103.52,-0.1
103.53,-0.4
103.54,-1
103.55,-0.1
103.56,-0.1
103.57,-0.1
103.58,-0.1
103.59,-0.3
103.6,0
103.61,0.6
103.62,0
103.63,-0.6
103.64,0.2
103.65,-0.8
103.66,-0.1
103.67,-0.4
103.68,-0.3
103.69,-0.5
103.7,-0.4
103.71,-1.3
103.72,0.4
103.73,-0.2
103.74,-0.5
103.75,-0.1
103.76,-0.1
103.77,-0.4
103.78,0.1
103.79,0.2
103.8,0
103.81,-0.6
103.82,0.2
103.83,-0.7
103.84,-0.4
103.85,0.3
103.86,-0.5
103.87,-0.9
103.88,0.5
103.89,-0.7
103.9,-0.2
103.91,0
103.92,-0.6
103.93,-0.8
103.94,0.2
103.95,-0.3
103.96,0.1
103.97,0.3
103.98,0
103.99,-0.4
104,-0.2
104.01,0
104.02,0
104.03,0.1
104.04,0.3
104.05,-0.7
104.06,0
104.07,0.3
104.08,-0.4
104.09,0.7
104.1,-0.3
104.11,0
104.12,0.3
104.13,-0.2
104.14,-0.7
104.15,-0.2
104.16,0
104.17,-0.7
104.18,-0.2
104.19,0.3
104.2,0.4
104.21,0.4
104.22,0
104.23,0.9
104.24,-0.4
104.25,0.2
104.26,-0.2
104.27,0.7
104.28,1.1
104.29,-0.3
104.3,0.3
104.31,0.8
104.32,-0.7
104.33,0
104.34,-0.1
104.35,-0.3
104.36,0.3
104.37,-0.5
104.38,-0.5
104.39,0
104.4,0.3
104.41,-0.5
104.42,-0.6
104.43,0.3
104.44,-0.3
104.45,-0.1
104.46,0
104.47,0
104.48,0
104.49,0.2
104.5,-0.9
104.51,0.6
104.52,0.5
104.53,-1.1
104.54,0.2
104.55,0.4
104.56,-0.3
104.57,0.4
104.58,-0.5
104.59,-0.3
104.6,0.7
104.61,-0.3
104.62,0.4
104.63,0.1
104.64,0.1
104.65,0
104.66,1
104.67,-0.1
104.68,-0.1
104.69,-0.4
104.7,0.2
104.71,0.4
104.72,0.7
104.73,0.4
104.74,-0.4
104.75,0.8
104.76,0.6
104.77,-1.2
104.78,-0.1
104.79,0.3
104.8,-0.4
104.81,-0.1
104.82,0.2
104.83,-0.2
104.84,0.1
104.85,0.2
104.86,-0.4
104.87,-0.9
104.88,-0.8
104.89,-0.8
104.9,0.6
104.91,0
104.92,0.2
104.93,-0.1
104.94,0.2
104.95,0.2
104.96,-0.1
104.97,0.4
104.98,-0.4
104.99,0.2
105,0.7
105.01,-0.4
105.02,0.2
105.03,0.7
105.04,-0.6
105.05,0
105.06,0.5
105.07,-0.3
105.08,0.3
105.09,0.7
105.1,0
105.11,0
105.12,0.1
105.13,0.5
105.14,-0.3
105.15,0.9
105.16,0
105.17,-0.3
105.18,0.5
105.19,-0.4
105.2,0
105.21,0.7
105.22,-0.3
105.23,0.5
105.24,1.1
105.25,-0.5
105.26,0
105.27,1.1
105.28,-0.7
105.29,-0.1
105.3,0.2
105.31,-0.3
105.32,0.8
105.33,-0.1
105.34,-0.3
105.35,0
105.36,0
105.37,0.1
105.38,-1.4
105.39,0.3
105.4,0
105.41,0
105.42,0.7
105.43,-0.3
105.44,0
105.45,0.3
105.46,-1
105.47,-0.3
105.48,1
105.49,-1
105.5,0.5
105.51,0.5
105.52,-0.3
105.53,1.8
105.54,0.2
105.55,-0.8
105.56,0
105.57,0.2
105.58,0
105.59,-0.3
105.6,0.6
105.61,0
105.62,-0.3
105.63,0
105.64,0.3
105.65,0.3
105.66,1
105.67,0.2
105.68,0
105.69,-0.2
105.7,-0.3
105.71,-0.7
105.72,0.2
105.73,-0.7
105.74,0.4
105.75,0.3
105.76,-0.1
105.77,0.2
105.78,0
105.79,-0.8
105.8,0.7
105.81,-0.7
105.82,0.2
105.83,0.1
105.84,-0.4
105.85,-0.2
105.86,0.1
105.87,0
105.88,-0.5
105.89,-0.4
105.9,-1.1
105.91,-0.1
105.92,0
105.93,-0.2
105.94,-0.5
105.95,0
105.96,0.4
105.97,-0.3
105.98,0
105.99,0
106,-0.3
106.01,0
106.02,-0.7
106.03,0.4
106.04,0.2
106.05,-0.3
106.06,0.3
106.07,0.2
106.08,-0.3
106.09,0.3
106.1,0
106.11,-0.3
106.12,0.8
106.13,0.1
106.14,0
106.15,1.8
106.16,-0.3
106.17,0.3
106.18,0.1
106.19,0.3
106.2,0.1
106.21,0.5
106.22,0
106.23,1
106.24,0.7
106.25,0.5
106.26,-0.5
106.27,0.5
106.28,0.6
106.29,0.2
106.3,1
106.31,-0.1
106.32,-0.8
106.33,1.1
106.34,0
106.35,-0.1
106.36,1.6
106.37,0.1
106.38,-0.2
106.39,0.6
106.4,-0.2
106.41,0.1
106.42,0
106.43,0
106.44,0.2
106.45,0.3
106.46,0
106.47,0.6
106.48,0.1
106.49,0.4
106.5,-0.4
106.51,0
106.52,0
106.53,-1.1
106.54,0.4
106.55,0
106.56,0
106.57,-0.2
106.58,-0.4
106.59,0
106.6,0.4
106.61,-0.3
106.62,0
106.63,0.6
106.64,-0.2
106.65,0.2
106.66,-0.2
106.67,0.4
106.68,0.9
106.69,-0.4
106.7,0.2
106.71,0.2
106.72,-0.4
106.73,-0.1
106.74,-0.4
106.75,-0.4
106.76,0.2
106.77,-0.8
106.78,0.2
106.79,-0.4
106.8,0
106.81,-0.5
106.82,0.1
106.83,-0.5
106.84,1.2
106.85,-0.5
106.86,-0.2
106.87,-0.2
106.88,-0.2
106.89,0.1
106.9,-0.3
106.91,-0.4
106.92,0
106.93,-0.9
106.94,-0.2
106.95,0.1
106.96,-0.4
106.97,0.3
106.98,-0.5
106.99,-0.7
107,0.2
107.01,-0.2
107.02,-0.2
107.03,-0.2
107.04,-0.5
107.05,-0.4
107.06,-0.7
107.07,-0.5
107.08,0.1
107.09,-0.5
107.1,0.1
107.11,0.1
107.12,-0.2
107.13,-0.5
107.14,-0.2
107.15,0.3
107.16,0.4
107.17,0.5
107.18,-0.2
107.19,1
107.2,-0.9
107.21,0.8
107.22,0.5
107.23,0.1
107.24,0.1
107.25,0.1
107.26,0.3
107.27,0
107.28,-0.1
107.29,0
107.3,-0.5
107.31,0
107.32,0
107.33,-0.8
107.34,0.1
107.35,-0.1
107.36,-0.5
107.37,0.1
107.38,-0.1
107.39,0.3
107.4,0.5
107.41,0
107.42,-0.4
107.43,0.3
107.44,-0.9
107.45,0.2
107.46,-0.4
107.47,-0.6
107.48,0.2
107.49,0.2
107.5,-0.9
107.51,0.1
107.52,-0.7
107.53,-0.8
107.54,0.1
107.55,-0.4
107.56,-0.5
107.57,-0.1
107.58,0.6
107.59,-0.1
107.6,-0.5
107.61,0.3
107.62,-0.9
107.63,-0.5
107.64,0.1
107.65,-1.1
107.66,-0.1
107.67,0.1
107.68,-0.8
107.69,0.7
107.7,0.2
107.71,-0.5
107.72,0.5
107.73,0.2
107.74,-0.9
107.75,-0.5
107.76,-0.5
107.77,-1.2
107.78,0
107.79,-0.5
107.8,0.1
107.81,-0.8
107.82,0.1
107.83,-0.3
107.84,0.3
107.85,-0.1
107.86,-1
107.87,-0.2
107.88,0.3
107.89,-0.1
107.9,0.5
107.91,0.3
107.92,-0.8
107.93,0.2
107.94,-0.2
107.95,-0.7
107.96,0.6
107.97,-0.5
107.98,-0.9
107.99,0
108,-0.2
108.01,0.1
108.02,-0.3
108.03,-0.3
108.04,0.5
108.05,-0.4
108.06,-0.1
108.07,-1.3
108.08,-0.7
108.09,-0.4
108.1,0.1
108.11,-0.2
108.12,0.4
108.13,-0.1
108.14,-0.9
108.15,-0.5
108.16,-0.1
108.17,-0.1
108.18,-0.2
108.19,-0.6
108.2,0.9
108.21,0.3
108.22,1.1
108.23,-0.6
108.24,-0.2
108.25,0.7
108.26,-0.4
108.27,0.1
108.28,1.1
108.29,0
108.3,0.3
108.31,1
108.32,0.1
108.33,0.3
108.34,0.4
108.35,0.2
108.36,0.2
108.37,0
108.38,0
108.39,0.2
108.4,0.3
108.41,0.8
108.42,-0.4
108.43,0.4
108.44,0
108.45,-0.3
108.46,1.3
108.47,-0.2
108.48,-0.4
108.49,0.6
108.5,0.1
108.51,0
108.52,1.2
108.53,0.4
108.54,0.3
108.55,1.6
108.56,0
108.57,0.5
108.58,0
108.59,0.2
108.6,0.2
108.61,0.6
108.62,0.2
108.63,0.2
108.64,0
108.65,0.2
108.66,0.1
108.67,0.2
108.68,0
108.69,-0.7
108.7,0.2
108.71,-0.4
108.72,0
108.73,0.7
108.74,0
108.75,0
108.76,1.3
108.77,0.1
108.78,0.2
108.79,0.9
108.8,-0.8
108.81,-0.1
108.82,1
108.83,-0.1
108.84,0.2
108.85,0.1
108.86,0.2
108.87,0.2
108.88,0.4
108.89,0.6
108.9,0.1
108.91,1.4
108.92,0
108.93,0
108.94,1.2
108.95,-0.4
108.96,1
108.97,1
108.98,-0.4
108.99,0.6
109,1
109.01,-1.2
109.02,0.2
109.03,1.1
109.04,-0.2
109.05,0.2
109.06,1.4
109.07,0.2
109.08,0.8
109.09,0.5
109.1,0.2
109.11,0
109.12,0.1
109.13,0
109.14,0.3
109.15,0.5
109.16,0.4
109.17,0.1
109.18,0.8
109.19,-0.1
109.2,0
109.21,0
109.22,-1
109.23,-0.7
109.24,0.7
109.25,-0.5
109.26,0
109.27,1.2
109.28,-1
109.29,0.4
109.3,0.9
109.31,0.4
109.32,0.9
109.33,0
109.34,0.5
109.35,1
109.36,0.2
109.37,0.3
109.38,0.5
109.39,0.8
109.4,0
109.41,0.2
109.42,0.2
109.43,-0.2
109.44,0.6
109.45,0.8
109.46,-0.6
109.47,0
109.48,0.4
109.49,0.1
109.5,0.6
109.51,1.3
109.52,0
109.53,-0.2
109.54,0.4
109.55,0
109.56,0.7
109.57,0.3
109.58,-0.1
109.59,1.1
109.6,0
109.61,0.4
109.62,0
109.63,0.3
109.64,0.6
109.65,0.1
109.66,0.6
109.67,0.2
109.68,0.2
109.69,0.8
109.7,-0.2
109.71,-0.3
109.72,0.4
109.73,-0.2
109.74,0.3
109.75,0.7
109.76,0.2
109.77,-0.7
109.78,0
109.79,0.2
109.8,0.7
109.81,0.2
109.82,0
109.83,1.3
109.84,-0.3
109.85,0.3
109.86,0.5
109.87,-0.3
109.88,0.3
109.89,-0.7
109.9,0
109.91,0
109.92,-0.3
109.93,0
109.94,-0.5
109.95,-0.3
109.96,-0.3
109.97,0
109.98,0
109.99,0.4
110,-0.4
110.01,0.5
110.02,-0.6
110.03,0.6
110.04,-0.3
110.05,-0.1
110.06,0
110.07,-0.1
110.08,0
110.09,0.3
110.1,0
110.11,0.2
110.12,0.9
110.13,0
110.14,0.2
110.15,-0.2
110.16,0.4
110.17,0.6
110.18,0.3
110.19,-0.6
110.2,0.4
110.21,0
110.22,0.9
110.23,1.1
110.24,0
110.25,0
110.26,-0.3
110.27,1
110.28,0.3
110.29,0
110.3,0.5
110.31,0.3
110.32,0.4
110.33,1
110.34,0
110.35,-0.3
110.36,0.4
110.37,-0.2
110.38,0.2
110.39,1.1
110.4,0.2
110.41,0.3
110.42,1.6
110.43,0
110.44,0.9
110.45,0.3
110.46,0.3
110.47,0.1
110.48,0.7
110.49,-0.4
110.5,0
110.51,0.7
110.52,0.7
110.53,0.2
110.54,0.8
110.55,0
110.56,0.4
110.57,0.4
110.58,0
110.59,-0.2
110.6,1.1
110.61,0
110.62,0
110.63,0.8
110.64,-0.2
110.65,0.6
110.66,0.7
110.67,0
110.68,0.2
110.69,-0.5
110.7,0
110.71,0.4
110.72,0.3
110.73,0
110.74,-0.2
110.75,0.2
110.76,0.4
110.77,0
110.78,0.4
110.79,0.4
110.8,1.2
110.81,0.3
110.82,0.2
110.83,-0.6
110.84,0.4
110.85,0
110.86,0
110.87,0.2
110.88,0
110.89,0.4
110.9,-0.6
110.91,-0.4
110.92,0.3
110.93,0.3
110.94,0
110.95,0.7
110.96,0.6
110.97,1.3
110.98,0.2
110.99,0
111,0.4
111.01,0
111.02,-0.1
111.03,1.1
111.04,0
111.05,0.8
111.06,-0.2
111.07,0.4
111.08,0
111.09,0.5
111.1,0.3
111.11,0.3
111.12,-0.2
111.13,-0.8
111.14,-0.4
111.15,-0.2
111.16,0.2
111.17,0.4
111.18,0.4
111.19,1.3
111.2,0.4
111.21,0.6
111.22,-0.6
111.23,0
111.24,0.2
111.25,0
111.26,0.2
111.27,0.6
111.28,-0.2
111.29,0.2
111.3,0.6
111.31,0.2
111.32,0
111.33,0
111.34,-0.3
111.35,-0.2
111.36,0.7
111.37,0
111.38,0
111.39,0
111.4,0.3
111.41,-0.5
111.42,0.5
111.43,-0.1
111.44,-0.3
111.45,-0.7
111.46,-1
111.47,-0.3
111.48,0.7
111.49,0.3
111.5,1
111.51,0
111.52,-0.2
111.53,0.9
111.54,-0.1
111.55,-0.5
111.56,0.3
111.57,-0.6
111.58,0.2
111.59,-0.1
111.6,-0.9
111.61,0.8
111.62,-0.2
111.63,0.8
111.64,0
111.65,0.5
111.66,0.8
111.67,0.1
111.68,0
111.69,-1
111.7,1.1
111.71,0
111.72,1.1
111.73,-0.2
111.74,0
111.75,0.4
111.76,-0.2
111.77,0.1
111.78,1.1
111.79,-0.2
111.8,0.8
111.81,0.4
111.82,0.2
111.83,-0.2
111.84,0
111.85,-0.1
111.86,-0.2
111.87,0
111.88,0.7
111.89,-0.2
111.9,0
111.91,0.2
111.92,0.4
111.93,0.3
111.94,0
111.95,0.7
111.96,0.3
111.97,-0.7
111.98,0.3
111.99,0.3
112,-0.6
112.01,-0.3
112.02,0
112.03,-0.6
112.04,0.3
112.05,0.6
112.06,0.3
112.07,-0.3
112.08,-0.3
112.09,0.2
112.1,0.5
112.11,-0.3
112.12,0.3
112.13,-0.3
112.14,0
112.15,0.2
112.16,-0.3
112.17,0
112.18,-0.6
112.19,0
112.2,-0.1
112.21,-0.6
112.22,-0.4
112.23,0
112.24,-0.2
112.25,0.4
112.26,0.1
112.27,-1.1
112.28,-0.5
112.29,0
112.3,-0.1
112.31,-0.4
112.32,-1.2
112.33,-0.4
112.34,-0.2
112.35,0.3
112.36,0
112.37,0.8
112.38,0.2
112.39,0
112.4,-0.7
112.41,0.1
112.42,-1
112.43,0.1
112.44,0
112.45,-0.1
112.46,-0.7
112.47,1
112.48,0.3
112.49,0.3
112.5,0
112.51,-0.3
112.52,0
112.53,-0.3
112.54,0.2
112.55,0
112.56,0.1
112.57,0.4
112.58,0
112.59,0
112.6,0.2
112.61,0
112.62,0.7
112.63,0.3
112.64,-0.5
112.65,0.4
112.66,0.1
112.67,0.6
112.68,0.2
112.69,0.3
112.7,-0.3
112.71,0.7
112.72,-0.1
112.73,0.1
112.74,-0.7
112.75,0
112.76,0.5
112.77,0.2
112.78,-0.1
112.79,-0.3
112.8,-0.3
112.81,0.3
112.82,0.5
112.83,-0.1
112.84,-0.4
112.85,0
112.86,-0.8
112.87,0.2
112.88,-0.7
112.89,0.4
112.9,-0.1
112.91,-0.2
112.92,0.4
112.93,0
112.94,0
112.95,0.5
112.96,-0.4
112.97,0.2
112.98,0
112.99,0
113,0.4
113.01,-0.9
113.02,0.2
113.03,0.3
113.04,-0.4
113.05,-0.4
113.06,-0.4
113.07,-0.1
113.08,0.4
113.09,0
113.1,0.1
113.11,-0.1
113.12,0.2
113.13,0
113.14,-0.1
113.15,0.1
113.16,0.9
113.17,-0.8
113.18,0
113.19,0.3
113.2,-0.5
113.21,0.1
113.22,0.3
113.23,-0.5
113.24,0.1
113.25,-0.5
113.26,0
113.27,0
113.28,-0.2
113.29,-0.5
113.3,-0.1
113.31,-0.5
113.32,0.5
113.33,-0.9
113.34,1.1
113.35,0.5
113.36,-0.5
113.37,-0.2
113.38,-0.1
113.39,-1
113.4,0
113.41,-0.1
113.42,0.4
113.43,0.6
113.44,0.5
113.45,0.1
113.46,0.3
113.47,0.1
113.48,0.3
113.49,-0.1
113.5,0.3
113.51,-0.4
113.52,0
113.53,-0.1
113.54,-0.1
113.55,-0.1
113.56,0.5
113.57,-0.1
113.58,-0.1
113.59,0.1
113.6,-0.4
113.61,-0.3
113.62,0
113.63,0.2
113.64,0.4
113.65,-0.8
113.66,0.9
113.67,0.5
113.68,0.8
113.69,0.2
113.7,-0.1
113.71,-0.1
113.72,0.6
113.73,-0.4
113.74,-0.1
113.75,0
113.76,-0.6
113.77,0.4
113.78,-0.1
113.79,0
113.8,0.6
113.81,0.1
113.82,0.5
113.83,0
113.84,-0.4
113.85,-0.4
113.86,-0.4
113.87,0
113.88,0.5
113.89,0.1
113.9,-0.1
113.91,0.2
113.92,0.4
113.93,0.2
113.94,-0.6
113.95,-0.8
113.96,0.7
113.97,-0.4
113.98,0.1
113.99,-0.2
114,-0.1
114.01,-0.3
114.02,0
114.03,-0.2
114.04,0.6
114.05,-0.1
114.06,0
114.07,-0.9
114.08,0
114.09,-0.1
114.1,0.3
114.11,0.2
114.12,0.3
114.13,-0.2
114.14,-0.9
114.15,0.9
114.16,-0.5
114.17,-0.1
114.18,-1.2
114.19,-0.1
114.2,0
114.21,-0.4
114.22,0
114.23,-0.2
114.24,-0.1
114.25,0.1
114.26,0
114.27,-0.8
114.28,0.5
114.29,-1
114.3,0.1
114.31,0.6
114.32,-0.1
114.33,0.2
114.34,0
114.35,0.4
114.36,-0.1
114.37,0
114.38,0.1
114.39,0.2
114.4,-0.4
114.41,0
114.42,-0.3
114.43,0.6
114.44,1.2
114.45,0.3
114.46,0.1
114.47,-0.7
114.48,0.3
114.49,0.2
114.5,0
114.51,0.5
114.52,0.3
114.53,0.3
114.54,0
114.55,0.2
114.56,0.8
114.57,0.5
114.58,0.1
114.59,0.5
114.6,0.5
114.61,-0.3
114.62,0.2
114.63,0.3
114.64,0
114.65,1.6
114.66,0
114.67,0.9
114.68,0
114.69,1
114.7,0.3
114.71,-0.3
114.72,-0.8
114.73,0.1
114.74,-0.6
114.75,0.4
114.76,0
114.77,-0.2
114.78,0.7
114.79,1.1
114.8,0
114.81,0.9
114.82,0
114.83,-0.2
114.84,0.3
114.85,0
114.86,-0.3
114.87,0.3
114.88,0
114.89,0.8
114.9,0
114.91,-0.3
114.92,0.3
114.93,-0.3
114.94,0.2
114.95,0.1
114.96,0.3
114.97,1
114.98,-0.5
114.99,0.1
115,0.8
115.01,0.1
115.02,1.2
115.03,1
115.04,-1.1
115.05,1.2
115.06,0.2
115.07,0
115.08,0.3
115.09,0
115.1,-0.1
115.11,1.1
115.12,-0.1
115.13,0
115.14,0.8
115.15,-0.4
115.16,0.2
115.17,0.6
115.18,0.2
115.19,-0.8
115.2,0.1
115.21,0.6
115.22,-0.4
115.23,0.2
115.24,0.4
115.25,0
115.26,0.9
115.27,0.2
115.28,-0.1
115.29,0.7
115.3,-0.7
115.31,0
115.32,1.6
115.33,-0.1
115.34,0.5
115.35,0.5
115.36,-1.2
115.37,-0.5
115.38,0.3
115.39,0
115.4,0.2
115.41,0.3
115.42,-0.5
115.43,-0.7
115.44,0.6
115.45,0
115.46,-0.6
115.47,0.2
115.48,-0.1
115.49,-0.4
115.5,0.6
115.51,-0.3
115.52,-0.2
115.53,-0.1
115.54,0.1
115.55,0.1
115.56,0.5
115.57,-0.1
115.58,-0.5
115.59,0.2
115.6,-0.4
115.61,0.2
115.62,0.3
115.63,-0.4
115.64,0.4
115.65,-0.1
115.66,0.4
115.67,-0.8
115.68,0.6
115.69,0.2
115.7,-0.2
115.71,-0.4
115.72,0.4
115.73,-0.9
115.74,0
115.75,0.2
115.76,0.1
115.77,0.4
115.78,0.3
115.79,-0.5
115.8,0.1
115.81,0
115.82,0
115.83,0
115.84,0
115.85,0
115.86,-0.2
115.87,-0.2
115.88,1.1
115.89,-0.5
115.9,0.4
115.91,-0.2
115.92,0.2
115.93,0
115.94,-0.3
115.95,0
115.96,0.4
115.97,-0.2
115.98,0.5
115.99,0.5
116,0.3
116.01,0
116.02,0
116.03,0
116.04,0.6
116.05,-0.3
116.06,0
116.07,0.3
116.08,-0.1
116.09,0
116.1,-0.3
116.11,-0.5
116.12,0.8
116.13,0.2
116.14,0.3
116.15,-0.6
116.16,-0.3
116.17,0.3
116.18,0.1
116.19,-0.7
116.2,0.3
116.21,-0.5
116.22,0.5
116.23,-0.2
116.24,0.5
116.25,-0.3
116.26,-0.7
116.27,0.1
116.28,0.3
116.29,0
116.3,0.3
116.31,0
116.32,-0.8
116.33,0
116.34,-0.1
116.35,0.1
116.36,0.6
116.37,-1.1
116.38,-0.5
116.39,-0.7
116.4,-0.8
116.41,-0.6
116.42,0
116.43,-0.3
116.44,0
116.45,-0.3
116.46,-0.5
116.47,0.3
116.48,0
116.49,-0.1
116.5,-0.2
116.51,0
116.52,0.1
116.53,-0.3
116.54,0.3
116.55,0
116.56,0
116.57,-0.1
116.58,-0.8
116.59,-0.4
116.6,-0.2
116.61,-1.3
116.62,-0.4
116.63,-0.1
116.64,-1.4
116.65,-0.3
116.66,0.1
116.67,-0.5
116.68,-0.1
116.69,0
116.7,-0.8
116.71,0.3
116.72,-0.5
116.73,-1
116.74,-0.3
116.75,0
116.76,-0.7
116.77,0.4
116.78,0
116.79,0
116.8,-0.3
116.81,0.3
116.82,-0.4
116.83,0.2
116.84,0.4
116.85,-1
116.86,0.4
116.87,0
116.88,-1.3
116.89,0.6
116.9,-0.6
116.91,-0.1
116.92,0.9
116.93,-0.2
116.94,-0.6
116.95,0.7
116.96,-0.2
116.97,-0.7
116.98,-0.3
116.99,0.3
117,0.4
117.01,0.3
117.02,1.3
117.03,0.5
117.04,0
117.05,0.6
117.06,-1.2
117.07,0
117.08,0.6
117.09,-0.7
117.1,0
117.11,0.1
117.12,-0.8
117.13,0.6
117.14,-0.4
117.15,0.3
117.16,-0.1
117.17,0
117.18,-0.4
117.19,0
117.2,0
117.21,1.1
117.22,-0.7
117.23,0
117.24,0.4
117.25,-0.2
117.26,0
117.27,0.6
117.28,-0.3
117.29,0.2
117.3,-0.3
117.31,0.3
117.32,0.2
117.33,-0.2
117.34,-0.3
117.35,0.6
117.36,-0.1
117.37,-0.1
117.38,-0.1
117.39,-0.1
117.4,-0.3
117.41,-0.8
117.42,-0.1
117.43,0.1
117.44,-1
117.45,-0.2
117.46,-0.1
117.47,0.2
117.48,0
117.49,0.2
117.5,-0.1
117.51,0.4
117.52,-0.8
117.53,0.1
117.54,-0.5
117.55,-0.9
117.56,0.1
117.57,-0.3
117.58,-0.1
117.59,-0.1
117.6,0
117.61,-0.2
117.62,-0.3
117.63,-0.1
117.64,-0.3
117.65,-1
117.66,0
117.67,0
117.68,-0.5
117.69,-0.1
117.7,-1.2
117.71,0.3
117.72,0.3
117.73,-0.4
117.74,-0.6
117.75,0.2
117.76,-0.4
117.77,0.1
117.78,-0.1
117.79,-0.9
117.8,-0.1
117.81,-0.5
117.82,-0.8
117.83,-0.4
117.84,0
117.85,-0.8
117.86,-0.4
117.87,-0.4
117.88,-0.5
117.89,-0.1
117.9,0
117.91,-0.2
117.92,0
117.93,0.1
117.94,-0.7
117.95,0
117.96,0.5
117.97,-0.7
117.98,0.1
117.99,0.2
118,-0.9
118.01,-0.1
118.02,-0.1
118.03,-0.4
118.04,0.2
118.05,-0.2
118.06,-1.4
118.07,-1.5
118.08,0.2
118.09,-1.2
118.1,-1.6
118.11,-0.5
118.12,-0.8
118.13,-0.4
118.14,0.2
118.15,0
118.16,0
118.17,0.2
118.18,0
118.19,-0.5
118.2,0.4
118.21,0.1
118.22,-0.4
118.23,0.1
118.24,-0.8
118.25,0.1
118.26,0.2
118.27,-0.5
118.28,0.1
118.29,-0.1
118.3,-0.2
118.31,0
118.32,-0.1
118.33,-0.5
118.34,-0.5
118.35,0
118.36,0.3
118.37,-0.2
118.38,0.1
118.39,0.3
118.4,-0.2
118.41,-0.2
118.42,-0.5
118.43,0.1
118.44,0
118.45,-0.5
118.46,0
118.47,-1
118.48,0.5
118.49,0
118.5,-0.2
118.51,-0.2
118.52,0.4
118.53,-0.6
118.54,-0.5
118.55,-0.7
118.56,-0.5
118.57,0.3
118.58,-1.3
118.59,-0.5
118.6,0.5
118.61,-0.9
118.62,0.3
118.63,0.1
118.64,-0.5
118.65,-0.2
118.66,-0.2
118.67,-0.7
118.68,0
118.69,-0.2
118.7,-0.6
118.71,0.1
118.72,-0.3
118.73,0.1
118.74,0
118.75,-0.5
118.76,-0.2
118.77,-0.2
118.78,0.2
118.79,0
118.8,-0.5
118.81,0.1
118.82,0.2
118.83,-0.1
118.84,1.1
118.85,-0.1
118.86,0
118.87,0.3
118.88,-0.1
118.89,-0.5
118.9,0
118.91,-0.1
118.92,0.1
118.93,-0.3
118.94,-0.1
118.95,-0.1
118.96,0
118.97,-0.3
118.98,-0.4
118.99,-0.4
119,0.2
119.01,-0.4
119.02,-0.1
119.03,0
119.04,-0.4
119.05,0.2
119.06,0.2
119.07,-0.4
119.08,0.9
119.09,-0.1
119.1,-0.3
119.11,0.1
119.12,-0.1
119.13,-0.1
119.14,0.4
119.15,-0.1
119.16,0.1
119.17,0.4
119.18,0.8
119.19,-0.3
119.2,0.2
119.21,0.1
119.22,0.9
119.23,0
119.24,-0.1
119.25,-0.1
119.26,0.1
119.27,-0.4
119.28,-0.3
119.29,-0.1
119.3,0.5
119.31,-0.7
119.32,1.2
119.33,-0.5
119.34,0.7
119.35,0.5
119.36,-0.5
119.37,-0.1
119.38,-0.2
119.39,0.1
119.4,0
119.41,0
119.42,0
119.43,0.1
119.44,0.2
119.45,0.5
119.46,-0.1
119.47,-0.5
119.48,0.9
119.49,-0.5
119.5,0.3
119.51,-1
119.52,0
119.53,0.5
119.54,0.3
119.55,0
119.56,0.7
119.57,-0.1
119.58,-0.1
119.59,1.1
119.6,-0.5
119.61,-0.6
119.62,0.4
119.63,0.6
119.64,0.2
119.65,0.4
119.66,0.6
119.67,0.2
119.68,0
119.69,0
119.7,0.4
119.71,0
119.72,0
119.73,0
119.74,0
119.75,0.3
119.76,0.4
119.77,0.3
119.78,0.1
119.79,-0.3
119.8,0.2
119.81,0
119.82,0.1
119.83,0.3
119.84,-0.3
119.85,0
119.86,-0.1
119.87,0.9
119.88,0.5
119.89,-0.1
119.9,0.9
119.91,0.3
119.92,-0.7
119.93,-0.1
119.94,0
119.95,-0.3
119.96,0.5
119.97,-0.2
119.98,0
119.99,0
120,0.3
120.01,-0.1
120.02,0.2
120.03,-0.2
120.04,0.3
120.05,-0.7
120.06,-0.2
120.07,0.1
120.08,0
120.09,-0.2
120.1,-0.2
120.11,0
120.12,0.3
120.13,-0.5
120.14,0.9
120.15,0
120.16,-0.9
120.17,0.3
120.18,-0.3
120.19,-1.1
120.2,0.4
120.21,0
120.22,0
120.23,0
120.24,-0.3
120.25,0.3
120.26,-0.1
120.27,0
120.28,-0.4
120.29,0.5
120.3,-0.2
120.31,-0.3
120.32,0.1
120.33,-0.2
120.34,-0.7
120.35,1
120.36,0.6
120.37,-0.1
120.38,1
120.39,0.2
120.4,-0.8
120.41,0.6
120.42,-0.4
120.43,-0.9
120.44,1.3
120.45,-0.7
120.46,-0.1
120.47,0.3
120.48,0.2
120.49,0
120.5,0.6
120.51,-0.4
120.52,-0.3
120.53,0.6
120.54,-0.1
120.55,-0.5
120.56,0.9
120.57,0
120.58,-0.6
120.59,0.9
120.6,0.2
120.61,0
120.62,0.6
120.63,0.2
120.64,-0.2
120.65,0.9
120.66,-0.7
120.67,-0.4
120.68,1.3
120.69,-0.1
120.7,-0.6
120.71,0.3
120.72,-0.1
120.73,-0.3
120.74,-0.2
120.75,-0.1
120.76,-0.5
120.77,-0.1
120.78,-0.4
120.79,-0.8
120.8,-1
120.81,-0.1
120.82,-0.3
120.83,0.2
120.84,0.3
120.85,-0.4
120.86,0.4
120.87,-0.1
120.88,-0.4
120.89,0.2
120.9,-0.8
120.91,-0.6
120.92,-0.3
120.93,-0.2
120.94,-0.1
120.95,-0.1
120.96,-0.4
120.97,0.1
120.98,-0.8
120.99,-0.4
121,0
121.01,-0.5
121.02,-0.7
121.03,0.5
121.04,-0.6
121.05,0
121.06,-0.6
121.07,0.3
121.08,0.1
121.09,0
121.1,0.5
121.11,0
121.12,-0.2
121.13,-0.1
121.14,0
121.15,-0.3
121.16,0.7
121.17,-0.3
121.18,0.3
121.19,-0.1
121.2,-0.3
121.21,-0.3
121.22,-0.3
121.23,-0.6
121.24,0.3
121.25,-0.6
121.26,0.3
121.27,0
121.28,-0.3
121.29,1.3
121.3,0.2
121.31,0
121.32,0
121.33,-0.3
121.34,0.5
121.35,0.3
121.36,0
121.37,0
121.38,-0.3
121.39,0.2
121.4,0.6
121.41,0
121.42,0
121.43,-0.9
121.44,-0.1
121.45,0.1
121.46,0
121.47,0.2
121.48,0.3
121.49,0.2
121.5,0
121.51,0.3
121.52,-0.5
121.53,0.7
121.54,-0.1
121.55,0
121.56,0.8
121.57,0.3
121.58,0
121.59,-0.2
121.6,-0.3
121.61,0.4
121.62,0
121.63,-0.2
121.64,0
121.65,-0.3
121.66,0.2
121.67,-0.8
121.68,0
121.69,0
121.7,-1.1
121.71,-0.3
121.72,0.2
121.73,-0.7
121.74,0.5
121.75,0.3
121.76,-0.5
121.77,0.3
121.78,0
121.79,-0.3
121.8,-0.1
121.81,0
121.82,-0.6
121.83,0.3
121.84,0.1
121.85,-0.2
121.86,-0.3
121.87,0
121.88,-0.2
121.89,0.5
121.9,-0.5
121.91,-0.9
121.92,-0.4
121.93,0
121.94,-0.6
121.95,-0.3
121.96,0.1
121.97,-1.4
121.98,0
121.99,0.3
122,-1.2
122.01,0.5
122.02,-0.3
122.03,-1
122.04,0.3
122.05,-0.3
122.06,-1.1
122.07,0.3
122.08,-0.3
122.09,-0.7
122.1,0
122.11,0.2
122.12,-0.1
122.13,0.2
122.14,-0.5
122.15,-0.6
122.16,0.3
122.17,0
122.18,-1.2
122.19,0.6
122.2,0
122.21,-0.3
122.22,0
122.23,0
122.24,-0.6
122.25,0.7
122.26,0.5
122.27,-0.5
122.28,0.6
122.29,0
122.3,0
122.31,0
122.32,-0.9
122.33,-0.8
122.34,-0.4
122.35,-0.3
122.36,-0.4
122.37,0
122.38,0.2
122.39,-0.8
122.4,-0.4
122.41,0.3
122.42,-0.3
122.43,0.2
122.44,0.3
122.45,-0.5
122.46,-0.5
122.47,0.3
122.48,0
122.49,0.4
122.5,-0.1
122.51,0
122.52,0
122.53,0
122.54,0
122.55,0.2
122.56,-0.1
122.57,-0.1
122.58,-0.8
122.59,-0.2
122.6,0.2
122.61,-0.1
122.62,-0.7
122.63,-0.3
122.64,-0.1
122.65,0.2
122.66,-1
122.67,-0.4
122.68,-0.1
122.69,-0.1
122.7,-0.1
122.71,0.4
122.72,-0.1
122.73,1.2
122.74,-0.1
122.75,0.2
122.76,1
122.77,0
122.78,-0.3
122.79,0.5
122.8,-0.4
122.81,0.7
122.82,-0.3
122.83,-0.5
122.84,0.5
122.85,-0.4
122.86,-0.9
122.87,-0.9
122.88,-0.4
122.89,-0.3
122.9,-1.6
122.91,0
122.92,-0.3
122.93,-0.1
122.94,-0.3
122.95,-0.1
122.96,-0.6
122.97,0.6
122.98,-0.4
122.99,0
123,0.2
123.01,-0.4
123.02,0
123.03,-0.5
123.04,-0.6
123.05,0.6
123.06,0
123.07,0
123.08,0.2
123.09,0.3
123.1,0
123.11,0.1
123.12,0
123.13,0.2
123.14,0
123.15,0.5
123.16,0.6
123.17,-0.3
123.18,0
123.19,0.2
123.2,0
123.21,0.5
123.22,0
123.23,0
123.24,0.2
123.25,0
123.26,0
123.27,0.2
123.28,0
123.29,0.5
123.3,-0.4
123.31,-0.4
123.32,1.1
123.33,-0.4
123.34,0.2
123.35,0.4
123.36,0.4
123.37,0
123.38,-0.8
123.39,-0.4
123.4,0
123.41,-0.2
123.42,0.2
123.43,0.4
123.44,0.1
123.45,0.8
123.46,0
123.47,0.4
123.48,0.5
123.49,-0.4
123.5,-0.1
123.51,0.5
123.52,-0.1
123.53,0.6
123.54,-0.1
123.55,-0.5
123.56,0.9
123.57,-0.2
123.58,-0.4
123.59,-0.1
123.6,0.3
123.61,-0.1
123.62,-0.1
123.63,0
123.64,-0.1
123.65,0.3
123.66,-0.1
123.67,-0.1
123.68,-0.8
123.69,0.8
123.7,0.1
123.71,-0.2
123.72,-0.1
123.73,-0.1
123.74,-0.2
123.75,0.7
123.76,-0.2
123.77,0.1
123.78,-0.5
123.79,-0.2
123.8,-0.4
123.81,-0.1
123.82,-0.2
123.83,-0.5
123.84,-0.6
123.85,0.1
123.86,-0.5
123.87,0.1
123.88,-0.2
123.89,-0.2
123.9,-0.2
123.91,0.3
123.92,-0.7
123.93,0
123.94,-0.4
123.95,-0.6
123.96,0.1
123.97,-0.2
123.98,0.1
123.99,0.4
124,-0.2
124.01,0.1
124.02,-0.5
124.03,-0.3
124.04,0.1
124.05,-0.1
124.06,1.1
124.07,-0.5
124.08,0
124.09,-0.1
124.1,-0.9
124.11,-0.5
124.12,0.1
124.13,-0.7
124.14,0.1
124.15,-0.1
124.16,-1.2
124.17,0.2
124.18,-0.1
124.19,-0.3
124.2,0.3
124.21,0
124.22,-0.1
124.23,0.1
124.24,-0.1
124.25,0.1
124.26,-0.9
124.27,0
124.28,-0.2
124.29,0
124.3,0.3
124.31,-0.5
124.32,-0.2
124.33,-0.1
124.34,-0.4
124.35,0
124.36,0.2
124.37,-0.6
124.38,-0.4
124.39,0.8
124.4,-0.6
124.41,0.1
124.42,-0.4
124.43,0
124.44,0.2
124.45,-0.4
124.46,0
124.47,0.2
124.48,-0.4
124.49,-0.4
124.5,-0.6
124.51,-0.4
124.52,-0.3
124.53,0.3
124.54,0.2
124.55,-0.4
124.56,-0.4
124.57,-0.1
124.58,-1.2
124.59,0.2
124.6,-0.5
124.61,-0.8
124.62,-0.1
124.63,0.2
124.64,-0.4
124.65,0.2
124.66,-0.4
124.67,0
124.68,0.2
124.69,-0.7
124.7,0.4
124.71,0.1
124.72,-0.2
124.73,-0.5
124.74,-0.2
124.75,-0.5
124.76,0.1
124.77,-0.5
124.78,-0.2
124.79,0
124.8,-0.1
124.81,0
124.82,-0.3
124.83,-0.5
124.84,-0.1
124.85,-0.1
124.86,-0.4
124.87,0.2
124.88,-0.4
124.89,0.1
124.9,-0.4
124.91,-0.1
124.92,0.1
124.93,-0.5
124.94,-0.1
124.95,0.9
124.96,0.1
124.97,0.7
124.98,0
124.99,-0.6
125,0.7
125.01,-0.2
125.02,-0.1
125.03,0
125.04,-0.1
125.05,0.2
125.06,0
125.07,-0.2
125.08,-0.1
125.09,-0.6
125.1,0
125.11,0.2
125.12,0
125.13,0
125.14,-0.3
125.15,0.3
125.16,0
125.17,0
125.18,0.2
125.19,1
125.2,0.1
125.21,0
125.22,0
125.23,-0.3
125.24,-0.4
125.25,-0.5
125.26,-0.1
125.27,-0.1
125.28,-0.1
125.29,0.6
125.3,-0.3
125.31,-0.8
125.32,-0.1
125.33,-0.5
125.34,-0.6
125.35,0.3
125.36,0
125.37,0
125.38,0
125.39,0.2
125.4,0.3
125.41,-0.1
125.42,0
125.43,0.3
125.44,0
125.45,0.9
125.46,0
125.47,-0.3
125.48,0
125.49,-0.3
125.5,0.1
125.51,-0.3
125.52,0.9
125.53,0.5
125.54,-0.5
125.55,-0.5
125.56,0.3
125.57,-0.3
125.58,-0.5
125.59,0.1
125.6,-0.1
125.61,0
125.62,0
125.63,0.5
125.64,0.4
125.65,0.1
125.66,0.7
125.67,0.1
125.68,0
125.69,0
125.7,-0.5
125.71,-0.2
125.72,0.2
125.73,-0.3
125.74,0
125.75,-0.5
125.76,0.1
125.77,-0.4
125.78,0.1
125.79,-0.4
125.8,1.1
125.81,-0.6
125.82,-0.1
125.83,0
125.84,0
125.85,-0.1
125.86,-0.4
125.87,-0.1
125.88,-0.3
125.89,-0.6
125.9,0.1
125.91,-0.1
125.92,0.8
125.93,0.2
125.94,0.1
125.95,0.2
125.96,0.5
125.97,0
125.98,0
125.99,-0.4
126,0.1
126.01,0.6
126.02,0.6
126.03,-0.4
126.04,0
126.05,0
126.06,0.1
126.07,0.2
126.08,0
126.09,0
126.1,-0.4
126.11,-0.6
126.12,1.2
126.13,-0.4
126.14,0.4
126.15,0.6
126.16,0
126.17,0.3
126.18,-0.3
126.19,0
126.2,-0.1
126.21,-0.2
126.22,-0.3
126.23,0
126.24,0.3
126.25,0
126.26,0.3
126.27,-0.1
126.28,1
126.29,-0.3
126.3,0
126.31,0.3
126.32,-0.7
126.33,-0.8
126.34,-0.1
126.35,-0.2
126.36,0.5
126.37,-0.5
126.38,0.5
126.39,0.3
126.4,0
126.41,-0.2
126.42,0
126.43,0
126.44,0.3
126.45,-0.2
126.46,0.5
126.47,0
126.48,-0.6
126.49,0
126.5,0.1
126.51,-0.7
126.52,1.3
126.53,-0.7
126.54,-0.4
126.55,0.2
126.56,-0.4
126.57,0.2
126.58,0.1
126.59,0
126.6,0
126.61,0.2
126.62,0.2
126.63,0.6
126.64,-0.4
126.65,0.2
126.66,0
126.67,0.5
126.68,0
126.69,-0.3
126.7,0
126.71,0
126.72,0.2
126.73,0.3
126.74,0.2
126.75,0
126.76,0.7
126.77,-0.7
126.78,0
126.79,0.7
126.8,-0.3
126.81,0
126.82,0.1
126.83,0.2
126.84,0.2
126.85,-0.4
126.86,0.2
126.87,0.5
126.88,-0.2
126.89,0.3
126.9,0.3
126.91,0
126.92,0.3
126.93,-0.3
126.94,-0.3
126.95,0
126.96,0
126.97,-0.2
126.98,0
126.99,-0.3
127,0.8
127.01,-0.4
127.02,0.5
127.03,0
127.04,-0.3
127.05,0.5
127.06,0
127.07,0
127.08,0
127.09,-0.3
127.1,0
127.11,-0.4
127.12,0
127.13,0.3
127.14,-0.1
127.15,-0.8
127.16,0.7
127.17,0.3
127.18,0
127.19,-0.7
127.2,-0.4
127.21,0
127.22,-0.3
127.23,-0.3
127.24,0.3
127.25,-0.2
127.26,-0.3
127.27,0.1
127.28,0.4
127.29,-0.1
127.3,-0.3
127.31,0.7
127.32,0.3
127.33,-0.3
127.34,0.2
127.35,0
127.36,-0.7
127.37,0.3
127.38,0
127.39,-0.3
127.4,0.3
127.41,-0.1
127.42,0.3
127.43,0
127.44,-0.8
127.45,0
127.46,-0.4
127.47,-0.3
127.48,-0.9
127.49,0
127.5,-0.3
127.51,0.5
127.52,0.2
127.53,0
127.54,0.2
127.55,-0.3
127.56,0.3
127.57,0.4
127.58,0
127.59,0.3
127.6,-0.8
127.61,0.8
127.62,-0.3
127.63,-0.2
127.64,0.2
127.65,0
127.66,-0.7
127.67,0.1
127.68,-0.3
127.69,0.6
127.7,-0.6
127.71,-1.1
127.72,0
127.73,-0.3
127.74,-0.6
127.75,0
127.76,0
127.77,-0.3
127.78,0
127.79,0
127.8,0.1
127.81,-0.3
127.82,-0.2
127.83,0.2
127.84,-0.4
127.85,0.2
127.86,-0.4
127.87,0.1
127.88,0.2
127.89,-0.1
127.9,0
127.91,0
127.92,-0.3
127.93,0.2
127.94,0
127.95,-0.3
127.96,0
127.97,0
127.98,0
127.99,0.5
128,0.4
128.01,0
128.02,0.1
128.03,0.3
128.04,0.2
128.05,0
128.06,-0.4
128.07,0
128.08,-1.1
128.09,0.2
128.1,-1.1
128.11,-0.4
128.12,0.2
128.13,0
128.14,-0.1
128.15,-0.1
128.16,0
128.17,0.2
128.18,0
128.19,0
128.2,-0.4
128.21,0
128.22,-0.4
128.23,0.7
128.24,0
128.25,0.2
128.26,0.3
128.27,0.7
128.28,0
128.29,0
128.3,0
128.31,0
128.32,0
128.33,0.4
128.34,-0.6
128.35,-0.4
128.36,0.2
128.37,-0.8
128.38,0
128.39,0.4
128.4,-0.4
128.41,0.2
128.42,0
128.43,0
128.44,0.2
128.45,-0.5
128.46,-0.6
128.47,0.4
128.48,0.3
128.49,-0.8
128.5,-0.4
128.51,0
128.52,-0.3
128.53,0.1
128.54,0.6
128.55,0
128.56,-0.2
128.57,0.2
128.58,-0.8
128.59,0.3
128.6,0.2
128.61,0
128.62,0.1
128.63,0.1
128.64,-0.6
128.65,0.5
128.66,-0.3
128.67,0.2
128.68,0
128.69,-0.1
128.7,-0.2
128.71,0.3
128.72,-0.5
128.73,-0.7
128.74,0
128.75,0
128.76,-0.5
128.77,-0.3
128.78,0
128.79,-0.4
128.8,-0.3
128.81,0.6
128.82,-0.4
128.83,-0.3
128.84,0
128.85,0
128.86,0.3
128.87,0.5
128.88,-0.3
128.89,0.2
128.9,0
128.91,0
128.92,0.8
128.93,-0.1
128.94,0.2
128.95,0.2
128.96,0
128.97,0
128.98,0
128.99,0
129,-0.3
129.01,0
129.02,0.2
129.03,1
129.04,0.2
129.05,0
129.06,-0.6
129.07,0
129.08,0
129.09,-0.1
129.1,-1
129.11,-0.3
129.12,-0.3
129.13,-0.7
129.14,0
129.15,-0.1
129.16,0.3
129.17,0.2
129.18,0.5
129.19,0
129.2,0
129.21,0
129.22,0.2
129.23,0
129.24,0.5
129.25,-0.3
129.26,0
129.27,-0.2
129.28,0.1
129.29,0.5
129.3,-0.2
129.31,-0.3
129.32,-0.2
129.33,-0.1
129.34,0
129.35,-0.1
129.36,-1.1
129.37,0.1
129.38,-0.4
129.39,-0.6
129.4,0.2
129.41,0
129.42,-0.1
129.43,-0.6
129.44,0.1
129.45,0.1
129.46,0
129.47,0
129.48,-0.3
129.49,-0.2
129.5,0.4
129.51,0
129.52,-0.5
129.53,0.5
129.54,-0.7
129.55,-0.9
129.56,0.6
129.57,0.2
129.58,0.1
129.59,-0.5
129.6,-0.1
129.61,-0.1
129.62,-0.1
129.63,-0.1
129.64,-0.6
129.65,-0.1
129.66,0.5
129.67,0.4
129.68,-0.4
129.69,0.4
129.7,-0.1
129.71,-0.1
129.72,0.4
129.73,-0.1
129.74,0.1
129.75,0.7
129.76,-0.1
129.77,0.6
129.78,0.4
129.79,-0.4
129.8,1.7
129.81,0.3
129.82,0.4
129.83,-0.4
129.84,0.2
129.85,-0.3
129.86,0.2
129.87,-0.1
129.88,0.2
129.89,0.2
129.9,0.7
129.91,0.2
129.92,-0.1
129.93,0.5
129.94,-0.4
129.95,-0.3
129.96,0.7
129.97,-0.4
129.98,0
129.99,0.6
130,-0.2
130.01,0.8
130.02,0.3
130.03,-0.4
130.04,1.5
130.05,0.4
130.06,0.4
130.07,-0.2
130.08,0.8
130.09,0.3
130.1,0
130.11,0.8
130.12,1.2
130.13,-0.6
130.14,1
130.15,0.8
130.16,0.8
130.17,0.4
130.18,0
130.19,-0.4
130.2,0.8
130.21,-0.4
130.22,0
130.23,1.1
130.24,-0.3
130.25,0.2
130.26,0.1
130.27,0.3
130.28,0.2
130.29,0.2
130.3,0.4
130.31,-0.4
130.32,0.3
130.33,-0.1
130.34,0.3
130.35,0.3
130.36,-0.1
130.37,-0.4
130.38,0.2
130.39,0.2
130.4,0
130.41,-0.1
130.42,-0.4
130.43,0.1
130.44,0.1
130.45,-0.4
130.46,-0.2
130.47,0
130.48,-0.4
130.49,0.4
130.5,-0.1
130.51,-0.3
130.52,0
130.53,-0.4
130.54,0.4
130.55,-0.4
130.56,-0.2
130.57,-0.4
130.58,-0.4
130.59,-0.6
130.6,0.2
130.61,-0.4
130.62,-0.4
130.63,-0.1
130.64,-0.4
130.65,-0.1
130.66,-0.1
130.67,-0.3
130.68,0.2
130.69,-0.1
130.7,0.1
130.71,0.2
130.72,0
130.73,-0.4
130.74,-0.7
130.75,0
130.76,0.2
130.77,-0.3
130.78,0
130.79,0
130.8,-0.4
130.81,0.5
130.82,-0.1
130.83,0.6
130.84,0.5
130.85,0.2
130.86,0
130.87,0.5
130.88,-0.1
130.89,-0.5
130.9,0
130.91,-0.1
130.92,-0.5
130.93,0.3
130.94,-0.2
130.95,-0.3
130.96,1.5
130.97,0.2
130.98,-0.4
130.99,-0.1
131,-0.2
131.01,-1.1
131.02,0.2
131.03,0
131.04,0
131.05,0.8
131.06,0.5
131.07,-0.4
131.08,1
131.09,-0.3
131.1,0
131.11,1.2
131.12,-0.3
131.13,0.3
131.14,0.7
131.15,0.2
131.16,0.3
131.17,1
131.18,0
131.19,0.1
131.2,0.2
131.21,0.5
131.22,-0.8
131.23,0.1
131.24,0.2
131.25,-0.8
131.26,0.7
131.27,-0.4
131.28,-0.9
131.29,0.8
131.3,-0.3
131.31,-0.4
131.32,0.6
131.33,-0.4
131.34,0
131.35,0.8
131.36,-0.3
131.37,0.5
131.38,0.2
131.39,0.7
131.4,0
131.41,0.1
131.42,0.2
131.43,-0.1
131.44,0.5
131.45,0.7
131.46,-0.8
131.47,0
131.48,0.1
131.49,-0.5
131.5,0.1
131.51,-0.9
131.52,-0.1
131.53,0.5
131.54,-0.5
131.55,-0.1
131.56,0.3
131.57,0.5
131.58,0.1
131.59,-0.1
131.6,-0.7
131.61,0
131.62,-0.2
131.63,0.1
131.64,0
131.65,-0.3
131.66,0
131.67,0.2
131.68,-1
131.69,0.4
131.7,-1
131.71,0.1
131.72,0.2
131.73,0.2
131.74,0.4
131.75,-0.6
131.76,-0.1
131.77,0
131.78,-0.4
131.79,-0.1
131.8,0.5
131.81,0.1
131.82,-0.1
131.83,-0.8
131.84,0.4
131.85,0.4
131.86,0
131.87,0.2
131.88,0.5
131.89,-0.4
131.9,-0.4
131.91,0.2
131.92,-0.4
131.93,0
131.94,-0.5
131.95,-0.3
131.96,0.1
131.97,0.2
131.98,0
131.99,0
132,-0.3
132.01,0.2
132.02,-0.8
132.03,0
132.04,0
132.05,-0.8
132.06,0
132.07,0.8
132.08,0
132.09,-0.5
132.1,-0.1
132.11,0.1
132.12,0.2
132.13,-0.3
132.14,-1.3
132.15,0
132.16,-0.7
132.17,-0.2
132.18,0
132.19,-1.1
132.2,0.2
132.21,-0.4
132.22,0
132.23,-0.5
132.24,0.2
132.25,0
132.26,-0.2
132.27,0
132.28,0
132.29,-0.4
132.3,0.3
132.31,0.1
132.32,-0.1
132.33,0.1
132.34,-0.3
132.35,-0.4
132.36,0.3
132.37,-1.6
132.38,0
132.39,0
132.4,-1.1
132.41,-0.4
132.42,-0.5
132.43,-2
132.44,0.6
132.45,-0.3
132.46,-0.5
132.47,-0.5
132.48,-0.2
132.49,-0.7
132.5,-0.3
132.51,-0.3
132.52,-0.8
132.53,-0.1
132.54,0.5
132.55,-0.8
132.56,0.2
132.57,-0.8
132.58,-1.5
132.59,-0.8
132.6,0.5
132.61,-1.9
132.62,0.4
132.63,0.1
132.64,-1.3
132.65,0.1
132.66,-0.5
132.67,-1.3
132.68,-0.2
132.69,-1.2
132.7,-0.9
132.71,-0.1
132.72,-0.3
132.73,-0.7
132.74,-0.1
132.75,-0.7
132.76,-0.9
132.77,-1.2
132.78,0.1
132.79,-0.5
132.8,0
132.81,-0.1
132.82,-0.4
132.83,-0.1
132.84,0.4
132.85,-0.4
132.86,0.2
132.87,-0.1
132.88,-0.9
132.89,0.5
132.9,-0.4
132.91,-0.8
132.92,0
132.93,-0.8
132.94,0
132.95,-0.4
132.96,-0.1
132.97,-0.5
132.98,0
132.99,-0.7
133,0.3
133.01,-0.3
133.02,0.5
133.03,0.3
133.04,-0.3
133.05,0
133.06,0
133.07,-0.8
133.08,0.3
133.09,0.5
133.1,0.3
133.11,0
133.12,0.7
133.13,0
133.14,0.5
133.15,0
133.16,0.3
133.17,0
133.18,0
133.19,-0.3
133.2,-0.4
133.21,-0.3
133.22,0
133.23,-0.3
133.24,0.6
133.25,-0.3
133.26,0
133.27,0.6
133.28,-0.3
133.29,0.2
133.3,0.2
133.31,-0.4
133.32,0.3
133.33,0.4
133.34,0
133.35,-0.4
133.36,0
133.37,0
133.38,0.2
133.39,0.2
133.4,-0.3
133.41,-0.3
133.42,0.9
133.43,-0.5
133.44,0
133.45,0.8
133.46,-0.3
133.47,-0.5
133.48,0.3
133.49,-0.6
133.5,0
133.51,0.5
133.52,0.1
133.53,0.2
133.54,0.2
133.55,-0.9
133.56,0.8
133.57,-0.5
133.58,-0.8
133.59,-0.2
133.6,-0.3
133.61,-0.3
133.62,0.4
133.63,0.1
133.64,0
133.65,-0.4
133.66,0.4
133.67,-1.2
133.68,-0.4
133.69,0.3
133.7,-0.4
133.71,-0.1
133.72,0.4
133.73,-0.8
133.74,-0.1
133.75,-0.1
133.76,-1.3
133.77,0.1
133.78,-0.2
133.79,-1.5
133.8,-0.1
133.81,-0.7
133.82,-0.7
133.83,0.2
133.84,0.1
133.85,-0.3
133.86,-0.4
133.87,0.3
133.88,-0.9
133.89,-0.1
133.9,0.3
133.91,-0.6
133.92,-0.4
133.93,0.2
133.94,-1
133.95,-0.1
133.96,0
133.97,0.1
133.98,0.5
133.99,0.3
134,-0.7
134.01,1
134.02,0
134.03,-0.8
134.04,0.2
134.05,-0.5
134.06,-0.2
134.07,0.3
134.08,-0.8
134.09,-0.3
134.1,-0.3
134.11,0.2
134.12,0.8
134.13,0
134.14,0.2
134.15,-0.2
134.16,0
134.17,0.3
134.18,0
134.19,0.3
134.2,0.7
134.21,0.3
134.22,0
134.23,0.6
134.24,-0.8
134.25,0
134.26,0
134.27,1.9
134.28,0.5
134.29,0
134.3,-0.3
134.31,0.2
134.32,-0.3
134.33,-0.3
134.34,0.4
134.35,-0.3
134.36,0
134.37,-0.7
134.38,0
134.39,-0.6
134.4,0.8
134.41,0.5
134.42,0.2
134.43,0.2
134.44,0.3
134.45,0.1
134.46,0
134.47,1.1
134.48,-0.1
134.49,0.6
134.5,-0.4
134.51,0.9
134.52,-0.5
134.53,-0.1
134.54,-0.4
134.55,0.4
134.56,-0.4
134.57,0.4
134.58,0
134.59,-0.4
134.6,1
134.61,-0.1
134.62,0.2
134.63,-0.1
134.64,0.1
134.65,-0.3
134.66,0.1
134.67,0.1
134.68,0
134.69,0
134.7,-0.5
134.71,0.5
134.72,0.4
134.73,0
134.74,-0.1
134.75,0.1
134.76,0.5
134.77,-0.1
134.78,0
134.79,1.2
134.8,-0.4
134.81,0.2
134.82,-0.4
134.83,-0.8
134.84,0
134.85,-0.4
134.86,0.1
134.87,-0.1
134.88,-0.1
134.89,0.1
134.9,0.1
134.91,0.6
134.92,-0.6
134.93,-0.1
134.94,0.4
134.95,-0.1
134.96,-0.1
134.97,0.1
134.98,-0.4
134.99,0.1
135,0.5
135.01,-0.4
135.02,0.4
135.03,1.1
135.04,-0.1
135.05,-0.3
135.06,-0.4
135.07,-0.4
135.08,0.7
135.09,-0.4
135.1,-0.1
135.11,0.1
135.12,-0.2
135.13,0.6
135.14,-0.4
135.15,-0.1
135.16,0.1
135.17,0.6
135.18,0.1
135.19,0.5
135.2,-0.4
135.21,-0.1
135.22,0
135.23,0
135.24,0
135.25,-1.6
135.26,0.6
135.27,0.4
135.28,-0.3
135.29,0.8
135.3,-0.6
135.31,-0.3
135.32,0.8
135.33,0
135.34,0.8
135.35,0.4
135.36,-0.4
135.37,0.7
135.38,-0.1
135.39,-0.4
135.4,1
135.41,0.2
135.42,0.4
135.43,1.3
135.44,0.1
135.45,0.2
135.46,-0.1
135.47,0
135.48,0.3
135.49,-0.4
135.5,-0.1
135.51,-0.3
135.52,-0.9
135.53,0.4
135.54,0
135.55,0.1
135.56,0.7
135.57,-0.9
135.58,-0.1
135.59,-0.6
135.6,-0.4
135.61,-0.1
135.62,0.7
135.63,-0.5
135.64,0.2
135.65,-1.2
135.66,-0.1
135.67,0.2
135.68,-0.1
135.69,-0.6
135.7,-0.6
135.71,0.1
135.72,-1.1
135.73,-0.7
135.74,0.2
135.75,-0.2
135.76,0.4
135.77,0.2
135.78,0.1
135.79,-0.4
135.8,0.4
135.81,-0.1
135.82,0.1
135.83,-0.9
135.84,0
135.85,-0.3
135.86,-0.1
135.87,-1.2
135.88,0.7
135.89,-0.1
135.9,0.2
135.91,0.4
135.92,0.4
135.93,-0.1
135.94,0.1
135.95,-0.3
135.96,0.4
135.97,-0.3
135.98,0
135.99,-0.5
136,0
136.01,0.1
136.02,0
136.03,-0.3
136.04,1.1
136.05,0
136.06,0.2
136.07,0
136.08,-0.3
136.09,0
136.1,-0.7
136.11,0
136.12,0.2
136.13,0
136.14,0.2
136.15,0
136.16,0
136.17,0
136.18,0
136.19,0
136.2,0.8
136.21,-0.4
136.22,-0.1
136.23,-0.1
136.24,-0.1
136.25,0
136.26,0.4
136.27,-0.4
136.28,0.5
136.29,-0.1
136.3,0.3
136.31,-0.9
136.32,0.4
136.33,0.2
136.34,-0.3
136.35,-0.3
136.36,0.2
136.37,-0.3
136.38,0.9
136.39,0.6
136.4,0
136.41,0
136.42,0.4
136.43,-0.2
136.44,1.5
136.45,-0.7
136.46,0.3
136.47,0.3
136.48,-0.3
136.49,-0.2
136.5,-0.3
136.51,-0.3
136.52,0
136.53,0
136.54,0
136.55,-0.3
136.56,-0.3
136.57,0
136.58,-0.1
136.59,-0.8
136.6,0.3
136.61,-0.6
136.62,0.3
136.63,0
136.64,-0.9
136.65,0
136.66,-0.2
136.67,-0.1
136.68,0.3
136.69,0.2
136.7,0
136.71,0
136.72,-0.3
136.73,0.3
136.74,0.2
136.75,-0.6
136.76,0.3
136.77,-0.3
136.78,-0.3
136.79,-0.9
136.8,-0.6
136.81,-0.5
136.82,-0.1
136.83,0
136.84,0.2
136.85,-0.8
136.86,0.4
136.87,-0.5
136.88,-0.9
136.89,-0.6
136.9,-0.8
136.91,0
136.92,0
136.93,-0.4
136.94,-0.8
136.95,1
136.96,-0.4
136.97,-0.2
136.98,-0.1
136.99,-0.4
137,0.4
137.01,-0.4
137.02,-0.4
137.03,-0.4
137.04,-0.8
137.05,-0.7
137.06,-0.4
137.07,-0.4
137.08,0.4
137.09,-0.4
137.1,-0.5
137.11,0
137.12,-0.5
137.13,-0.3
137.14,-0.4
137.15,-0.4
137.16,-0.3
137.17,-0.6
137.18,0.5
137.19,0.6
137.2,-0.6
137.21,0
137.22,-0.6
137.23,0
137.24,0.2
137.25,0
137.26,0
137.27,-0.3
137.28,-0.3
137.29,0
137.3,-0.2
137.31,-0.5
137.32,0.3
137.33,0.4
137.34,0.3
137.35,0.8
137.36,0
137.37,0.3
137.38,0
137.39,0.5
137.4,-0.5
137.41,-0.3
137.42,0
137.43,0.5
137.44,-0.3
137.45,0.5
137.46,-0.3
137.47,0
137.48,-0.2
137.49,-0.3
137.5,-0.5
137.51,-0.3
137.52,-0.5
137.53,-1.1
137.54,0
137.55,0
137.56,0
137.57,0.9
137.58,0.1
137.59,0.8
137.6,-0.4
137.61,0.2
137.62,-0.4
137.63,0.4
137.64,0.2
137.65,0
137.66,0.2
137.67,0.2
137.68,-0.4
137.69,0.2
137.7,-0.4
137.71,0
137.72,0.2
137.73,0.3
137.74,-0.4
137.75,-0.1
137.76,-0.4
137.77,0
137.78,0
137.79,-0.4
137.8,0.8
137.81,0
137.82,0
137.83,0.8
137.84,-0.1
137.85,0.4
137.86,0
137.87,-0.1
137.88,-0.1
137.89,-0.1
137.9,-0.1
137.91,0.3
137.92,-0.4
137.93,0.1
137.94,-0.5
137.95,0.6
137.96,0
137.97,-0.5
137.98,0.1
137.99,-0.4
138,-0.4
138.01,0.4
138.02,-0.2
138.03,-0.5
138.04,0.1
138.05,-0.1
138.06,-0.1
138.07,0.1
138.08,-0.2
138.09,0
138.1,-0.1
138.11,-0.6
138.12,0.1
138.13,-0.5
138.14,-0.1
138.15,0.1
138.16,-0.1
138.17,0.2
138.18,-0.5
138.19,-0.1
138.2,-0.1
138.21,-0.1
138.22,-0.1
138.23,-0.5
138.24,-0.7
138.25,-0.1
138.26,-1.3
138.27,-0.4
138.28,0.2
138.29,-1
138.3,-0.4
138.31,0.2
138.32,-0.1
138.33,0
138.34,-0.6
138.35,0
138.36,0.6
138.37,0.2
138.38,0.3
138.39,0.3
138.4,-0.1
138.41,-0.2
138.42,-0.1
138.43,0.3
138.44,0
138.45,-0.3
138.46,0
138.47,-0.3
138.48,0
138.49,0.2
138.5,0
138.51,-0.9
138.52,0.2
138.53,0
138.54,0
138.55,-0.3
138.56,0.2
138.57,-0.6
138.58,0.3
138.59,0.2
138.6,0.5
138.61,-0.3
138.62,0.5
138.63,0.3
138.64,0.2
138.65,0.3
138.66,0.3
138.67,-0.3
138.68,0
138.69,-0.8
138.7,0.3
138.71,-0.5
138.72,0
138.73,0.4
138.74,0.1
138.75,0
138.76,0.8
138.77,-0.4
138.78,0
138.79,0
138.8,-0.4
138.81,-0.3
138.82,0.4
138.83,0.2
138.84,0
138.85,0
138.86,0
138.87,0
138.88,0.4
138.89,0.4
138.9,-0.1
138.91,-0.2
138.92,0
138.93,-0.9
138.94,-0.3
138.95,0.2
138.96,0
138.97,-0.3
138.98,0.4
138.99,-0.3
139,1.3
139.01,0.4
139.02,1
139.03,0.6
139.04,-0.4
139.05,0.2
139.06,0
139.07,0
139.08,0.2
139.09,-0.5
139.1,1
139.11,0.2
139.12,0.4
139.13,0.5
139.14,0
139.15,-0.3
139.16,0.2
139.17,0
139.18,0
139.19,0.1
139.2,0.4
139.21,0.2
139.22,0.1
139.23,0
139.24,0.2
139.25,-0.3
139.26,1
139.27,0.2
139.28,0
139.29,0.2
139.3,0
139.31,0.2
139.32,0.2
139.33,-0.5
139.34,0
139.35,0
139.36,0
139.37,0.2
139.38,0.4
139.39,0.1
139.4,1.4
139.41,0
139.42,0.3
139.43,0.4
139.44,0.2
139.45,0
139.46,-0.2
139.47,-0.3
139.48,0.6
139.49,-0.5
139.5,0.2
139.51,0.3
139.52,-0.2
139.53,0.6
139.54,0
139.55,0
139.56,0.6
139.57,0
139.58,1.4
139.59,0
139.6,0
139.61,0.6
139.62,-0.2
139.63,0.2
139.64,0.9
139.65,-0.3
139.66,0
139.67,-0.3
139.68,0
139.69,-0.8
139.7,-0.3
139.71,-0.9
139.72,0.3
139.73,0.5
139.74,0
139.75,1.1
139.76,0.4
139.77,0.5
139.78,0
139.79,0
139.8,0.8
139.81,0.4
139.82,0.6
139.83,-0.5
139.84,0
139.85,0.8
139.86,0
139.87,0
139.88,0.5
139.89,0.1
139.9,0.1
139.91,-0.1
139.92,-0.4
139.93,-0.1
139.94,-0.8
139.95,-0.1
139.96,0.1
139.97,-0.1
139.98,-0.2
139.99,0.1
140,-0.5
140.01,0.1
140.02,-1.3
140.03,0
140.04,0
140.05,0
140.06,-0.2
140.07,0.3
140.08,-0.5
140.09,0.9
140.1,-0.1
140.11,-0.2
140.12,-0.4
140.13,-0.5
140.14,-0.2
140.15,0
140.16,0
140.17,0.6
140.18,-0.2
140.19,0.6
140.2,0.1
140.21,-0.5
140.22,-0.4
140.23,0
140.24,0.1
140.25,0
140.26,-0.4
140.27,-0.2
140.28,-0.4
140.29,0
140.3,0.3
140.31,0.6
140.32,0
140.33,0.1
140.34,0.1
140.35,0.3
140.36,0
140.37,-0.4
140.38,0.2
140.39,0.6
140.4,-0.4
140.41,0.6
140.42,0.1
140.43,0
140.44,0.4
140.45,-0.4
140.46,0
140.47,0.7
140.48,-0.3
140.49,-0.1
140.5,-0.1
140.51,0.4
140.52,-0.1
140.53,0.1
140.54,-0.1
140.55,1
140.56,-1
140.57,0.4
140.58,-0.4
140.59,0
140.6,0.2
140.61,0.1
140.62,-0.6
140.63,0
140.64,-0.4
140.65,0.7
140.66,0.1
140.67,-0.1
140.68,0.8
140.69,0.3
140.7,0.2
140.71,-0.3
140.72,-0.4
140.73,0.2
140.74,-0.1
140.75,-0.1
140.76,0.5
140.77,0
140.78,0.2
140.79,0.2
140.8,0.1
140.81,0.5
140.82,-0.3
140.83,-0.3
140.84,-0.2
140.85,-0.3
140.86,-0.8
140.87,-1.3
140.88,-0.6
140.89,0
140.9,0
140.91,0.3
140.92,0.8
140.93,0
140.94,0.6
140.95,0.7
140.96,-0.1
140.97,-0.1
140.98,0
140.99,-0.4
141,0.5
141.01,-0.8
141.02,0.1
141.03,-0.4
141.04,-0.1
141.05,0.6
141.06,-0.7
141.07,-0.1
141.08,0
141.09,0
141.1,-0.7
141.11,-0.4
141.12,-0.1
141.13,-0.4
141.14,-0.7
141.15,-0.1
141.16,-0.5
141.17,-0.2
141.18,0.4
141.19,0.2
141.2,-0.1
141.21,0.4
141.22,0.1
141.23,0
141.24,0.6
141.25,-0.5
141.26,0.7
141.27,-0.1
141.28,0.2
141.29,0.6
141.3,-0.3
141.31,0.2
141.32,1.4
141.33,0.4
141.34,0.1
141.35,-0.7
141.36,0.5
141.37,0
141.38,-0.1
141.39,0.5
141.4,0.2
141.41,-0.6
141.42,1
141.43,0.5
141.44,0.1
141.45,0.4
141.46,-0.7
141.47,-0.5
141.48,1
141.49,-0.4
141.5,-0.4
141.51,1.6
141.52,0.1
141.53,-0.8
141.54,0
141.55,-0.3
141.56,1
141.57,0.6
141.58,0.7
141.59,0.1
141.6,-0.1
141.61,0.2
141.62,-0.2
141.63,1.3
141.64,0.4
141.65,-0.5
141.66,0
141.67,-0.2
141.68,0.2
141.69,0.3
141.7,-0.3
141.71,-0.3
141.72,0.3
141.73,-0.8
141.74,0.3
141.75,1.4
141.76,0.2
141.77,0.3
141.78,0.5
141.79,0.2
141.8,0.5
141.81,1.1
141.82,-0.2
141.83,0
141.84,1
141.85,0
141.86,0.2
141.87,0.2
141.88,0.2
141.89,0
141.9,-0.9
141.91,-0.3
141.92,-0.8
141.93,0
141.94,-0.1
141.95,0
141.96,0.3
141.97,0.2
141.98,-0.3
141.99,0.3
142,-0.3
142.01,0
142.02,-0.5
142.03,-0.8
142.04,0
142.05,-0.3
142.06,0
142.07,-0.3
142.08,0.4
142.09,0.2
142.1,-0.1
142.11,-0.6
142.12,0.6
142.13,-0.4
142.14,0
142.15,0.2
142.16,-0.8
142.17,-0.5
142.18,0
142.19,0
142.2,0.2
142.21,-0.4
142.22,0.1
142.23,0.5
142.24,-0.6
142.25,0
142.26,-0.3
142.27,-1.1
142.28,0.2
142.29,-0.2
142.3,-0.2
142.31,0
142.32,-0.6
142.33,0
142.34,-0.3
142.35,-0.1
142.36,0.2
142.37,0.2
142.38,0
142.39,0.5
142.4,0
142.41,0.1
142.42,-0.3
142.43,-0.5
142.44,0
142.45,-0.1
142.46,0
142.47,0
142.48,-0.3
142.49,0.1
142.5,-0.3
142.51,0
142.52,0
142.53,0
142.54,-0.2
142.55,-0.1
142.56,-0.3
142.57,0
142.58,0
142.59,-0.2
142.6,0.6
142.61,0.4
142.62,0
142.63,0.8
142.64,-0.9
142.65,-0.2
142.66,0.2
142.67,0
142.68,0.3
142.69,0
142.7,0.1
142.71,-0.1
142.72,-0.8
142.73,1
142.74,-1.1
142.75,0.2
142.76,0.8
142.77,0.2
142.78,0.2
142.79,-1.1
142.8,-0.3
142.81,0.3
142.82,-0.3
142.83,-0.1
142.84,-0.1
142.85,0
142.86,-0.4
142.87,0.9
142.88,-0.2
142.89,0
142.9,0
142.91,0.7
142.92,-0.7
142.93,0.3
142.94,0
142.95,-0.1
142.96,0
142.97,0.3
142.98,-0.8
142.99,0
143,0
143.01,-0.6
143.02,0.2
143.03,-0.3
143.04,-0.9
143.05,0.5
143.06,-0.3
143.07,-1.2
143.08,-0.5
143.09,0
143.1,-0.8
143.11,0.8
143.12,-0.3
143.13,0
143.14,-0.6
143.15,0.5
143.16,-0.8
143.17,-0.6
143.18,-0.5
143.19,-0.5
143.2,-0.6
143.21,-0.3
143.22,-1.2
143.23,0
143.24,0.2
143.25,-0.9
143.26,-0.2
143.27,0
143.28,-0.6
143.29,-0.3
143.3,0.1
143.31,-1.2
143.32,-0.6
143.33,-0.5
143.34,-1.2
143.35,0.7
143.36,-0.5
143.37,-0.6
143.38,0.2
143.39,0.4
143.4,0
143.41,-0.9
143.42,-0.4
143.43,-0.9
143.44,-0.6
143.45,0.5
143.46,-1.2
143.47,-0.9
143.48,0.4
143.49,-0.8
143.5,-0.4
143.51,-0.3
143.52,-0.3
143.53,-0.1
143.54,0
143.55,-0.4
143.56,0.1
143.57,-0.4
143.58,0.1
143.59,0.2
143.6,-0.1
143.61,-0.9
143.62,-0.4
143.63,0.1
143.64,0.4
143.65,-0.4
143.66,0.2
143.67,0
143.68,0
143.69,-0.2
143.7,-0.8
143.71,-0.8
143.72,0.2
143.73,-0.5
143.74,0
143.75,0.2
143.76,-0.2
143.77,0
143.78,0
143.79,0.2
143.8,0.9
143.81,0
143.82,1.5
143.83,0.1
143.84,0.2
143.85,-0.9
143.86,0.2
143.87,0
143.88,0.9
143.89,-1.4
143.9,1.7
143.91,1.4
143.92,0.3
143.93,0.6
143.94,0.2
143.95,-0.8
143.96,0.6
143.97,-0.1
143.98,0
143.99,-0.3
144,0
144.01,0
144.02,-0.6
144.03,0
144.04,1.1
144.05,-0.3
144.06,0.1
144.07,0
144.08,0.5
144.09,0.5
144.1,-0.7
144.11,0.2
144.12,0.2
144.13,-0.1
144.14,0.4
144.15,0.2
144.16,0.4
144.17,-0.6
144.18,0.3
144.19,-1.2
144.2,0.2
144.21,-0.4
144.22,-0.1
144.23,-0.1
144.24,-0.1
144.25,-0.7
144.26,-1
144.27,-0.1
144.28,0
144.29,-0.1
144.3,0.4
144.31,0
144.32,-0.1
144.33,0.5
144.34,-0.7
144.35,0
144.36,1.2
144.37,-0.4
144.38,0
144.39,0.2
144.4,-0.7
144.41,0.1
144.42,0.6
144.43,-1
144.44,0.2
144.45,0.7
144.46,-0.1
144.47,-0.4
144.48,-0.1
144.49,-0.8
144.5,-0.3
144.51,-0.4
144.52,0
144.53,0
144.54,0.2
144.55,0.1
144.56,0.1
144.57,0.2
144.58,-0.1
144.59,0
144.6,0.8
144.61,-0.3
144.62,-0.5
144.63,-0.4
144.64,-0.3
144.65,0.2
144.66,0
144.67,-0.8
144.68,0.6
144.69,0.3
144.7,-0.4
144.71,-0.4
144.72,0
144.73,0
144.74,0.3
144.75,0
144.76,0
144.77,-0.2
144.78,0.3
144.79,0.3
144.8,-0.6
144.81,0.3
144.82,0
144.83,0.2
144.84,0.1
144.85,-0.5
144.86,0
144.87,0
144.88,-0.5
144.89,0.9
144.9,0
144.91,0
144.92,0.6
144.93,0
144.94,0.3
144.95,-0.2
144.96,-0.5
144.97,1.2
144.98,-0.2
144.99,0
145,-0.1
145.01,0
145.02,-0.7
145.03,0.9
145.04,0
145.05,0.2
145.06,0
145.07,0.5
145.08,0.3
145.09,0.2
145.1,-0.2
145.11,-0.2
145.12,-0.5
145.13,0.8
145.14,-0.9
145.15,0
145.16,0.2
145.17,-1.2
145.18,-0.6
145.19,0
145.2,-0.6
145.21,0.3
145.22,0.4
145.23,-0.9
145.24,0
145.25,0.1
145.26,0.1
145.27,0.2
145.28,0.4
145.29,-0.5
145.3,-0.7
145.31,0.6
145.32,-0.1
145.33,0.3
145.34,-0.1
145.35,1
145.36,-0.6
145.37,0.4
145.38,-0.1
145.39,-0.4
145.4,-0.1
145.41,-0.2
145.42,0.1
145.43,-0.1
145.44,-0.5
145.45,0.6
145.46,-0.1
145.47,0
145.48,0.4
145.49,-0.5
145.5,-0.1
145.51,1.2
145.52,-0.2
145.53,-0.4
145.54,-0.5
145.55,-0.2
145.56,0.4
145.57,-0.1
145.58,0.4
145.59,0.9
145.6,0.6
145.61,0.1
145.62,-0.7
145.63,0.3
145.64,-0.4
145.65,-0.2
145.66,-0.1
145.67,-0.6
145.68,0.1
145.69,0
145.7,-0.1
145.71,0
145.72,0.7
145.73,-0.1
145.74,-0.1
145.75,1
145.76,-0.9
145.77,0.5
145.78,-0.1
145.79,-0.1
145.8,-0.2
145.81,-0.1
145.82,-0.1
145.83,0.6
145.84,0.7
145.85,-0.3
145.86,0.1
145.87,-0.1
145.88,0.1
145.89,0.1
145.9,0
145.91,-0.8
145.92,0
145.93,0.1
145.94,0
145.95,-0.1
145.96,1
145.97,-0.1
145.98,0.1
145.99,1.9
146,-0.9
146.01,0
146.02,0
146.03,-0.9
146.04,0.2
146.05,-1.2
146.06,0
146.07,0.7
146.08,0
146.09,0
146.1,-0.1
146.11,-0.3
146.12,0.2
146.13,-0.5
146.14,0.3
146.15,0
146.16,-0.3
146.17,-0.5
146.18,-0.1
146.19,-0.4
146.2,-0.3
146.21,0
146.22,-0.6
146.23,0.8
146.24,0
146.25,0.5
146.26,-0.4
146.27,-0.9
146.28,0
146.29,-0.7
146.3,-0.6
146.31,0
146.32,0.1
146.33,0
146.34,0.4
146.35,0
146.36,0.8
146.37,-0.1
146.38,0.7
146.39,0
146.4,-0.3
146.41,0
146.42,0
146.43,-0.6
146.44,0.5
146.45,0.1
146.46,0.4
146.47,0
146.48,0.2
146.49,0
146.5,-0.2
146.51,-0.4
146.52,0
146.53,0
146.54,-0.2
146.55,-0.4
146.56,-0.8
146.57,0
146.58,0
146.59,-0.3
146.6,-0.4
146.61,-0.3
146.62,0.3
146.63,-0.5
146.64,0.5
146.65,0.3
146.66,0.2
146.67,-0.3
146.68,-0.1
146.69,0.4
146.7,0
146.71,0.3
146.72,0.7
146.73,-0.2
146.74,0.4
146.75,0.8
146.76,0
146.77,0.3
146.78,0
146.79,0.3
146.8,0
146.81,-0.5
146.82,-0.1
146.83,-0.5
146.84,0
146.85,-0.3
146.86,0
146.87,-0.2
146.88,0
146.89,-0.8
146.9,-0.3
146.91,-0.3
146.92,-0.2
146.93,-0.1
146.94,0
146.95,0
146.96,-0.3
146.97,0
146.98,0.4
146.99,0.2
147,1.3
147.01,-0.2
147.02,-0.3
147.03,0.5
147.04,0.3
147.05,0.3
147.06,-0.3
147.07,0.5
147.08,-0.3
147.09,-0.3
147.1,0.3
147.11,-0.3
147.12,0
147.13,0.5
147.14,-0.3
147.15,-0.3
147.16,0
147.17,-0.3
147.18,0
147.19,0.3
147.2,0.2
147.21,-0.5
147.22,-0.3
147.23,0.2
147.24,0.5
147.25,0
147.26,1.1
147.27,0.3
147.28,0.2
147.29,0
147.3,0
147.31,-0.6
147.32,0
147.33,0
147.34,-0.1
147.35,-0.3
147.36,0
147.37,-0.6
147.38,0.2
147.39,0
147.4,-0.5
147.41,-0.6
147.42,0.3
147.43,-0.8
147.44,-1
147.45,-0.5
147.46,-0.3
147.47,0
147.48,0
147.49,-0.3
147.5,0.3
147.51,0.5
147.52,-0.3
147.53,0.5
147.54,0.2
147.55,0.2
147.56,-0.2
147.57,0
147.58,-0.3
147.59,0
147.6,-0.3
147.61,0
147.62,0
147.63,0.2
147.64,0
147.65,-0.1
147.66,-0.8
147.67,0
147.68,-1.1
147.69,-0.3
147.7,-0.3
147.71,-0.8
147.72,-0.9
147.73,-0.3
147.74,0.8
147.75,-0.3
147.76,-0.3
147.77,0.3
147.78,-0.3
147.79,-0.6
147.8,0.5
147.81,0
147.82,0
147.83,-0.3
147.84,-0.1
147.85,0.5
147.86,-0.4
147.87,-0.8
147.88,-1.3
147.89,0
147.9,-0.3
147.91,0.3
147.92,0
147.93,-1
147.94,-0.3
147.95,-0.3
147.96,0.3
147.97,0.2
147.98,0
147.99,0
148,0
148.01,0
148.02,0
148.03,0
148.04,0.9
148.05,0.2
148.06,0.3
148.07,0.3
148.08,-0.2
148.09,0.3
148.1,-0.8
148.11,-0.3
148.12,0.3
148.13,0.4
148.14,-0.3
148.15,1.4
148.16,0
148.17,0
148.18,-0.8
148.19,0
148.2,-0.3
148.21,-0.6
148.22,0
148.23,1.4
148.24,0
148.25,0.8
148.26,-0.6
148.27,0.2
148.28,1.1
148.29,0
148.3,0.4
148.31,0
148.32,-0.8
148.33,0.5
148.34,0.4
148.35,2.2
148.36,3.8
148.37,5
148.38,4.8
148.39,6.9
148.4,5.3
148.41,5.8
148.42,5.6
148.43,5.8
148.44,5.9
148.45,5.7
148.46,5.9
148.47,10
148.48,13
148.49,10.6
148.5,7.4
148.51,4.8
148.52,2.5
148.53,1.1
148.54,0.1
148.55,0.7
148.56,0
148.57,-1.1
148.58,-1.7
148.59,-2.2
148.6,-3.9
148.61,-4.9
148.62,-3.3
148.63,-2.1
148.64,-1.2
148.65,-1.5
148.66,-1
148.67,-1.4
148.68,0.7
148.69,0.9
148.7,1.8
148.71,2.7
148.72,3.2
148.73,3.6
148.74,4.3
148.75,5.8
148.76,7.4
148.77,8
148.78,7.1
148.79,6.5
148.8,5
148.81,5
148.82,4.5
148.83,5.4
148.84,4.7
148.85,5.1
148.86,4.7
148.87,4.7
148.88,4.2
148.89,5.4
148.9,7.5
148.91,10.5
148.92,13.7
148.93,14.1
148.94,13.6
148.95,12.9
148.96,11.5
148.97,11.7
148.98,12.9
148.99,14
149,13.5
149.01,16.7
149.02,16.3
149.03,16.8
149.04,14.7
149.05,13.8
149.06,13.5
149.07,13.1
149.08,13.1
149.09,14.7
149.1,13.9
149.11,13.8
149.12,14.2
149.13,12.9
149.14,12.3
149.15,11.8
149.16,12.3
149.17,12.2
149.18,12.9
149.19,13.9
149.2,13.7
149.21,14.6
149.22,14.1
149.23,15
149.24,14.2
149.25,16.2
149.26,17.4
149.27,16.7
149.28,18.9
149.29,17.1
149.3,18.6
149.31,20.2
149.32,20.3
149.33,21
149.34,24.2
149.35,23.3
149.36,25.4
149.37,25.2
149.38,25.8
149.39,25.2
149.4,25.9
149.41,24.2
149.42,26.4
149.43,26.6
149.44,29.3
149.45,27.5
149.46,28.6
149.47,30.3
149.48,27.5
149.49,30.3
149.5,27.2
149.51,27.9
149.52,28.1
149.53,27.8
149.54,27.5
149.55,28.7
149.56,27.6
149.57,26.3
149.58,28.4
149.59,29.4
149.6,31
149.61,30.6
149.62,31.1
149.63,29.1
149.64,28
149.65,28.8
149.66,28.7
149.67,29
149.68,29.6
149.69,28.6
149.7,30.5
149.71,30.4
149.72,29.3
149.73,29.4
149.74,28.7
149.75,29.4
149.76,31.3
149.77,30.7
149.78,30
149.79,30.9
149.8,30.6
149.81,29.9
149.82,29.4
149.83,29.2
149.84,29
149.85,30
149.86,29.1
149.87,31.1
149.88,29.3
149.89,28.6
149.9,28.5
149.91,28.2
149.92,27.6
149.93,31.7
149.94,31.4
149.95,29.7
149.96,28.4
149.97,27.8
149.98,26.5
149.99,27.7
150,26.7
150.01,28.2
150.02,28.6
150.03,31.7
150.04,28.7
150.05,30.3
150.06,27
150.07,28.4
150.08,26.4
150.09,26.6
150.1,27.5
150.11,31
150.12,29.1
150.13,32.5
150.14,29.3
150.15,29
150.16,28.7
150.17,31.3
150.18,30.5
150.19,31.2
150.2,32.6
150.21,29.8
150.22,32.1
150.23,31.2
150.24,31.4
150.25,31.4
150.26,30.2
150.27,31.6
150.28,31
150.29,31.9
150.3,31.9
150.31,29.6
150.32,30.2
150.33,32.7
150.34,32.5
150.35,32.3
150.36,32.3
150.37,33.7
150.38,33.3
150.39,30.7
150.4,30.1
150.41,29.9
150.42,29.3
150.43,30.9
150.44,32.2
150.45,32.9
150.46,32.6
150.47,32
150.48,32.7
150.49,31.8
150.5,32.6
150.51,33.7
150.52,33.5
150.53,31.5
150.54,32.7
150.55,35.9
150.56,34.1
150.57,33.1
150.58,37.5
150.59,35.8
150.6,41.4
150.61,37.3
150.62,41
150.63,38.8
150.64,41
150.65,39.3
150.66,38.2
150.67,37.7
150.68,40.1
150.69,38.6
150.7,38.8
150.71,43
150.72,39.8
150.73,40
150.74,42.7
150.75,43.1
150.76,40.4
150.77,39.8
150.78,39.7
150.79,41.3
150.8,41.5
150.81,42.2
150.82,41.8
150.83,41.6
150.84,41.7
150.85,42.2
150.86,41.7
150.87,40.4
150.88,40
150.89,39.3
150.9,42.1
150.91,43.1
150.92,41.8
150.93,40.1
150.94,41.6
150.95,41.4
150.96,39.1
150.97,42.3
150.98,42.5
150.99,43
151,42.8
151.01,42.3
151.02,42.5
151.03,43.6
151.04,42.4
151.05,46.6
151.06,44.4
151.07,48.3
151.08,52.2
151.09,52.1
151.1,51.3
151.11,55.1
151.12,59
151.13,64
151.14,66
151.15,64.7
151.16,61.9
151.17,65.8
151.18,63.9
151.19,63.7
151.2,69.4
151.21,69.3
151.22,69.2
151.23,66.3
151.24,68.5
151.25,74.4
151.26,72.5
151.27,81.2
151.28,79.8
151.29,87.1
151.3,97.4
151.31,102.3
151.32,110.8
151.33,120.5
151.34,128.2
151.35,117.5
151.36,125.7
151.37,131
151.38,124.2
151.39,122.8
151.4,124.1
151.41,114.5
151.42,121.9
151.43,124
151.44,119.6
151.45,106.4
151.46,118.9
151.47,113.4
151.48,112.9
151.49,103.2
151.5,112.9
151.51,115.5
151.52,116.7
151.53,117.9
151.54,119
151.55,122.4
151.56,114
151.57,112.8
151.58,129
151.59,116.2
151.6,130.8
151.61,118.3
151.62,125.5
151.63,133.4
151.64,119.3
151.65,125.3
151.66,132.7
151.67,123.1
151.68,130.1
151.69,128.8
151.7,131.8
151.71,119.3
151.72,116.5
151.73,127.1
151.74,117.5
151.75,130.3
151.76,115.9
151.77,119.6
151.78,119.4
151.79,127.5
151.8,127.4
151.81,126
151.82,119.4
151.83,115.8
151.84,113.5
151.85,112.9
151.86,122.8
151.87,113.4
151.88,118.3
151.89,127.2
151.9,113.8
151.91,123.1
151.92,129.3
151.93,127.2
151.94,126
151.95,118.4
151.96,115.3
151.97,125.2
151.98,124.2
151.99,117.1
152,114.9
152.01,123.5
152.02,127.3
152.03,114.6
152.04,127.2
152.05,127.1
152.06,118.4
152.07,117.4
152.08,127.5
152.09,124.7
152.1,129.7
152.11,130.3
152.12,130.7
152.13,120.4
152.14,131.9
152.15,119
152.16,132.1
152.17,128.8
152.18,121.6
152.19,125.8
152.2,117.4
152.21,126.8
152.22,117.8
152.23,119.2
152.24,119.7
152.25,130.2
152.26,130.2
152.27,130.4
152.28,115.6
152.29,116.8
152.3,115.5
152.31,118.9
152.32,119.7
152.33,127.4
152.34,115.2
152.35,127
152.36,114.3
152.37,125
152.38,126.2
152.39,118.8
152.4,115.6
152.41,115.6
152.42,113.5
152.43,126.8
152.44,120.1
152.45,128.9
152.46,128.2
152.47,117.5
152.48,117.3
152.49,118.9
152.5,128
152.51,117
152.52,109.3
152.53,107.6
152.54,106.1
152.55,105.6
152.56,104.5
152.57,99.4
152.58,104.3
152.59,100.9
152.6,102
152.61,111.5
152.62,103.2
152.63,115.5
152.64,114.9
152.65,109.8
152.66,108.6
152.67,107.1
152.68,105.4
152.69,102.1
152.7,89.9
152.71,90.3
152.72,90.4
152.73,81.3
152.74,87.3
152.75,80.4
152.76,86.2
152.77,85
152.78,81.2
152.79,88.5
152.8,92
152.81,90.3
152.82,84.9
152.83,86.8
152.84,85.5
152.85,85.4
152.86,83.9
152.87,82
152.88,80.8
152.89,74.8
152.9,84.1
152.91,81.1
152.92,80.1
152.93,78.9
152.94,76
152.95,69.8
152.96,73.5
152.97,76.1
152.98,78.6
152.99,75.4
153,68.6
153.01,70.7
153.02,73.5
153.03,76.7
153.04,76
153.05,72.3
153.06,70
153.07,68.9
153.08,67.9
153.09,57.1
153.1,49.4
153.11,42.5
153.12,36.1
153.13,31.9
153.14,31.3
153.15,28
153.16,27.7
153.17,24
153.18,22
153.19,23
153.2,22.9
153.21,22.7
153.22,20
153.23,20.7
153.24,18.4
153.25,18.6
153.26,15.5
153.27,16.9
153.28,17.3
153.29,15.8
153.3,16.8
153.31,18.7
153.32,19.8
153.33,22.7
153.34,21.6
153.35,24.5
153.36,22.9
153.37,23
153.38,23.7
153.39,26.4
153.4,26.7
153.41,29.3
153.42,30.9
153.43,31.7
153.44,30.9
153.45,29.5
153.46,28.9
153.47,28.6
153.48,29.1
153.49,29.9
153.5,27.3
153.51,26.9
153.52,27.7
153.53,26.7
153.54,26.3
153.55,25.8
153.56,26.6
153.57,27.6
153.58,25.6
153.59,26.9
153.6,30.8
153.61,29
153.62,27
153.63,27.1
153.64,24.7
153.65,22.4
153.66,19.6
153.67,20.6
153.68,21
153.69,21.6
153.7,19.6
153.71,19.1
153.72,18.2
153.73,15.9
153.74,13.1
153.75,13.5
153.76,12.8
153.77,9.7
153.78,10.6
153.79,9.7
153.8,9.7
153.81,6.7
153.82,2.5
153.83,0.8
153.84,-2.7
153.85,-4.5
153.86,-4.7
153.87,-4.4
153.88,-5.3
153.89,-5.3
153.9,-9.9
153.91,-11.8
153.92,-11.5
153.93,-8.4
153.94,-5.4
153.95,-2.4
153.96,-1.7
153.97,-1.1
153.98,-0.2
153.99,1.4
154,2.2
154.01,3.3
154.02,2.8
154.03,3.1
154.04,2.9
154.05,1.7
154.06,2.1
154.07,2.4
154.08,1.2
154.09,2.3
154.1,1
154.11,2.8
154.12,2.4
154.13,2
154.14,2.9
154.15,3.3
154.16,3.2
154.17,2.1
154.18,3.9
154.19,5.9
154.2,6.1
154.21,6
154.22,9.2
154.23,19.4
154.24,22.1
154.25,27
154.26,36.6
154.27,44.8
154.28,56.2
154.29,68.8
154.3,65.1
154.31,59.7
154.32,60
154.33,63.6
154.34,68.2
154.35,70.1
154.36,68.2
154.37,62
154.38,59.6
154.39,57.2
154.4,54.1
154.41,55.1
154.42,50.2
154.43,46.6
154.44,43.3
154.45,47.5
154.46,53.1
154.47,53.7
154.48,56.7
154.49,53.5
154.5,53.1
154.51,48
154.52,52
154.53,55.6
154.54,56.8
154.55,54
154.56,46.3
154.57,42.6
154.58,39.4
154.59,37.6
154.6,37.9
154.61,36
154.62,33.1
154.63,30.4
154.64,24.8
154.65,17.3
154.66,13.8
154.67,9.5
154.68,7.1
154.69,3.9
154.7,1.6
154.71,1
154.72,1.4
154.73,1.8
154.74,3.2
154.75,3.8
154.76,4.1
154.77,6.6
154.78,7.3
154.79,9.2
154.8,9.1
154.81,9.8
154.82,11.7
154.83,12
154.84,11.6
154.85,14
154.86,20
154.87,23.9
154.88,23.3
154.89,40.6
154.9,48.7
154.91,49
154.92,49.8
154.93,55.1
154.94,66
154.95,76.7
154.96,84.8
154.97,83
154.98,75
154.99,68.6
155,72.3
155.01,75.3
155.02,73.6
155.03,66.9
155.04,58.3
155.05,56.4
155.06,61.7
155.07,72.4
155.08,77.1
155.09,79.8
155.1,81.8
155.11,78.5
155.12,87.1
155.13,90
155.14,90
155.15,92.7
155.16,85.7
155.17,79.2
155.18,78.9
155.19,70
155.2,66.6
155.21,62.3
155.22,66.5
155.23,68.1
155.24,70.5
155.25,75.2
155.26,76.2
155.27,83.5
155.28,87.9
155.29,98
155.3,104.1
155.31,109.3
155.32,108.7
155.33,106.6
155.34,102
155.35,100.6
155.36,101.5
155.37,97.6
155.38,97
155.39,98.1
155.4,95
155.41,92
155.42,90.8
155.43,85.8
155.44,91.9
155.45,97.1
155.46,104.3
155.47,109.8
155.48,107.5
155.49,112.3
155.5,118.9
155.51,117.3
155.52,129.3
155.53,147.1
155.54,134.2
155.55,139.7
155.56,140.8
155.57,132.2
155.58,127.8
155.59,128.7
155.6,121.1
155.61,104.8
155.62,102.4
155.63,95.4
155.64,95.9
155.65,96.2
155.66,105.2
155.67,116.7
155.68,114.9
155.69,114.9
155.7,122.9
155.71,128
155.72,127.4
155.73,124.7
155.74,128.2
155.75,120.6
155.76,120.4
155.77,110.8
155.78,110.6
155.79,105.8
155.8,99.1
155.81,84.9
155.82,81.8
155.83,71
155.84,67.7
155.85,62
155.86,60.9
155.87,57.9
155.88,60.2
155.89,62.1
155.9,61.9
155.91,66.5
155.92,71.3
155.93,74.9
155.94,72.2
155.95,79.5
155.96,76
155.97,78.5
155.98,79.5
155.99,70
156,60.3
156.01,48.3
156.02,35.2
156.03,15.1
156.04,7.9
156.05,-2.9
156.06,-20.2
156.07,-23.4
156.08,-24.1
156.09,-27.1
156.1,-35.6
156.11,-41.2
156.12,-39.9
156.13,-32.8
156.14,-25.5
156.15,-21.7
156.16,-21.6
156.17,-17
156.18,-13.6
156.19,-13.2
156.2,-14.5
156.21,-12
156.22,-8.3
156.23,-5.4
156.24,-2.1
156.25,-0.5
156.26,-0.7
156.27,1
156.28,3.5
156.29,2
156.3,4.2
156.31,4.6
156.32,5.3
156.33,4.7
156.34,5.1
156.35,5.5
156.36,4.2
156.37,4.4
156.38,3.8
156.39,2.4
156.4,3.8
156.41,3.7
156.42,3.6
156.43,2.7
156.44,2.7
156.45,1.8
156.46,2.1
156.47,3.5
156.48,3
156.49,1.4
156.5,2.1
156.51,2.5
156.52,2.1
156.53,1.4
156.54,2.1
156.55,1.6
156.56,0
156.57,0.8
156.58,0.3
156.59,0.4
156.6,0.3
156.61,-0.1
156.62,-1.4
156.63,-2.8
156.64,-3.7
156.65,-2.4
156.66,-2.4
156.67,-2.1
156.68,-1.1
156.69,-1.2
156.7,-0.8
156.71,-1.7
156.72,-0.4
156.73,-0.5
156.74,-0.9
156.75,0.3
156.76,0.6
156.77,-0.9
156.78,-0.2
156.79,2.2
156.8,3.6
156.81,7.4
156.82,15.9
156.83,23.1
156.84,25.4
156.85,26.9
156.86,28.2
156.87,34.3
156.88,46.1
156.89,57.4
156.9,58.7
156.91,50.2
156.92,51
156.93,47.3
156.94,48
156.95,44.4
156.96,45.1
156.97,44.5
156.98,41.6
156.99,32.4
157,23.9
157.01,16.8
157.02,15.3
157.03,14.4
157.04,14.2
157.05,13.1
157.06,12.4
157.07,11.9
157.08,11.2
157.09,10.2
157.1,10.8
157.11,10.7
157.12,9.6
157.13,9.5
157.14,11.4
157.15,13.2
157.16,13.3
157.17,8.1
157.18,4.3
157.19,-0.1
157.2,-1.4
157.21,-1.4
157.22,-0.9
157.23,-2.4
157.24,-1.9
157.25,0.1
157.26,-1.4
157.27,-2.4
157.28,1.7
157.29,8.7
157.3,11.2
157.31,12.7
157.32,16.6
157.33,15.3
157.34,15.5
157.35,23.7
157.36,30.4
157.37,28.8
157.38,26.6
157.39,25.4
157.4,28.5
157.41,35.2
157.42,44.1
157.43,45.7
157.44,44.4
157.45,45.3
157.46,45.7
157.47,47.2
157.48,50
157.49,51.2
157.5,45.6
157.51,45.8
157.52,47.8
157.53,51.9
157.54,53.3
157.55,57.3
157.56,59
157.57,53.8
157.58,53.7
157.59,63.6
157.6,62.1
157.61,61.7
157.62,62.7
157.63,61.4
157.64,60.7
157.65,64
157.66,69.6
157.67,72.1
157.68,69.4
157.69,70.9
157.7,69.1
157.71,66.9
157.72,72.9
157.73,68.7
157.74,70.3
157.75,72.6
157.76,69
157.77,72.4
157.78,71.7
157.79,71
157.8,71.9
157.81,76
157.82,78.2
157.83,75.5
157.84,70.6
157.85,65.5
157.86,61
157.87,57.7
157.88,57.3
157.89,58.9
157.9,62.8
157.91,60.7
157.92,63.7
157.93,64.1
157.94,61.2
157.95,61.4
157.96,67.1
157.97,64.5
157.98,66.8
157.99,69.3
158,65.9
158.01,61.5
158.02,58.2
158.03,52.9
158.04,43.7
158.05,39.6
158.06,37.3
158.07,29.1
158.08,26.3
158.09,24.9
158.1,19
158.11,18
158.12,18.9
158.13,19.8
158.14,20.8
158.15,22.6
158.16,26.8
158.17,28.9
158.18,31.2
158.19,36.1
158.2,37.2
158.21,42.5
158.22,49.1
158.23,49.9
158.24,51.7
158.25,53.8
158.26,54.9
158.27,55.8
158.28,63.1
158.29,66.5
158.3,67.6
158.31,70.1
158.32,70.1
158.33,70.9
158.34,76.8
158.35,76.8
158.36,71.9
158.37,70.7
158.38,67.7
158.39,66.4
158.4,69.3
158.41,69.5
158.42,65
158.43,65.3
158.44,62.8
158.45,61.1
158.46,60.8
158.47,61.9
158.48,62
158.49,59.9
158.5,59.9
158.51,58.9
158.52,59.5
158.53,58.3
158.54,55.2
158.55,53.4
158.56,51.6
158.57,48.6
158.58,46
158.59,43
158.6,38.5
158.61,38.8
158.62,40.8
158.63,41.8
158.64,45.2
158.65,45.9
158.66,43.5
158.67,43.7
158.68,47.8
158.69,45.1
158.7,45
158.71,42.2
158.72,40.6
158.73,37.4
158.74,35.6
158.75,37.2
158.76,42.7
158.77,45.9
158.78,45.5
158.79,51.9
158.8,50.5
158.81,48.7
158.82,51.9
158.83,51.2
158.84,50.5
158.85,52
158.86,52.2
158.87,50
158.88,46.8
158.89,49.6
158.9,48.4
158.91,42.8
158.92,42.8
158.93,38.4
158.94,37.2
158.95,38.5
158.96,40.7
158.97,41
158.98,40.7
158.99,38.8
159,33.9
159.01,36.4
159.02,36.1
159.03,37.2
159.04,38.9
159.05,35.5
159.06,27.1
159.07,26.6
159.08,25.5
159.09,25.4
159.1,27.8
159.11,29.6
159.12,32
159.13,34.3
159.14,35.6
159.15,39.9
159.16,43.3
159.17,42.7
159.18,45.2
159.19,45.9
159.2,41.9
159.21,46.6
159.22,53.8
159.23,59.4
159.24,76.3
159.25,78.2
159.26,90.2
159.27,107.4
159.28,106.7
159.29,113.8
159.3,127.4
159.31,136.1
159.32,127.7
159.33,134.6
159.34,131.3
159.35,133.5
159.36,127.4
159.37,128.6
159.38,111.6
159.39,124.1
159.4,119.9
159.41,133.8
159.42,137.2
159.43,140.4
159.44,132
159.45,140.4
159.46,135
159.47,141.1
159.48,136.5
159.49,123.5
159.5,131.6
159.51,134.5
159.52,131.1
159.53,124.1
159.54,128.9
159.55,129.6
159.56,119
159.57,121.1
159.58,120.4
159.59,127.7
159.6,128.7
159.61,130
159.62,124.1
159.63,125.3
159.64,117.8
159.65,118
159.66,125.1
159.67,119.1
159.68,118.7
159.69,122.8
159.7,119.5
159.71,125.5
159.72,116.9
159.73,120.8
159.74,127.9
159.75,117.7
159.76,124.3
159.77,120.3
159.78,114.5
159.79,120.9
159.8,124.5
159.81,116.2
159.82,121.6
159.83,118.4
159.84,119.4
159.85,121.9
159.86,115.7
159.87,119.4
159.88,121.4
159.89,120.5
159.9,120.8
159.91,122.1
159.92,120.3
159.93,119
159.94,112.8
159.95,116.7
159.96,113.2
159.97,111.7
159.98,114.5
159.99,117.4
160,116.8
160.01,116.8
160.02,116.9
160.03,118.2
160.04,111.5
160.05,109.8
160.06,116.4
160.07,112.2
160.08,106
160.09,109.2
160.1,115.3
160.11,116
160.12,109.7
160.13,113.1
160.14,112.8
160.15,110.5
160.16,108.6
160.17,111
160.18,113
160.19,111.5
160.2,112.3
160.21,108
160.22,113.2
160.23,114.7
160.24,111.1
160.25,110.9
160.26,102.9
160.27,111.9
160.28,105.8
160.29,110.8
160.3,111.6
160.31,107.3
160.32,104.3
160.33,100.6
160.34,102
160.35,106.5
160.36,110.9
160.37,107.4
160.38,101.8
160.39,104.9
160.4,102.8
160.41,106.3
160.42,108.3
160.43,101.4
160.44,108.2
160.45,105.8
160.46,101
160.47,107.8
160.48,105.2
160.49,101.7
160.5,108.7
160.51,104.2
160.52,104.4
160.53,100.6
160.54,103.5
160.55,103.2
160.56,106.5
160.57,101.4
160.58,100.5
160.59,104.7
160.6,107.6
160.61,108.7
160.62,97.8
160.63,94.3
160.64,82.7
160.65,68.1
160.66,55.3
160.67,41.4
160.68,24
160.69,12.7
160.7,11.8
160.71,6.6
160.72,5.8
160.73,5.2
160.74,9.9
160.75,11.8
160.76,16.5
160.77,24.5
160.78,28.4
160.79,31.5
160.8,30.4
160.81,35.7
160.82,42.5
160.83,38.6
160.84,23
160.85,11.5
160.86,-5.1
160.87,-5.8
160.88,-6.2
160.89,-10
160.9,-17.5
160.91,-22.6
160.92,-22.4
160.93,-14.9
160.94,-13.2
160.95,-11
160.96,-13
160.97,-10.3
160.98,-7.4
160.99,-5.9
161,-5.4
161.01,-2.2
161.02,0
161.03,0.8
161.04,0.6
161.05,2
161.06,0.5
161.07,-0.3
161.08,0
161.09,-0.3
161.1,2.1
161.11,0.3
161.12,2
161.13,2
161.14,1.9
161.15,2.2
161.16,1.4
161.17,2.4
161.18,4.7
161.19,4.5
161.2,5.4
161.21,6
161.22,4
161.23,5.3
161.24,4
161.25,2.3
161.26,5.9
161.27,3.9
161.28,4.4
161.29,7.8
161.3,8.3
161.31,10.1
161.32,11.8
161.33,8.6
161.34,7.4
161.35,6.5
161.36,5.5
161.37,6.5
161.38,7.9
161.39,10.2
161.4,10.5
161.41,12.5
161.42,12.2
161.43,18.8
161.44,20.3
161.45,21.2
161.46,24.2
161.47,25.5
161.48,29.7
161.49,49
161.5,53.2
161.51,48.8
161.52,42.6
161.53,40.3
161.54,39.9
161.55,37.9
161.56,36.8
161.57,37.1
161.58,36.9
161.59,36.3
161.6,37.9
161.61,35.6
161.62,35.4
161.63,39.7
161.64,36.7
161.65,39.9
161.66,44.4
161.67,45.8
161.68,48.9
161.69,47.7
161.7,47.2
161.71,52
161.72,55
161.73,53.9
161.74,56.1
161.75,52.2
161.76,48.1
161.77,46.7
161.78,47.6
161.79,47.8
161.8,51.9
161.81,53.1
161.82,55.5
161.83,54.6
161.84,51.9
161.85,54.7
161.86,58.4
161.87,58
161.88,59.8
161.89,59.1
161.9,57.8
161.91,60.7
161.92,60
161.93,68.5
161.94,69
161.95,68.7
161.96,71
161.97,68.2
161.98,66.4
161.99,57.2
162,52.6
162.01,52.7
162.02,52.5
162.03,52.2
162.04,54.8
162.05,54.8
162.06,56.6
162.07,59.3
162.08,54.9
162.09,55
162.1,53.3
162.11,53.5
162.12,62.9
162.13,64
162.14,65.3
162.15,61.4
162.16,57.6
162.17,58.9
162.18,57.3
162.19,59.2
162.2,58.3
162.21,59.7
162.22,59.3
162.23,56.8
162.24,59.9
162.25,60.3
162.26,62.1
162.27,60.1
162.28,60.1
162.29,58
162.3,64
162.31,63.9
162.32,67.6
162.33,71
162.34,67
162.35,63.8
162.36,62.8
162.37,64.2
162.38,67.8
162.39,63.2
162.4,62.2
162.41,60.6
162.42,58.6
162.43,63.9
162.44,62
162.45,61.7
162.46,59.8
162.47,55.7
162.48,60
162.49,65.8
162.5,63.2
162.51,63.8
162.52,63.4
162.53,65.9
162.54,65.3
162.55,60.7
162.56,65.5
162.57,64.9
162.58,70.3
162.59,68.5
162.6,71.6
162.61,71.7
162.62,71.6
162.63,76
162.64,69
162.65,69.7
162.66,65.1
162.67,63
162.68,67.3
162.69,69.2
162.7,69.3
162.71,66.7
162.72,64.8
162.73,71
162.74,67.4
162.75,73.8
162.76,73.6
162.77,71
162.78,66.3
162.79,63.3
162.8,64.6
162.81,66.2
162.82,70.9
162.83,72.2
162.84,69.7
162.85,68.7
162.86,71.8
162.87,71.4
162.88,69.7
162.89,59.5
162.9,57.1
162.91,51
162.92,53.3
162.93,55.2
162.94,54.4
162.95,54.4
162.96,48.8
162.97,49.8
162.98,48.4
162.99,44.6
163,43.6
163.01,42.3
163.02,36.4
163.03,33.3
163.04,27.7
163.05,26.5
163.06,20
163.07,14.6
163.08,1.1
163.09,-2.8
163.1,-8.2
163.11,-15
163.12,-15.6
163.13,-13.6
163.14,-15.5
163.15,-20
163.16,-22.7
163.17,-18
163.18,-9.8
163.19,-10.3
163.2,-11.6
163.21,-8.4
163.22,-6.3
163.23,-4.7
163.24,-2.9
163.25,-1
163.26,1.2
163.27,3.3
163.28,7.7
163.29,13.8
163.3,10.5
163.31,7.3
163.32,7.1
163.33,7.1
163.34,6.3
163.35,5.4
163.36,4
163.37,3.2
163.38,2.6
163.39,1.3
163.4,1.1
163.41,8.1
163.42,20.9
163.43,15.2
163.44,6.8
163.45,5
163.46,6.7
163.47,6
163.48,4.5
163.49,2.5
163.5,0.4
163.51,0.9
163.52,0.4
163.53,-0.3
163.54,1.3
163.55,10.9
163.56,12.5
163.57,6.2
163.58,5.1
163.59,6.2
163.6,6.2
163.61,4.4
163.62,4.5
163.63,3.1
163.64,3
163.65,1.3
163.66,-0.1
163.67,0.2
163.68,-0.5
163.69,-1.4
163.7,-1.7
163.71,-1.1
163.72,-1.1
163.73,-0.9
163.74,-1.3
163.75,-1.3
163.76,0.5
163.77,-0.5
163.78,-0.1
163.79,0
163.8,0.5
163.81,-0.2
163.82,0
163.83,0
163.84,0
163.85,-1.1
163.86,-1.9
163.87,-1.9
163.88,-0.2
163.89,-1.5
163.9,-2.2
163.91,-0.3
163.92,-0.4
163.93,-3.2
163.94,-3.7
163.95,-3.9
163.96,-4.7
163.97,-3.3
163.98,-6
163.99,-7.1
164,-9.4
164.01,-4.6
164.02,1.3
164.03,7.3
164.04,12.4
164.05,14
164.06,15.1
164.07,18
164.08,18.9
164.09,17.2
164.1,23.5
164.11,27.4
164.12,25.7
164.13,19.7
164.14,19.2
164.15,20.8
164.16,21.8
164.17,23.3
164.18,21.5
164.19,20.7
164.2,18
164.21,21.2
164.22,31
164.23,37.2
164.24,45.4
164.25,59
164.26,58.2
164.27,65.1
164.28,70.1
164.29,70.3
164.3,71.5
164.31,69.3
164.32,67.6
164.33,59.5
164.34,54.7
164.35,52.6
164.36,46.1
164.37,36.6
164.38,35.3
164.39,28.5
164.4,28.7
164.41,24.8
164.42,24
164.43,20
164.44,18.3
164.45,15
164.46,7.9
164.47,5.6
164.48,2.3
164.49,-5.1
164.5,-10.7
164.51,-13
164.52,-14.1
164.53,-12.9
164.54,-11.5
164.55,-17.1
164.56,-20.7
164.57,-23.4
164.58,-18.9
164.59,-13.3
164.6,-11.1
164.61,-10.8
164.62,-8.3
164.63,-5.6
164.64,-4.1
164.65,-4
164.66,-2.8
164.67,1
164.68,2.3
164.69,2.7
164.7,2.4
164.71,2.9
164.72,3.8
164.73,3.1
164.74,3.3
164.75,2.4
164.76,2.5
164.77,2.9
164.78,2.2
164.79,1.5
164.8,1.5
164.81,1
164.82,1.5
164.83,1.1
164.84,0.9
164.85,1.7
164.86,2.2
164.87,1.5
164.88,0.1
164.89,0.4
164.9,0.9
164.91,1
164.92,0
164.93,0.8
164.94,0.5
164.95,-0.1
164.96,0.8
164.97,1.6
164.98,0.5
164.99,1
165,1
165.01,1
165.02,1.3
165.03,0.1
165.04,0.5
165.05,1.1
165.06,1.2
165.07,0.9
165.08,-0.2
165.09,1.4
165.1,0.8
165.11,1.7
165.12,1.1
165.13,1.4
165.14,0.6
165.15,1.3
165.16,0.8
165.17,1.1
165.18,1.4
165.19,0.7
165.2,0.5
165.21,0.5
165.22,1.3
165.23,0.7
165.24,0.7
165.25,0
165.26,-0.1
165.27,-0.3
165.28,0
165.29,-0.8
165.3,-2.1
165.31,-1.3
165.32,-0.6
165.33,-1
165.34,-0.6
165.35,-0.2
165.36,-0.1
165.37,0.1
165.38,1.4
165.39,2.4
165.4,2.7
165.41,4.4
165.42,5.6
165.43,9.4
165.44,13.7
165.45,22.2
165.46,23.8
165.47,30.9
165.48,35.8
165.49,52.5
165.5,63.5
165.51,62.7
165.52,59.3
165.53,55.9
165.54,58
165.55,68.1
165.56,69.6
165.57,63.8
165.58,59.3
165.59,52.7
165.6,46.2
165.61,47.6
165.62,57.6
165.63,65.2
165.64,70.7
165.65,70.6
165.66,70.1
165.67,71
165.68,72.1
165.69,77
165.7,81.6
165.71,74
165.72,67
165.73,66.2
165.74,71.3
165.75,72.8
165.76,71.3
165.77,69.5
165.78,74.2
165.79,77.7
165.8,82.8
165.81,98.4
165.82,100.6
165.83,93.7
165.84,93.6
165.85,94.8
165.86,97.2
165.87,111.9
165.88,114.2
165.89,110.1
165.9,101.5
165.91,108.4
165.92,103.6
165.93,107.4
165.94,109.3
165.95,117.3
165.96,113.5
165.97,109.3
165.98,118.9
165.99,110.1
166,108.8
166.01,106.1
166.02,113.5
166.03,106.1
166.04,118.3
166.05,127.7
166.06,121.1
166.07,120.5
166.08,121.6
166.09,121.6
166.1,121
166.11,120.9
166.12,122.5
166.13,123
166.14,121.5
166.15,116.2
166.16,123.8
166.17,110.5
166.18,123
166.19,118
166.2,112.3
166.21,112.7
166.22,125.9
166.23,128
166.24,118.5
166.25,131.3
166.26,122.8
166.27,126.1
166.28,128.4
166.29,129.6
166.3,121.7
166.31,118.8
166.32,118.9
166.33,122.3
166.34,119
166.35,118.5
166.36,123.5
166.37,124.3
166.38,113.8
166.39,122.8
166.4,116.9
166.41,118.5
166.42,120.8
166.43,121
166.44,118.4
166.45,126.3
166.46,121.2
166.47,129.5
166.48,125.2
166.49,111.9
166.5,121.2
166.51,120.2
166.52,117.9
166.53,129.7
166.54,120.3
166.55,126.3
166.56,132
166.57,131.7
166.58,133.5
166.59,122.8
166.6,127.6
166.61,131.4
166.62,131.8
166.63,135.8
166.64,121.9
166.65,126.6
166.66,124.9
166.67,124.4
166.68,123.2
166.69,127.1
166.7,134.7
166.71,126.9
166.72,122.5
166.73,114.6
166.74,127.5
166.75,118.3
166.76,121.9
166.77,116.5
166.78,108.2
166.79,105.3
166.8,109.8
166.81,110.6
166.82,111.4
166.83,121.2
166.84,122.6
166.85,116.8
166.86,111.2
166.87,122
166.88,122.3
166.89,119.1
166.9,117.3
166.91,103.9
166.92,90.6
166.93,88.3
166.94,83.8
166.95,81.7
166.96,79.4
166.97,79.9
166.98,78
166.99,78.3
167,82.9
167.01,87.2
167.02,84.7
167.03,88.9
167.04,87.9
167.05,85.7
167.06,92.5
167.07,92.1
167.08,89.4
167.09,87.9
167.1,83.7
167.11,90
167.12,84.5
167.13,76.4
167.14,65.1
167.15,54.9
167.16,37.1
167.17,37.7
167.18,35.6
167.19,35.8
167.2,36.7
167.21,39.3
167.22,44.8
167.23,48.7
167.24,55.8
167.25,64.9
167.26,71.3
167.27,72.4
167.28,69.4
167.29,75.3
167.3,78.1
167.31,78.7
167.32,82.2
167.33,80.4
167.34,76.6
167.35,76.9
167.36,77.8
167.37,74.7
167.38,78.3
167.39,74
167.4,79.5
167.41,79.8
167.42,79.8
167.43,80.9
167.44,76.5
167.45,78.1
167.46,78.1
167.47,76.8
167.48,73.5
167.49,67
167.5,62.7
167.51,63.8
167.52,66.4
167.53,64.9
167.54,68.2
167.55,66.8
167.56,62
167.57,61.9
167.58,68.7
167.59,70.2
167.6,66.2
167.61,63.3
167.62,63.3
167.63,61.5
167.64,70.3
167.65,68.3
167.66,60
167.67,46.4
167.68,44.3
167.69,43.1
167.7,42.4
167.71,42.4
167.72,42
167.73,41
167.74,43.3
167.75,43.1
167.76,45.7
167.77,45.1
167.78,45.8
167.79,49.7
167.8,46.5
167.81,46.6
167.82,49.8
167.83,46.8
167.84,49.4
167.85,53.1
167.86,49.8
167.87,47.9
167.88,44.1
167.89,40.3
167.9,36.4
167.91,29.5
167.92,21.8
167.93,13.8
167.94,7.3
167.95,0.8
167.96,-1.1
167.97,-2.3
167.98,-1.9
167.99,-4.4
168,-10.2
168.01,-8.9
168.02,-17.9
168.03,-22.7
168.04,-22.6
168.05,-18.8
168.06,-14.4
168.07,-11.6
168.08,-10.7
168.09,-10.3
168.1,-7.1
168.11,-4.8
168.12,-8.2
168.13,-6
168.14,-5.1
168.15,-4.5
168.16,-1.8
168.17,0.5
168.18,0.8
168.19,1.4
168.2,2.6
168.21,1.6
168.22,2
168.23,3.2
168.24,3.6
168.25,2.6
168.26,2.6
168.27,4.1
168.28,3.3
168.29,2.7
168.3,2.8
168.31,1.7
168.32,1.7
168.33,3.2
168.34,2.4
168.35,1.9
168.36,2.7
168.37,2.6
168.38,2
168.39,1
168.4,2.8
168.41,2.1
168.42,1.4
168.43,0.5
168.44,1.8
168.45,0.2
168.46,0.5
168.47,1.2
168.48,2
168.49,3.2
168.5,7.2
168.51,10
168.52,15.4
168.53,18.7
168.54,23.1
168.55,22.1
168.56,23.4
168.57,26.1
168.58,31.1
168.59,41.9
168.6,40.2
168.61,36.8
168.62,32.8
168.63,36
168.64,36.4
168.65,35.3
168.66,29.6
168.67,20.8
168.68,14.6
168.69,13.2
168.7,13.3
168.71,13.4
168.72,15.1
168.73,14.1
168.74,15.8
168.75,18.3
168.76,21.7
168.77,27.6
168.78,31
168.79,34.3
168.8,34.5
168.81,34.7
168.82,32.6
168.83,37.9
168.84,35.8
168.85,33.9
168.86,35.9
168.87,37.9
168.88,37.5
168.89,44.3
168.9,47.1
168.91,47.1
168.92,48.2
168.93,55.6
168.94,53.9
168.95,53.7
168.96,58.4
168.97,55
168.98,57.9
168.99,55.7
169,58.9
169.01,61
169.02,69.3
169.03,69
169.04,67.2
169.05,67.5
169.06,71.4
169.07,68.7
169.08,71.5
169.09,74.9
169.1,73
169.11,71.5
169.12,79.1
169.13,83.2
169.14,93.2
169.15,93.3
169.16,99.6
169.17,99.4
169.18,102.1
169.19,109.1
169.2,100.5
169.21,96.5
169.22,101.8
169.23,92.1
169.24,91.5
169.25,86.2
169.26,88.8
169.27,87.4
169.28,81.9
169.29,80.4
169.3,75.7
169.31,70.2
169.32,66.8
169.33,63.3
169.34,57.6
169.35,59.5
169.36,59.4
169.37,63.4
169.38,65.8
169.39,68
169.4,71.7
169.41,73.2
169.42,71.5
169.43,71.1
169.44,73.9
169.45,78.2
169.46,76.6
169.47,73.5
169.48,70.2
169.49,69.5
169.5,56.2
169.51,52.4
169.52,46.4
169.53,31.4
169.54,23.3
169.55,14
169.56,5.6
169.57,-1.1
169.58,-4.7
169.59,-10.3
169.6,-13.8
169.61,-15.6
169.62,-22.9
169.63,-28
169.64,-31.4
169.65,-23.6
169.66,-15.1
169.67,-10.6
169.68,-6.5
169.69,-6.9
169.7,-4.9
169.71,-5
169.72,-6.2
169.73,-5
169.74,-3.7
169.75,-2.5
169.76,-3.1
169.77,-3.4
169.78,-4.1
169.79,0
169.8,6.2
169.81,9.2
169.82,12
169.83,15.2
169.84,15.8
169.85,17.6
169.86,18.3
169.87,24.8
169.88,30.3
169.89,23.4
169.9,20.5
169.91,20.4
169.92,21.9
169.93,22
169.94,25.3
169.95,33.4
169.96,35.8
169.97,39.9
169.98,48.8
169.99,50.3
170,56.5
170.01,59.9
170.02,62
170.03,58.6
170.04,55.2
170.05,53.1
170.06,53
170.07,56.7
170.08,61.3
170.09,61
170.1,64
170.11,69.4
170.12,71.8
170.13,64.6
170.14,67.6
170.15,62.4
170.16,62.4
170.17,62.2
170.18,61.2
170.19,55.5
170.2,51.9
170.21,48.3
170.22,50.7
170.23,54.7
170.24,59.2
170.25,60.2
170.26,60.1
170.27,59.3
170.28,61.3
170.29,63.3
170.3,68.3
170.31,69.2
170.32,65.5
170.33,67.2
170.34,64.3
170.35,65.2
170.36,62.6
170.37,64.8
170.38,65.9
170.39,70.8
170.4,76.4
170.41,76.5
170.42,77.7
170.43,77.4
170.44,76.7
170.45,80
170.46,84.6
170.47,84.9
170.48,90.9
170.49,102.4
170.5,111.4
170.51,107.9
170.52,108
170.53,114.9
170.54,111
170.55,100.2
170.56,101.4
170.57,96.6
170.58,85.7
170.59,85.1
170.6,80.7
170.61,76.6
170.62,75.1
170.63,71.9
170.64,70.7
170.65,62.6
170.66,58.7
170.67,46.3
170.68,42.1
170.69,35
170.7,25
170.71,17.3
170.72,14.1
170.73,7.4
170.74,2.7
170.75,0.9
170.76,1.4
170.77,2.2
170.78,1.5
170.79,5.2
170.8,7.3
170.81,7.7
170.82,9.5
170.83,10.4
170.84,10.3
170.85,14.9
170.86,15.7
170.87,16.9
170.88,18
170.89,18.7
170.9,20.9
170.91,22.2
170.92,29.4
170.93,36.3
170.94,40.1
170.95,30.9
170.96,26.9
170.97,29
170.98,32.6
170.99,36.1
171,35.9
171.01,32.8
171.02,32.2
171.03,36.8
171.04,37
171.05,39.3
171.06,42.5
171.07,42.7
171.08,35.9
171.09,36.9
171.1,34
171.11,36.3
171.12,43.1
171.13,49.1
171.14,55.5
171.15,64.2
171.16,68.9
171.17,70.6
171.18,73.6
171.19,72.8
171.2,67.7
171.21,58.7
171.22,50.2
171.23,48.8
171.24,50.1
171.25,49.9
171.26,51.3
171.27,48.9
171.28,44.3
171.29,44.5
171.3,46.5
171.31,41.2
171.32,39.3
171.33,38.8
171.34,35.8
171.35,35
171.36,36.1
171.37,35.8
171.38,33.9
171.39,29.7
171.4,27.3
171.41,24.4
171.42,24.1
171.43,20.3
171.44,16.2
171.45,12.4
171.46,9.5
171.47,5.8
171.48,3.7
171.49,-1.9
171.5,-5.2
171.51,-7.1
171.52,-6.9
171.53,-7.1
171.54,-5.9
171.55,-4.7
171.56,-5
171.57,-7.9
171.58,-9
171.59,-7.6
171.6,-4.5
171.61,0.6
171.62,0.3
171.63,1.2
171.64,3
171.65,0.1
171.66,2.9
171.67,2.8
171.68,1.1
171.69,0.2
171.7,2.1
171.71,-0.2
171.72,1.2
171.73,2.5
171.74,1.1
171.75,0.4
171.76,0.5
171.77,3.5
171.78,5.3
171.79,11
171.8,13.4
171.81,16.4
171.82,18.1
171.83,20.4
171.84,20.6
171.85,22.3
171.86,25.1
171.87,33.8
171.88,44.8
171.89,47
171.9,46.8
171.91,47.3
171.92,56.8
171.93,66.3
171.94,73
171.95,79.2
171.96,77.8
171.97,79.1
171.98,78.7
171.99,74.4
172,75.3
172.01,71
172.02,64.6
172.03,60.6
172.04,57.2
172.05,50.8
172.06,50.1
172.07,48
172.08,52.5
172.09,55.4
172.1,59.5
172.11,61.9
172.12,65.6
172.13,64.2
172.14,63.5
172.15,62.6
172.16,59.4
172.17,57.1
172.18,61.1
172.19,65
172.2,62.4
172.21,64.8
172.22,63.8
172.23,57.4
172.24,60.9
172.25,57.7
172.26,58.7
172.27,63.2
172.28,64.8
172.29,62.1
172.3,63.4
172.31,62.4
172.32,63.3
172.33,73.1
172.34,76.8
172.35,77.3
172.36,84.8
172.37,81.5
172.38,80.4
172.39,85
172.4,82
172.41,76.8
172.42,81.2
172.43,76.3
172.44,76.2
172.45,71
172.46,79
172.47,89.3
172.48,98.7
172.49,98.3
172.5,101
172.51,103.4
172.52,112.1
172.53,127.1
172.54,136.6
172.55,132.7
172.56,120.8
172.57,113.6
172.58,116.3
172.59,119.7
172.6,116
172.61,127.8
172.62,125.3
172.63,121
172.64,129
172.65,126
172.66,126.6
172.67,119.7
172.68,103
172.69,95.1
172.7,95.1
172.71,87.6
172.72,75.8
172.73,71.8
172.74,65.7
172.75,61.8
172.76,55.7
172.77,37.9
172.78,30.1
172.79,20.8
172.8,11.2
172.81,10.6
172.82,7.4
172.83,4.2
172.84,2.1
172.85,2.1
172.86,1.9
172.87,3.7
172.88,2.5
172.89,2.2
172.9,5.4
172.91,7.8
172.92,13
172.93,20.3
172.94,26.4
172.95,38.1
172.96,45.6
172.97,53
172.98,73.9
172.99,97.8
173,115.4
173.01,116.3
173.02,115
173.03,118.9
173.04,110.7
173.05,111.4
173.06,114.8
173.07,116.4
173.08,117.7
173.09,123.4
173.1,129.3
173.11,131.2
173.12,123.9
173.13,142
173.14,138
173.15,139.2
173.16,133
173.17,130.5
173.18,131.7
173.19,132
173.2,122.6
173.21,124.4
173.22,128.3
173.23,123.9
173.24,120
173.25,127.4
173.26,126.1
173.27,116.5
173.28,115.4
173.29,121.7
173.3,115
173.31,118.6
173.32,106.2
173.33,110.3
173.34,104.5
173.35,107.1
173.36,115.8
173.37,109.4
173.38,116
173.39,109.9
173.4,110.2
173.41,111
173.42,106.8
173.43,111.3
173.44,109
173.45,111.8
173.46,112.7
173.47,108.5
173.48,116.8
173.49,114
173.5,119.1
173.51,117.1
173.52,107.6
173.53,113.1
173.54,110.5
173.55,116.6
173.56,110.2
173.57,117.6
173.58,116.4
173.59,109
173.6,116.8
173.61,114.7
173.62,117.1
173.63,108
173.64,108.1
173.65,103.9
173.66,111.8
173.67,109.8
173.68,108.3
173.69,109.8
173.7,102.6
173.71,111.4
173.72,110.8
173.73,104.3
173.74,101.7
173.75,100.9
173.76,99.5
173.77,99.4
173.78,107.1
173.79,108.4
173.8,105.6
173.81,103.8
173.82,108.6
173.83,98.5
173.84,89.1
173.85,68.7
173.86,58.6
173.87,45.2
173.88,22.7
173.89,14.1
173.9,1.8
173.91,-9.4
173.92,-13.1
173.93,-16.7
173.94,-15.4
173.95,-18.6
173.96,-28.1
173.97,-30.8
173.98,-25.5
173.99,-13.3
174,-13.9
174.01,-12.9
174.02,-11.2
174.03,-11.2
174.04,-10
174.05,-12.4
174.06,-11.9
174.07,-10.6
174.08,-10.6
174.09,-5.3
174.1,-5.4
174.11,-2.5
174.12,-1.2
174.13,-1.2
174.14,-0.1
174.15,1.5
174.16,2.5
174.17,3.2
174.18,3.1
174.19,2.1
174.2,3.8
174.21,3.7
174.22,5.1
174.23,2.5
174.24,4
174.25,3.7
174.26,3.9
174.27,6.9
174.28,8.6
174.29,7.4
174.3,8
174.31,7.9
174.32,7.4
174.33,8.1
174.34,9.4
174.35,5.4
174.36,3.9
174.37,5.3
174.38,3
174.39,1.8
174.4,3.4
174.41,2
174.42,2.6
174.43,6.5
174.44,10.9
174.45,5.7
174.46,2.7
174.47,2.4
174.48,3.7
174.49,3.7
174.5,2.2
174.51,1.3
174.52,1
174.53,1.8
174.54,-0.7
174.55,-0.2
174.56,0
174.57,-0.1
174.58,1
174.59,-0.2
174.6,1.7
174.61,4.4
174.62,7.6
174.63,5
174.64,3.5
174.65,3.7
174.66,3.7
174.67,2.2
174.68,-3.4
174.69,-16.7
174.7,-14.6
174.71,-10.2
174.72,-6.7
174.73,-6.5
174.74,-6.7
174.75,-5.8
174.76,-4.7
174.77,-3.1
174.78,0.1
174.79,0.4
174.8,1.7
174.81,2.8
174.82,2.2
174.83,2.3
174.84,3.1
174.85,3.6
174.86,3.1
174.87,1.9
174.88,1.9
174.89,2.2
174.9,2.7
174.91,1.9
174.92,1.1
174.93,1.8
174.94,0.7
174.95,1.8
174.96,1.7
174.97,0.8
174.98,1.7
174.99,1.3
175,0.9
175.01,1.1
175.02,2
175.03,1.2
175.04,1.2
175.05,1.4
175.06,1.7
175.07,0.6
175.08,0.6
175.09,0.5
175.1,0.5
175.11,1.1
175.12,1.1
175.13,0.4
175.14,1.3
175.15,1.1
175.16,2
175.17,1
175.18,0.7
175.19,1.5
175.2,1.1
175.21,1.7
175.22,1.4
175.23,0.7
175.24,-0.1
175.25,1.7
175.26,0.5
175.27,0.6
175.28,0.6
175.29,0.5
175.3,1
175.31,2.6
175.32,3.8
175.33,4.2
175.34,7.8
175.35,10.7
175.36,9.8
175.37,8.3
175.38,6.7
175.39,5.6
175.4,4.7
175.41,1.4
175.42,-0.8
175.43,-1.6
175.44,-1.3
175.45,-1.1
175.46,-0.1
175.47,-0.3
175.48,-0.6
175.49,0.1
175.5,0.4
175.51,1.9
175.52,2.6
175.53,5.2
175.54,7
175.55,13.9
175.56,17.6
175.57,20.4
175.58,19.8
175.59,18.2
175.6,23
175.61,26.8
175.62,24.2
175.63,20.3
175.64,19
175.65,19.3
175.66,19.9
175.67,22.8
175.68,27.4
175.69,30.4
175.7,33.3
175.71,32.6
175.72,38.1
175.73,42.7
175.74,53.3
175.75,57.5
175.76,57.5
175.77,56.3
175.78,54.9
175.79,54.4
175.8,57.5
175.81,56.2
175.82,54.9
175.83,50.2
175.84,45.8
175.85,48.4
175.86,56.1
175.87,59.8
175.88,63.7
175.89,61.6
175.9,60.1
175.91,57
175.92,55.5
175.93,60.3
175.94,57.5
175.95,57.6
175.96,57.6
175.97,53.3
175.98,53.7
175.99,55.9
176,60.3
176.01,56.2
176.02,54.3
176.03,54.1
176.04,54.9
176.05,59.4
176.06,60.9
176.07,56.9
176.08,52.5
176.09,49.9
176.1,52.2
176.11,59.1
176.12,60.9
176.13,63.6
176.14,65
176.15,62
176.16,66
176.17,73.9
176.18,75.4
176.19,87.9
176.2,84.2
176.21,89.8
176.22,98.6
176.23,95.5
176.24,104.9
176.25,103.7
176.26,96.4
176.27,88.8
176.28,91.7
176.29,93.2
176.3,87.2
176.31,101.5
176.32,97.2
176.33,111.3
176.34,111.6
176.35,125.4
176.36,123.1
176.37,135.3
176.38,137.5
176.39,146.2
176.4,133
176.41,138.4
176.42,147
176.43,144.1
176.44,138.6
176.45,134.6
176.46,119.4
176.47,118.5
176.48,124.4
176.49,119.3
176.5,118.5
176.51,120.2
176.52,120.9
176.53,118.2
176.54,118.6
176.55,128.8
176.56,129.6
176.57,129.1
176.58,132.2
176.59,132.1
176.6,129
176.61,127.9
176.62,132.1
176.63,121.3
176.64,126.7
176.65,124
176.66,129.5
176.67,127.6
176.68,127.9
176.69,129.1
176.7,126.9
176.71,129
176.72,129.8
176.73,122.7
176.74,121.1
176.75,128
176.76,120.5
176.77,128.7
176.78,119.9
176.79,124.6
176.8,129.4
176.81,121.2
176.82,116.4
176.83,117.9
176.84,119.6
176.85,132.2
176.86,121
176.87,128.6
176.88,122.4
176.89,127.2
176.9,121.3
176.91,127.9
176.92,121.4
176.93,118.1
176.94,120.8
176.95,118.3
176.96,116.7
176.97,126
176.98,122.1
176.99,133.1
177,128.4
177.01,119
177.02,124.4
177.03,121
177.04,119.6
177.05,120
177.06,129.4
177.07,127.4
177.08,122.8
177.09,129.6
177.1,120.6
177.11,124.5
177.12,128.6
177.13,128
177.14,124.2
177.15,121.6
177.16,131
177.17,125.3
177.18,123.9
177.19,127.7
177.2,115.6
177.21,116
177.22,115.7
177.23,119
177.24,119.5
177.25,121.4
177.26,130.6
177.27,121.5
177.28,126.3
177.29,126
177.3,124.2
177.31,121.4
177.32,131.7
177.33,119.8
177.34,124.9
177.35,127.9
177.36,126
177.37,118.3
177.38,130.8
177.39,126.1
177.4,124.4
177.41,126.1
177.42,128.2
177.43,121.1
177.44,118.7
177.45,126.9
177.46,129.6
177.47,131
177.48,127.4
177.49,118.5
177.5,125.6
177.51,124.8
177.52,118
177.53,127.6
177.54,125.8
177.55,125.8
177.56,122
177.57,126.8
177.58,124.3
177.59,123.1
177.6,129.8
177.61,130
177.62,128.7
177.63,120.9
177.64,127
177.65,124.8
177.66,122.9
177.67,129.1
177.68,124
177.69,128.5
177.7,119.3
177.71,119.6
177.72,124
177.73,117.4
177.74,130.4
177.75,129.3
177.76,122
177.77,129
177.78,118.4
177.79,124.8
177.8,115.9
177.81,124.9
177.82,127.2
177.83,126.1
177.84,117.5
177.85,118.4
177.86,117.4
177.87,119.5
177.88,126.9
177.89,128.4
177.9,130.2
177.91,128
177.92,125.1
177.93,126.9
177.94,119.8
177.95,122
177.96,126
177.97,118.6
177.98,128.9
177.99,122.4
178,118.8
178.01,121.4
178.02,118.8
178.03,123.6
178.04,123.6
178.05,124.8
178.06,127.1
178.07,121.3
178.08,121.4
178.09,121.6
178.1,119.2
178.11,115.1
178.12,122.4
178.13,119.7
178.14,116.6
178.15,120.9
178.16,115.1
178.17,117.8
178.18,114.1
178.19,115.2
178.2,115.3
178.21,114.5
178.22,110.3
178.23,116.7
178.24,115.2
178.25,118.8
178.26,115.6
178.27,111.2
178.28,107.5
178.29,109
178.3,118.2
178.31,111.9
178.32,109.6
178.33,109.8
178.34,107
178.35,110.6
178.36,113.6
178.37,112.8
178.38,109.6
178.39,110.5
178.4,108.2
178.41,107
178.42,110.3
178.43,108
178.44,109.2
178.45,110.8
178.46,104.1
178.47,111.8
178.48,104.9
178.49,108
178.5,106.8
178.51,112.2
178.52,107.6
178.53,106.6
178.54,114
178.55,107.8
178.56,108.9
178.57,106.3
178.58,104.1
178.59,109.2
178.6,108.5
178.61,111.5
178.62,105.7
178.63,105.7
178.64,107.7
178.65,112.3
178.66,106
178.67,107.9
178.68,112
178.69,110
178.7,109.7
178.71,106.3
178.72,112.3
178.73,103
178.74,106.9
178.75,109.3
178.76,110.4
178.77,107.2
178.78,106.1
178.79,110
178.8,95.7
178.81,102.8
178.82,107.6
178.83,109.8
178.84,107.8
178.85,103.7
178.86,100.9
178.87,100
178.88,108.4
178.89,101.6
178.9,104
178.91,99
178.92,105.8
178.93,103.3
178.94,104.2
178.95,107.1
178.96,106.1
178.97,101.4
178.98,102
178.99,106.7
179,105.9
179.01,104
179.02,98.9
179.03,103.7
179.04,101.6
179.05,107.3
179.06,107
179.07,105.8
179.08,103.5
179.09,104.4
179.1,101.9
179.11,99
179.12,103
179.13,97.7
179.14,105.1
179.15,98.3
179.16,106.5
179.17,99.6
179.18,96.9
179.19,100.6
179.2,100.3
179.21,103.5
179.22,99.3
179.23,97.8
179.24,100.1
179.25,101.6
179.26,97.8
179.27,104.4
179.28,101.1
179.29,97.5
179.3,99.3
179.31,99.6
179.32,96.2
179.33,93.7
179.34,82
179.35,74.7
179.36,68.7
179.37,56
179.38,47.5
179.39,42.5
179.4,38.4
179.41,35.5
179.42,32.3
179.43,28
179.44,26.8
179.45,18.9
179.46,15.5
179.47,13
179.48,12.6
179.49,8.3
179.5,9.4
179.51,9.3
179.52,8.6
179.53,9.5
179.54,6.5
179.55,4.8
179.56,2.3
179.57,4.2
179.58,1.6
179.59,2.9
179.6,3.5
179.61,0.5
179.62,2.1
179.63,0.4
179.64,0
179.65,-1.3
179.66,-3
179.67,-4.9
179.68,-3.9
179.69,-1.8
179.7,-2.2
179.71,-2.3
179.72,-0.5
179.73,-0.6
179.74,0.3
179.75,1.6
179.76,0
179.77,2.4
179.78,2.3
179.79,0
179.8,2.4
179.81,-1.7
179.82,-3.7
179.83,-1.5
179.84,-1.7
179.85,0.5
179.86,-0.5
179.87,-1.2
179.88,0
179.89,-0.3
179.9,0.7
179.91,1.5
179.92,1.8
179.93,2
179.94,2.1
179.95,1.1
179.96,2.2
179.97,-0.1
179.98,1.4
179.99,1.4
180,0.7
180.01,-0.3
180.02,-0.9
180.03,-1.2
180.04,0
180.05,-0.2
180.06,0
180.07,0.9
180.08,-0.6
180.09,-0.1
180.1,1.7
180.11,0
180.12,1.9
180.13,2.2
180.14,0.8
180.15,1.7
180.16,1
180.17,-1.2
180.18,1.1
180.19,2.2
180.2,2.3
180.21,5.3
180.22,4
180.23,3.7
180.24,5.5
180.25,4.9
180.26,4.4
180.27,4.5
180.28,4.8
180.29,5.3
180.3,7.7
180.31,9.2
180.32,10
180.33,10.8
180.34,10.1
180.35,11.3
180.36,11.1
180.37,13.4
180.38,14.2
180.39,11.9
180.4,10.1
180.41,9.3
180.42,8.1
180.43,7.4
180.44,7.4
180.45,6.8
180.46,6.3
180.47,5.3
180.48,6.5
180.49,8.3
180.5,7.9
180.51,7.7
180.52,7.6
180.53,9.5
180.54,7.3
180.55,8.9
180.56,6.3
180.57,4.8
180.58,3.7
180.59,3.1
180.6,-0.7
180.61,-1
180.62,-1.8
180.63,-1.5
180.64,-0.5
180.65,-1.2
180.66,-0.6
180.67,0.5
180.68,-1.1
180.69,0.3
180.7,0.7
180.71,-0.7
180.72,-1.7
180.73,-3.2
180.74,-3.4
180.75,-5
180.76,-0.3
180.77,1.3
180.78,8
180.79,10.8
180.8,14.2
180.81,23
180.82,26.5
180.83,28.3
180.84,42.5
180.85,47.2
180.86,44
180.87,34.1
180.88,30.1
180.89,31
180.9,31.2
180.91,29.6
180.92,32
180.93,34.6
180.94,33.2
180.95,30.7
180.96,26.4
180.97,24.7
180.98,22.2
180.99,20.3
181,14.5
181.01,16.2
181.02,10
181.03,7.7
181.04,5.6
181.05,1.3
181.06,-2.7
181.07,-3.5
181.08,-5.6
181.09,-7.7
181.1,-7.3
181.11,-6.7
181.12,-6.8
181.13,-8
181.14,-15.4
181.15,-15.9
181.16,-14
181.17,-8
181.18,-4.4
181.19,-4.2
181.2,-1.8
181.21,-1
181.22,1.7
181.23,5.7
181.24,7.8
181.25,7.7
181.26,9.7
181.27,10.7
181.28,10
181.29,14.4
181.3,17.4
181.31,20.6
181.32,23
181.33,24.9
181.34,26.3
181.35,32.9
181.36,35.7
181.37,39.4
181.38,47.6
181.39,49
181.4,49.7
181.41,56.7
181.42,58.2
181.43,69
181.44,77.3
181.45,74.3
181.46,73.4
181.47,71.2
181.48,64.5
181.49,62.6
181.5,64
181.51,63.9
181.52,57.4
181.53,54.9
181.54,55.8
181.55,55.3
181.56,61.5
181.57,64
181.58,62.9
181.59,62
181.6,60.2
181.61,61.5
181.62,57.9
181.63,57.6
181.64,61
181.65,60.9
181.66,65
181.67,68
181.68,79
181.69,76.6
181.7,87.9
181.71,84.6
181.72,88.9
181.73,90.4
181.74,86
181.75,90.4
181.76,82.7
181.77,75.9
181.78,75.2
181.79,78.5
181.8,81.9
181.81,88.1
181.82,87.4
181.83,78.6
181.84,77.7
181.85,66.9
181.86,53.2
181.87,51.8
181.88,46.5
181.89,38.4
181.9,32.5
181.91,23.1
181.92,10.1
181.93,5.7
181.94,-2.8
181.95,-10.2
181.96,-13.6
181.97,-17.9
181.98,-22.5
181.99,-21.2
182,-25.8
182.01,-38.2
182.02,-37.6
182.03,-32.3
182.04,-21.8
182.05,-17.8
182.06,-18
182.07,-13.5
182.08,-10.7
182.09,-7.3
182.1,-5.1
182.11,-2.4
182.12,-0.4
182.13,2.3
182.14,4.9
182.15,4.7
182.16,4.5
182.17,5.1
182.18,5.1
182.19,4.6
182.2,4.8
182.21,5.6
182.22,4.7
182.23,3.9
182.24,4.3
182.25,5
182.26,4.4
182.27,4.1
182.28,5
182.29,3
182.3,3.6
182.31,2.9
182.32,2.7
182.33,1.4
182.34,3.2
182.35,2.3
182.36,1.8
182.37,0.4
182.38,1.7
182.39,1.1
182.4,0.6
182.41,0.8
182.42,0.2
182.43,0.7
182.44,-0.2
182.45,0.7
182.46,0.5
182.47,1.1
182.48,0.4
182.49,0.4
182.5,0.6
182.51,0.9
182.52,1.1
182.53,0.5
182.54,0.9
182.55,0.4
182.56,1.2
182.57,1.1
182.58,1.1
182.59,1.4
182.6,0.5
182.61,1.3
182.62,2
182.63,1.1
182.64,1.2
182.65,1.4
182.66,1.4
182.67,0.5
182.68,-0.7
182.69,0.1
182.7,-0.5
182.71,0
182.72,-0.2
182.73,-0.7
182.74,-0.2
182.75,0.5
182.76,0
182.77,-1
182.78,0.6
182.79,1.4
182.8,0.8
182.81,0
182.82,0
182.83,0.6
182.84,0.8
182.85,0.4
182.86,1
182.87,0.9
182.88,-0.6
182.89,-0.4
182.9,-0.4
182.91,-0.2
182.92,-0.1
182.93,-0.4
182.94,0.3
182.95,0.7
182.96,0.3
182.97,0.2
182.98,-1
182.99,1.8
183,1.1
183.01,0.8
183.02,-0.1
183.03,0.8
183.04,0.8
183.05,1.4
183.06,-0.3
183.07,0.1
183.08,0.5
183.09,0.6
183.1,-0.4
183.11,-1.2
183.12,-0.2
183.13,0
183.14,-0.9
183.15,-0.8
183.16,1.2
183.17,0
183.18,0
183.19,-1.4
183.2,0.9
183.21,0
183.22,0.8
183.23,0.9
183.24,0.6
183.25,0.8
183.26,0.6
183.27,1
183.28,-0.9
183.29,0
183.3,0.2
183.31,0.6
183.32,-0.6
183.33,0
183.34,0
183.35,-0.5
183.36,-0.3
183.37,1.4
183.38,3.3
183.39,6.5
183.4,8.4
183.41,13.3
183.42,16.7
183.43,21.2
183.44,23.3
183.45,27.1
183.46,33.5
183.47,44.4
183.48,43.1
183.49,36.3
183.5,31.7
183.51,34
183.52,35.8
183.53,39.9
183.54,43.5
183.55,37
183.56,32.6
183.57,32.4
183.58,32.2
183.59,36.6
183.6,41
183.61,44.1
183.62,43.2
183.63,43.6
183.64,46.2
183.65,51.8
183.66,58.7
183.67,59.3
183.68,57.3
183.69,54
183.7,54
183.71,53.8
183.72,53.2
183.73,53
183.74,53.9
183.75,53.6
183.76,51.3
183.77,52.6
183.78,60.2
183.79,63.9
183.8,71.5
183.81,70.8
183.82,73
183.83,82.9
183.84,89.9
183.85,89
183.86,89.4
183.87,88.1
183.88,88.2
183.89,90.5
183.9,92.6
183.91,89.9
183.92,89.3
183.93,93
183.94,95.2
183.95,100.1
183.96,107.9
183.97,115
183.98,126.2
183.99,144.6
184,139.2
184.01,141.4
184.02,151.7
184.03,148.4
184.04,139.4
184.05,143.7
184.06,141.7
184.07,128.7
184.08,135.7
184.09,138.4
184.1,133.8
184.11,127.7
184.12,121.6
184.13,128.7
184.14,118.1
184.15,119.4
184.16,122.8
184.17,126.3
184.18,128.8
184.19,127.9
184.2,129.2
184.21,119.7
184.22,127.3
184.23,120.2
184.24,127.6
184.25,118.4
184.26,124
184.27,129.4
184.28,123.2
184.29,118.4
184.3,130.4
184.31,120.6
184.32,128.7
184.33,122.2
184.34,125.8
184.35,118.5
184.36,128.5
184.37,123.3
184.38,120.5
184.39,126.5
184.4,127.7
184.41,123.5
184.42,117.1
184.43,121.2
184.44,125.2
184.45,130.2
184.46,129.7
184.47,124.1
184.48,126.2
184.49,125.7
184.5,119.4
184.51,126.2
184.52,125.9
184.53,126.9
184.54,131.9
184.55,123.5
184.56,127.6
184.57,128.8
184.58,119.3
184.59,116.1
184.6,115.6
184.61,123.9
184.62,122.3
184.63,124.7
184.64,121.1
184.65,124.3
184.66,123.4
184.67,127.9
184.68,119.1
184.69,120.4
184.7,131.4
184.71,127.8
184.72,128.6
184.73,118.4
184.74,121.2
184.75,120.4
184.76,123.4
184.77,119.8
184.78,126.9
184.79,126.5
184.8,123
184.81,126.3
184.82,124.2
184.83,127.4
184.84,119.1
184.85,128
184.86,123.6
184.87,124.9
184.88,118.4
184.89,115.9
184.9,118.8
184.91,122.1
184.92,117
184.93,120.8
184.94,127.1
184.95,126.3
184.96,124.4
184.97,118.2
184.98,128.9
184.99,123.2
185,122.6
185.01,127.4
185.02,121.6
185.03,122.6
185.04,115.8
185.05,119.9
185.06,127.5
185.07,124
185.08,128.2
185.09,120.4
185.1,117.2
185.11,126.4
185.12,126.4
185.13,120.1
185.14,126.8
185.15,125.4
185.16,124.6
185.17,118.8
185.18,117.9
185.19,125.6
185.2,118.7
185.21,127.4
185.22,127.7
185.23,126.6
185.24,124.1
185.25,119.3
185.26,129.7
185.27,121.1
185.28,125.4
185.29,126.5
185.3,125.9
185.31,119.1
185.32,127.5
185.33,124.6
185.34,124.6
185.35,126.1
185.36,123.4
185.37,122.5
185.38,124.6
185.39,120.2
185.4,123.6
185.41,125.2
185.42,121.5
185.43,121.6
185.44,125.5
185.45,116.3
185.46,118
185.47,122.2
185.48,116.3
185.49,118.1
185.5,113.8
185.51,116.6
185.52,115.6
185.53,121.1
185.54,115.6
185.55,114.9
185.56,119.9
185.57,116.5
185.58,118.2
185.59,112.9
185.6,112.2
185.61,114
185.62,110
185.63,116
185.64,115.9
185.65,116.2
185.66,113.1
185.67,117.6
185.68,109.9
185.69,117.7
185.7,113.9
185.71,113.5
185.72,113.7
185.73,111.2
185.74,114
185.75,111.7
185.76,107.6
185.77,111.9
185.78,112.8
185.79,111.2
185.8,113.4
185.81,113.7
185.82,111.6
185.83,108.3
185.84,107.6
185.85,107.5
185.86,109.2
185.87,107.6
185.88,110.3
185.89,108.5
185.9,108.3
185.91,115
185.92,106.2
185.93,113.2
185.94,111.5
185.95,108.8
185.96,105.9
185.97,101.7
185.98,105.9
185.99,108.5
186,109.4
186.01,109
186.02,105.4
186.03,109.4
186.04,108.6
186.05,111.3
186.06,106.2
186.07,105
186.08,106.5
186.09,105.4
186.1,105.7
186.11,103.8
186.12,101.5
186.13,104
186.14,103.8
186.15,108.3
186.16,102.6
186.17,103.3
186.18,104.2
186.19,100
186.2,109.3
186.21,104.1
186.22,108.8
186.23,106.2
186.24,101.9
186.25,108.2
186.26,100.4
186.27,102.5
186.28,100
186.29,100.5
186.3,100.4
186.31,102.2
186.32,99.6
186.33,104.1
186.34,101.3
186.35,98.6
186.36,100.6
186.37,100.8
186.38,101
186.39,102.1
186.4,99.6
186.41,99.5
186.42,100.6
186.43,93.6
186.44,87.7
186.45,86.9
186.46,86.9
186.47,92
186.48,82.8
186.49,74.7
186.5,70
186.51,75.9
186.52,79.5
186.53,82
186.54,77
186.55,75.7
186.56,74.5
186.57,82.1
186.58,81.9
186.59,82.2
186.6,70.1
186.61,61.6
186.62,52.7
186.63,48
186.64,43.1
186.65,41.5
186.66,39.7
186.67,40.4
186.68,37.5
186.69,35.8
186.7,35.8
186.71,31.3
186.72,25.4
186.73,20
186.74,16.9
186.75,8
186.76,6.5
186.77,5.9
186.78,5.3
186.79,5.7
186.8,4.1
186.81,4.1
186.82,2.8
186.83,3.4
186.84,0.6
186.85,0.1
186.86,-3.8
186.87,-7.4
186.88,-9.7
186.89,-7.7
186.9,-5.7
186.91,-5.2
186.92,-2.9
186.93,-6.2
186.94,-3.5
186.95,-2.2
186.96,-0.6
186.97,0.6
186.98,1
186.99,3.1
187,3.4
187.01,3.9
187.02,3
187.03,6.2
187.04,3.8
187.05,6.6
187.06,6.2
187.07,5.8
187.08,5.5
187.09,4.1
187.1,3.7
187.11,1.6
187.12,1.6
187.13,1.4
187.14,1
187.15,3.7
187.16,0.8
187.17,2.5
187.18,1.2
187.19,0.1
187.2,2.5
187.21,0.6
187.22,2.5
187.23,0.7
187.24,1.7
187.25,0.9
187.26,-1.1
187.27,-3.6
187.28,-4.3
187.29,-5
187.3,-2.4
187.31,-1.5
187.32,0.2
187.33,-2
187.34,-0.8
187.35,-0.7
187.36,-1.1
187.37,1.2
187.38,0
187.39,1.9
187.4,1.6
187.41,-0.5
187.42,1.9
187.43,0.7
187.44,2.1
187.45,0
187.46,0
187.47,-0.7
187.48,-1.1
187.49,0.7
187.5,0.6
187.51,0.3
187.52,3.1
187.53,3.2
187.54,8
187.55,7.6
187.56,11.4
187.57,13.7
187.58,17
187.59,28.1
187.6,30.8
187.61,35.9
187.62,52
187.63,66.4
187.64,73.8
187.65,70.3
187.66,67.8
187.67,64.7
187.68,72
187.69,71.1
187.7,70.9
187.71,67.5
187.72,64.7
187.73,63.6
187.74,59.6
187.75,60.5
187.76,56.2
187.77,54.9
187.78,56.5
187.79,50.9
187.8,54.7
187.81,52.7
187.82,57.9
187.83,64.6
187.84,69.4
187.85,67.2
187.86,63.8
187.87,69.9
187.88,68.4
187.89,67
187.9,66
187.91,65.4
187.92,70.1
187.93,70
187.94,75.7
187.95,86
187.96,84.6
187.97,93.7
187.98,95.9
187.99,99.4
188,107.2
188.01,114.8
188.02,116.5
188.03,114.6
188.04,118.5
188.05,120.6
188.06,131.3
188.07,127.2
188.08,127.7
188.09,121
188.1,119.5
188.11,121.2
188.12,121.4
188.13,111
188.14,101.3
188.15,98.4
188.16,103.5
188.17,104.5
188.18,101.9
188.19,114.2
188.2,108.1
188.21,110.6
188.22,110.9
188.23,107.9
188.24,108.3
188.25,105.2
188.26,102.2
188.27,106.4
188.28,102.5
188.29,107.9
188.3,102.3
188.31,100.5
188.32,101.9
188.33,106.5
188.34,105.4
188.35,109.8
188.36,112.9
188.37,106.5
188.38,103.7
188.39,106.4
188.4,103.6
188.41,109.5
188.42,108.7
188.43,111.1
188.44,104.6
188.45,109.4
188.46,109.1
188.47,107.8
188.48,110.7
188.49,102.1
188.5,107.4
188.51,109.3
188.52,104.3
188.53,106.1
188.54,109.7
188.55,108
188.56,103.7
188.57,102.7
188.58,101.7
188.59,101.2
188.6,103.5
188.61,102.1
188.62,103.9
188.63,105.4
188.64,101.1
188.65,101
188.66,99.7
188.67,100.2
188.68,106.5
188.69,104
188.7,100.8
188.71,94
188.72,101.7
188.73,98.9
188.74,102.5
188.75,93.9
188.76,81.9
188.77,77.7
188.78,71.6
188.79,43.7
188.8,28.2
188.81,9.8
188.82,-4.1
188.83,-8.3
188.84,-13.1
188.85,-17.8
188.86,-26.7
188.87,-28.5
188.88,-19.8
188.89,-14.1
188.9,-12
188.91,-13.8
188.92,-8.6
188.93,-7.2
188.94,-6.3
188.95,-5.1
188.96,-3.1
188.97,-1.6
188.98,1.2
188.99,1
189,2.5
189.01,3.2
189.02,-1.8
189.03,-3.5
189.04,-1.9
189.05,-0.1
189.06,2
189.07,1.7
189.08,0.4
189.09,1
189.1,1.1
189.11,1.4
189.12,0.3
189.13,0.8
189.14,2.3
189.15,2.6
189.16,2.4
189.17,3.2
189.18,1.7
189.19,1.8
189.2,2.3
189.21,1.2
189.22,2.2
189.23,2.3
189.24,1.6
189.25,1.5
189.26,2.3
189.27,3.5
189.28,7.4
189.29,7.2
189.3,4
189.31,3.7
189.32,3.4
189.33,4.1
189.34,4.4
189.35,2.4
189.36,1.8
189.37,1.8
189.38,2
189.39,0
189.4,1.5
189.41,0.3
189.42,-0.4
189.43,-0.2
189.44,-2.1
189.45,-3.8
189.46,-2.5
189.47,-1.7
189.48,-2.4
189.49,-2.9
189.5,-2.8
189.51,-3.9
189.52,-3.6
189.53,-2.9
189.54,-2.7
189.55,-1.9
189.56,-0.3
189.57,-0.6
189.58,0
189.59,1
189.6,0.9
189.61,1.1
189.62,1.9
189.63,2
189.64,1.1
189.65,1.7
189.66,2.3
189.67,0.2
189.68,-0.1
189.69,0.7
189.7,-1
189.71,0.3
189.72,1.1
189.73,0.2
189.74,0.5
189.75,0.9
189.76,0.3
189.77,0.9
189.78,0.9
189.79,0
189.8,1.2
189.81,3.2
189.82,5.4
189.83,7.4
189.84,18
189.85,23.4
189.86,26.6
189.87,32.2
189.88,32.8
189.89,33.4
189.9,49.6
189.91,53.1
189.92,43.4
189.93,37.1
189.94,34.7
189.95,35.2
189.96,42.6
189.97,47
189.98,46.7
189.99,41.1
190,39.1
190.01,37.2
190.02,40.2
190.03,41.8
190.04,39.4
190.05,39.1
190.06,37.1
190.07,34.3
190.08,38.4
190.09,39.9
190.1,39.7
190.11,41.3
190.12,42.8
190.13,39.5
190.14,40.7
190.15,40.6
190.16,36
190.17,36
190.18,37.6
190.19,36.2
190.2,35.5
190.21,34.6
190.22,29.9
190.23,21.4
190.24,18.7
190.25,15.9
190.26,12.3
190.27,13.1
190.28,11.9
190.29,12.7
190.3,16.5
190.31,18.7
190.32,22.8
190.33,23.8
190.34,26.8
190.35,25.1
190.36,27.2
190.37,29.8
190.38,26.5
190.39,26.3
190.4,25.9
190.41,23
190.42,21.2
190.43,19.2
190.44,17.8
190.45,17.1
190.46,17.7
190.47,17.3
190.48,18.7
190.49,21.1
190.5,24.2
190.51,27.6
190.52,32.2
190.53,36.5
190.54,36.6
190.55,37.7
190.56,40.5
190.57,40.4
190.58,45.6
190.59,46.6
190.6,45.6
190.61,44.7
190.62,41
190.63,38.9
190.64,41.8
190.65,43.4
190.66,45.3
190.67,48.7
190.68,47.4
190.69,44.5
190.7,42.8
190.71,38.4
190.72,40.8
190.73,39.7
190.74,36.3
190.75,34.5
190.76,31.2
190.77,30.2
190.78,29.7
190.79,26.9
190.8,24.6
190.81,24.1
190.82,22.2
190.83,21.1
190.84,21.4
190.85,17.8
190.86,19.5
190.87,21.1
190.88,23.3
190.89,23.8
190.9,28.1
190.91,29.9
190.92,29.4
190.93,31.2
190.94,31
190.95,35.2
190.96,37.2
190.97,41.6
190.98,47.2
190.99,50.7
191,54.7
191.01,57.1
191.02,57.7
191.03,56.9
191.04,57.1
191.05,56
191.06,58.8
191.07,57
191.08,55.4
191.09,57
191.1,60.6
191.11,62.8
191.12,63
191.13,67.5
191.14,69.5
191.15,71
191.16,68.6
191.17,65.5
191.18,59.6
191.19,62
191.2,60.5
191.21,59
191.22,65.2
191.23,64.9
191.24,68
191.25,67.9
191.26,68.7
191.27,64.5
191.28,64.4
191.29,67
191.3,67.8
191.31,62.2
191.32,56.8
191.33,47.8
191.34,47.3
191.35,44.3
191.36,41.8
191.37,37
191.38,33.1
191.39,29.8
191.4,28.8
191.41,28
191.42,27.9
191.43,28.9
191.44,31
191.45,33.1
191.46,33.7
191.47,36.5
191.48,35.8
191.49,36.9
191.5,40.7
191.51,40.5
191.52,39.8
191.53,38.6
191.54,35.8
191.55,32.5
191.56,31.2
191.57,30.4
191.58,31.8
191.59,34.8
191.6,34.7
191.61,34.8
191.62,37.2
191.63,37.4
191.64,37.6
191.65,37.5
191.66,38.5
191.67,37.8
191.68,37.3
191.69,37.4
191.7,36.4
191.71,38.8
191.72,40.4
191.73,39
191.74,41.5
191.75,39
191.76,38
191.77,38.4
191.78,42.1
191.79,48.2
191.8,52
191.81,53.8
191.82,54.6
191.83,56.8
191.84,61.5
191.85,64.8
191.86,62.1
191.87,58.4
191.88,53
191.89,52.7
191.9,47.2
191.91,45.8
191.92,42.2
191.93,45.8
191.94,43.3
191.95,44.1
191.96,46
191.97,45.1
191.98,46.1
191.99,45
192,42.6
192.01,42.1
192.02,44
192.03,46
192.04,47.7
192.05,51.5
192.06,48.5
192.07,47.7
192.08,44.6
192.09,43.5
192.1,44.1
192.11,47.9
192.12,45.5
192.13,46.8
192.14,46.5
192.15,43.8
192.16,45.7
192.17,48.4
192.18,50.2
192.19,51.9
192.2,52.3
192.21,47.2
192.22,46.3
192.23,48.6
192.24,49.5
192.25,50.1
192.26,52
192.27,48.4
192.28,51.9
192.29,50.5
192.3,51
192.31,58.4
192.32,59.4
192.33,60.2
192.34,60.8
192.35,59.4
192.36,69.7
192.37,73.2
192.38,75
192.39,77.2
192.4,80.8
192.41,81
192.42,92.6
192.43,97.1
192.44,103.7
192.45,121.3
192.46,122.5
192.47,123.7
192.48,127.4
192.49,124.5
192.5,133.9
192.51,129.8
192.52,125.4
192.53,125.2
192.54,129.2
192.55,134.2
192.56,139.6
192.57,129.9
192.58,141.6
192.59,137.1
192.6,144.4
192.61,140.1
192.62,141.6
192.63,127.3
192.64,135.6
192.65,131.3
192.66,131.9
192.67,128.8
192.68,134.2
192.69,132.8
192.7,128
192.71,127.8
192.72,127
192.73,120.4
192.74,126.8
192.75,120.7
192.76,124.1
192.77,127
192.78,119
192.79,125.3
192.8,124.7
192.81,120.9
192.82,114.7
192.83,117.1
192.84,119.6
192.85,121.5
192.86,123.9
192.87,124.5
192.88,124.1
192.89,122.3
192.9,115.7
192.91,123.9
192.92,119.8
192.93,114.2
192.94,117.7
192.95,116.1
192.96,115.8
192.97,119.8
192.98,120
192.99,115.1
193,120.2
193.01,114.2
193.02,114.4
193.03,112.4
193.04,112.4
193.05,113.6
193.06,119.7
193.07,109.8
193.08,114.4
193.09,115.1
193.1,118.1
193.11,117
193.12,115.4
193.13,113.5
193.14,110.2
193.15,115.9
193.16,109.7
193.17,115.3
193.18,105.9
193.19,108
193.2,112.8
193.21,112.7
193.22,111.2
193.23,113.3
193.24,109
193.25,103
193.26,108.1
193.27,107.3
193.28,111.2
193.29,112
193.3,108.9
193.31,103.4
193.32,102.5
193.33,103.7
193.34,107.6
193.35,112.1
193.36,110.1
193.37,107.5
193.38,103.3
193.39,109.1
193.4,110.8
193.41,105.5
193.42,110.6
193.43,107
193.44,106.1
193.45,105.7
193.46,102.3
193.47,110.9
193.48,108.5
193.49,108.1
193.5,104.8
193.51,107.4
193.52,107.7
193.53,106.5
193.54,103.9
193.55,101.2
193.56,104.5
193.57,107.6
193.58,104.2
193.59,99.9
193.6,100.9
193.61,107
193.62,105.8
193.63,104.1
193.64,103.2
193.65,103.2
193.66,100.3
193.67,91.7
193.68,71.8
193.69,62.3
193.7,50
193.71,34.3
193.72,23.1
193.73,14.5
193.74,1.7
193.75,-4.9
193.76,-7.3
193.77,-13.6
193.78,-16.2
193.79,-15
193.8,-16.7
193.81,-16.8
193.82,-26.3
193.83,-34.2
193.84,-36.4
193.85,-29.6
193.86,-18.9
193.87,-17.3
193.88,-15.8
193.89,-15
193.9,-10.5
193.91,-9
193.92,-4.7
193.93,-2.4
193.94,-1.4
193.95,-0.4
193.96,2.3
193.97,2.7
193.98,2.5
193.99,2.1
194,2.6
194.01,1.8
194.02,3.2
194.03,4.1
194.04,2.8
194.05,2.6
194.06,3.3
194.07,4
194.08,2.9
194.09,2.4
194.1,4.1
194.11,2.2
194.12,2.3
194.13,3.1
194.14,1
194.15,4.5
194.16,4.1
194.17,5.9
194.18,4.8
194.19,3.1
194.2,4.4
194.21,3.6
194.22,3.1
194.23,3.1
194.24,2
194.25,2.3
194.26,2.7
194.27,0.6
194.28,0.7
194.29,2.8
194.3,2.3
194.31,1.7
194.32,1.8
194.33,7.4
194.34,12.6
194.35,16
194.36,15.7
194.37,19.1
194.38,22.2
194.39,30.3
194.4,42.5
194.41,45
194.42,39.6
194.43,32.6
194.44,32.3
194.45,30.2
194.46,27.7
194.47,29.2
194.48,26.3
194.49,21.2
194.5,19
194.51,14.7
194.52,15.9
194.53,15.8
194.54,13.2
194.55,15.3
194.56,13.4
194.57,11
194.58,12.7
194.59,12.8
194.6,12.5
194.61,16
194.62,17.8
194.63,18.6
194.64,23.2
194.65,25.9
194.66,33.4
194.67,36.8
194.68,38.8
194.69,37.9
194.7,37.3
194.71,37.5
194.72,36
194.73,35
194.74,34
194.75,31.2
194.76,32.3
194.77,33.4
194.78,33.4
194.79,39.5
194.8,37.1
194.81,33.8
194.82,33.5
194.83,29.4
194.84,28.9
194.85,33.1
194.86,34.1
194.87,37.2
194.88,37.3
194.89,37.4
194.9,38.8
194.91,34.3
194.92,36
194.93,34.3
194.94,32.2
194.95,32.6
194.96,30.9
194.97,32.8
194.98,33.9
194.99,35.5
195,39.4
195.01,38.7
195.02,38.8
195.03,40.5
195.04,39.1
195.05,41.5
195.06,43.8
195.07,46.1
195.08,49
195.09,53.3
195.1,54.8
195.11,55.1
195.12,52.1
195.13,53.4
195.14,52.1
195.15,50.7
195.16,50.9
195.17,54.9
195.18,59.5
195.19,63.6
195.2,59
195.21,60.1
195.22,54.5
195.23,55
195.24,55.6
195.25,56.8
195.26,58.4
195.27,58.7
195.28,54.3
195.29,55.9
195.3,55.6
195.31,54.6
195.32,55.5
195.33,52.8
195.34,50.4
195.35,55.4
195.36,53.5
195.37,55.6
195.38,56
195.39,56
195.4,58.5
195.41,57.8
195.42,58.7
195.43,56.6
195.44,59.4
195.45,59.6
195.46,56.9
195.47,55.6
195.48,55.4
195.49,55.1
195.5,58.2
195.51,54.8
195.52,57.5
195.53,52.3
195.54,53.6
195.55,57.7
195.56,59.3
195.57,59.9
195.58,61.5
195.59,56.6
195.6,60.8
195.61,59.4
195.62,58
195.63,59.5
195.64,58.8
195.65,55.4
195.66,57.3
195.67,52.4
195.68,55.2
195.69,54.6
195.7,51.7
195.71,48.1
195.72,41.8
195.73,39.3
195.74,34.7
195.75,30.7
195.76,24.2
195.77,19.6
195.78,13.1
195.79,8.2
195.8,6.6
195.81,1.5
195.82,-0.1
195.83,0.5
195.84,-2.8
195.85,-3.2
195.86,-2.2
195.87,-8.9
195.88,-7.6
195.89,-10.5
195.9,-19.7
195.91,-18.9
195.92,-19.5
195.93,-12.6
195.94,-8.5
195.95,-9.7
195.96,-7.7
195.97,-7.8
195.98,-5.5
195.99,-2.2
196,-1.6
196.01,0.2
196.02,1.4
196.03,1.4
196.04,2.4
196.05,3.3
196.06,2.3
196.07,4.4
196.08,3
196.09,3.5
196.1,4.4
196.11,8
196.12,11.1
196.13,9.5
196.14,3.5
196.15,5.3
196.16,6.1
196.17,4.1
196.18,4.1
196.19,4.2
196.2,2.1
196.21,1.7
196.22,2.8
196.23,1.6
196.24,0.8
196.25,4.1
196.26,4.2
196.27,1.4
196.28,2
196.29,2.7
196.3,1.7
196.31,1.7
196.32,0.7
196.33,-2.7
196.34,-4.8
196.35,-4.7
196.36,-2.3
196.37,-1.2
196.38,-2
196.39,-1.5
196.4,-0.4
196.41,-1.9
196.42,0
196.43,1
196.44,0.9
196.45,0.3
196.46,1.7
196.47,1
196.48,1
196.49,2.1
196.5,2
196.51,0.6
196.52,1
196.53,1.1
196.54,1.5
196.55,1.1
196.56,0.3
196.57,0.8
196.58,0.8
196.59,0.5
196.6,0.9
196.61,1.1
196.62,-0.1
196.63,-0.6
196.64,-2.3
196.65,-4.7
196.66,-5.3
196.67,-3.6
196.68,-1
196.69,-2.3
196.7,-0.2
196.71,-1.9
196.72,0.4
196.73,-0.8
196.74,1.6
196.75,1
196.76,1.3
196.77,1.5
196.78,2.7
196.79,1.4
196.8,1.7
196.81,2
196.82,2.3
196.83,1.6
196.84,1.5
196.85,2.6
196.86,1.4
196.87,1.1
196.88,1.7
196.89,1.9
196.9,1.7
196.91,3.5
196.92,4.2
196.93,5
196.94,5.6
196.95,3.6
196.96,5.1
196.97,4.7
196.98,3.5
196.99,3.3
197,3.2
197.01,2.2
197.02,0.8
197.03,0.1
197.04,-0.3
197.05,0
197.06,1.1
197.07,1.8
197.08,3.8
197.09,2.7
197.1,3.4
197.11,4.7
197.12,4.4
197.13,2.5
197.14,0.3
197.15,2.1
197.16,1.8
197.17,0.9
197.18,0.6
197.19,0.5
197.2,1.4
197.21,0.7
197.22,0
197.23,0
197.24,-2.1
197.25,-3.1
197.26,-4.2
197.27,-3.6
197.28,-1
197.29,1.4
197.3,1.8
197.31,2.7
197.32,3.3
197.33,4.9
197.34,4.3
197.35,5.5
197.36,4.5
197.37,5.6
197.38,7.8
197.39,7.9
197.4,8.3
197.41,9.8
197.42,9.7
197.43,5.1
197.44,2.7
197.45,2.9
197.46,1.5
197.47,2.5
197.48,0.2
197.49,0.9
197.5,0.8
197.51,-0.4
197.52,-0.5
197.53,0
197.54,0.3
197.55,-1.7
197.56,-1.1
197.57,-0.5
197.58,-0.6
197.59,-2.2
197.6,-3.1
197.61,-3.1
197.62,-3.9
197.63,-2.3
197.64,-1.1
197.65,-0.6
197.66,-0.6
197.67,0.1
197.68,0
197.69,-0.1
197.7,0.7
197.71,0.6
197.72,1
197.73,1.1
197.74,1
197.75,1.5
197.76,1.7
197.77,2
197.78,1.2
197.79,1
197.8,1.2
197.81,2.2
197.82,2.5
197.83,2.3
197.84,2.5
197.85,0.6
197.86,2.5
197.87,2.1
197.88,2.1
197.89,2.9
197.9,2.9
197.91,3.6
197.92,4.5
197.93,5
197.94,6.5
197.95,5.9
197.96,8
197.97,11.2
197.98,11.9
197.99,13.1
198,13.4
198.01,12.7
198.02,13.6
198.03,12.5
198.04,14.9
198.05,20.5
198.06,21.2
198.07,16.2
198.08,13
198.09,16.5
198.1,16.6
198.11,18
198.12,21
198.13,20.5
198.14,20.2
198.15,21.5
198.16,21
198.17,21.7
198.18,20.3
198.19,20.6
198.2,21.8
198.21,25.3
198.22,24.1
198.23,24.3
198.24,26.1
198.25,23.7
198.26,23.1
198.27,20
198.28,16.7
198.29,15.4
198.3,15.8
198.31,14.9
198.32,13.6
198.33,13.2
198.34,13.3
198.35,14.4
198.36,14.4
198.37,14
198.38,13.8
198.39,12.8
198.4,14.1
198.41,14.4
198.42,14.2
198.43,13.7
198.44,15.2
198.45,15.7
198.46,16.1
198.47,16.1
198.48,14
198.49,10
198.5,9.2
198.51,8
198.52,7.9
198.53,6.9
198.54,6
198.55,5.8
198.56,6
198.57,5.3
198.58,6.5
198.59,6.3
198.6,5.2
198.61,5.4
198.62,6.9
198.63,9.4
198.64,11.4
198.65,14.7
198.66,15.9
198.67,17.3
198.68,18
198.69,19.9
198.7,20.7
198.71,21.4
198.72,20.1
198.73,18.8
198.74,16.3
198.75,13.6
198.76,11.9
198.77,9.1
198.78,6.9
198.79,4
198.8,0.2
198.81,-1.8
198.82,-3.6
198.83,-3.7
198.84,-4
198.85,-4.1
198.86,-4.9
198.87,-3.5
198.88,-3.3
198.89,-0.8
198.9,3
198.91,5.4
198.92,7.5
198.93,18.4
198.94,19.8
198.95,22.5
198.96,25.5
198.97,30.5
198.98,47.2
198.99,57.3
199,51.3
199.01,48.1
199.02,49.5
199.03,59.4
199.04,65.9
199.05,68.7
199.06,64.1
199.07,60.4
199.08,57.9
199.09,60.5
199.1,64.3
199.11,70.3
199.12,70.7
199.13,66.1
199.14,65.7
199.15,65.4
199.16,71.5
199.17,80.7
199.18,80.3
199.19,76.8
199.2,74.2
199.21,74.8
199.22,78.5
199.23,81
199.24,80.1
199.25,83.3
199.26,84.2
199.27,88.6
199.28,92.2
199.29,89.5
199.3,94
199.31,102.2
199.32,106.8
199.33,104.6
199.34,107.8
199.35,100.1
199.36,98.9
199.37,101
199.38,102.8
199.39,113.3
199.4,112.6
199.41,112.2
199.42,125.9
199.43,116.8
199.44,127
199.45,129.8
199.46,122.1
199.47,136.4
199.48,141.2
199.49,138.9
199.5,140.4
199.51,138.9
199.52,139.6
199.53,136.9
199.54,131.8
199.55,122.6
199.56,136.4
199.57,125.5
199.58,132.7
199.59,123.7
199.6,128.3
199.61,130.9
199.62,131.2
199.63,130.7
199.64,131
199.65,118.3
199.66,117.5
199.67,124.2
199.68,118
199.69,117.8
199.7,121.6
199.71,126.7
199.72,123.6
199.73,126.3
199.74,128.4
199.75,127.1
199.76,130.9
199.77,118
199.78,118.4
199.79,117.8
199.8,108.2
199.81,120
199.82,113.7
199.83,110.1
199.84,113.2
199.85,117.8
199.86,119.4
199.87,117.5
199.88,127
199.89,118.3
199.9,122.3
199.91,130.3
199.92,126.6
199.93,126.8
199.94,123.1
199.95,135.2
199.96,135.7
199.97,129.3
199.98,130.1
199.99,126.9
200,112.6
200.01,117.3
200.02,131.7
200.03,125
200.04,124.1
200.05,115.8
200.06,120.7
200.07,123.4
200.08,133
200.09,135.1
200.1,119.3
200.11,125.9
200.12,126.2
200.13,121.5
200.14,122.3
200.15,124.1
200.16,125.7
200.17,120.8
200.18,114.1
200.19,118.7
200.2,116.2
200.21,106.7
200.22,99.1
200.23,95.7
200.24,98
200.25,91.6
200.26,91.2
200.27,85.7
200.28,90.5
200.29,85.8
200.3,91.6
200.31,97.2
200.32,97.8
200.33,96.5
200.34,96
200.35,89
200.36,91.6
200.37,95.8
200.38,89.6
200.39,88.4
200.4,81.6
200.41,75.3
200.42,80.3
200.43,82.7
200.44,81.9
200.45,80.8
200.46,76.9
200.47,72.5
200.48,65.9
200.49,61.4
200.5,59.2
200.51,48.8
200.52,42.8
200.53,35.8
200.54,37.4
200.55,34.5
200.56,37.2
200.57,39.6
200.58,42.2
200.59,43.4
200.6,48
200.61,46.4
200.62,46
200.63,47.2
200.64,45.2
200.65,43.3
200.66,42.8
200.67,42.7
200.68,38.4
200.69,41
200.7,39.1
200.71,41
200.72,41.1
200.73,44.7
200.74,44.6
200.75,43.8
200.76,44.3
200.77,40.3
200.78,34
200.79,29.8
200.8,26.2
200.81,23.6
200.82,22.7
200.83,19.8
200.84,17.7
200.85,21.9
200.86,20.7
200.87,19.6
200.88,19.2
200.89,21.6
200.9,20.2
200.91,18.8
200.92,16.9
200.93,14
200.94,9.6
200.95,7.9
200.96,6
200.97,2.4
200.98,3.5
200.99,4.6
201,5.3
201.01,4.7
201.02,6.1
201.03,5.7
201.04,7.2
201.05,9.1
201.06,8.8
201.07,9
201.08,9.9
201.09,9.4
201.1,8.4
201.11,7.6
201.12,8.1
201.13,9.8
201.14,8
201.15,10.4
201.16,11.4
201.17,11.2
201.18,14.9
201.19,15.2
201.2,14.3
201.21,13.8
201.22,13.1
201.23,14.9
201.24,14.7
201.25,15.3
201.26,16.7
201.27,15.8
201.28,16
201.29,14.6
201.3,13
201.31,12.5
201.32,11
201.33,9.7
201.34,7.4
201.35,6.2
201.36,6.8
201.37,6.1
201.38,6.7
201.39,10
201.4,9.7
201.41,10.1
201.42,11.6
201.43,11.9
201.44,10.4
201.45,11.9
201.46,11.3
201.47,12.7
201.48,17.5
201.49,17.6
201.5,15.9
201.51,16.9
201.52,19.2
201.53,19.7
201.54,25.3
201.55,29.3
201.56,32.7
201.57,34.6
201.58,38.8
201.59,36.2
201.6,34.9
201.61,37
201.62,35.2
201.63,30.8
201.64,31.9
201.65,29.8
201.66,28.8
201.67,26
201.68,27.6
201.69,25.5
201.7,26.3
201.71,25.8
201.72,22.5
201.73,21.5
201.74,20.3
201.75,20.3
201.76,19.6
201.77,18.7
201.78,18.2
201.79,19.1
201.8,16.8
201.81,15.3
201.82,13.6
201.83,10.3
201.84,7.7
201.85,6.6
201.86,6.2
201.87,5.9
201.88,6.2
201.89,4.9
201.9,7
201.91,8.5
201.92,11.7
201.93,13.2
201.94,15.6
201.95,19.8
201.96,23.1
201.97,28.1
201.98,31.6
201.99,31.9
202,29.2
202.01,29.8
202.02,32.3
202.03,31.9
202.04,34.7
202.05,37.3
202.06,35
202.07,33.4
202.08,36.4
202.09,41.2
202.1,42.2
202.11,47.3
202.12,51.2
202.13,51.3
202.14,60.9
202.15,61.2
202.16,66.4
202.17,68.5
202.18,72.6
202.19,74.6
202.2,83.8
202.21,86.7
202.22,88.9
202.23,91.7
202.24,93.6
202.25,92.8
202.26,84.9
202.27,82.5
202.28,75.7
202.29,75.7
202.3,72.9
202.31,75.2
202.32,82.3
202.33,89.2
202.34,90.5
202.35,96.3
202.36,98.8
202.37,96.4
202.38,85.3
202.39,83.1
202.4,78.6
202.41,75.4
202.42,73.8
202.43,78.5
202.44,72.3
202.45,62.5
202.46,57.7
202.47,52.8
202.48,50.1
202.49,46.5
202.5,35.5
202.51,28.6
202.52,23.3
202.53,19.5
202.54,20.3
202.55,20.7
202.56,19.6
202.57,19.7
202.58,19.4
202.59,16.7
202.6,11.7
202.61,7.7
202.62,2.7
202.63,1.6
202.64,-0.7
202.65,0.6
202.66,2
202.67,1.2
202.68,2.5
202.69,4.2
202.7,2.5
202.71,4.1
202.72,2.6
202.73,4.3
202.74,5.2
202.75,6.4
202.76,7.8
202.77,7.1
202.78,8.3
202.79,8.5
202.8,8.6
202.81,10.8
202.82,11.5
202.83,11.7
202.84,18.5
202.85,19.9
202.86,18
202.87,16.5
202.88,20.4
202.89,22.4
202.9,24.8
202.91,25.9
202.92,22.7
202.93,24.1
202.94,25.2
202.95,29.7
202.96,34.9
202.97,41.1
202.98,50.2
202.99,53.7
203,58.9
203.01,63.6
203.02,66.2
203.03,68.5
203.04,59.9
203.05,56
203.06,63.3
203.07,66.7
203.08,59.1
203.09,54
203.1,49
203.11,45.8
203.12,49.9
203.13,46.5
203.14,44.9
203.15,40.7
203.16,30.9
203.17,27.6
203.18,28
203.19,24
203.2,22
203.21,19.2
203.22,20.3
203.23,19.3
203.24,20
203.25,25.3
203.26,26.5
203.27,30.2
203.28,32.1
203.29,32.3
203.3,29.2
203.31,28.2
203.32,28.8
203.33,31
203.34,34.2
203.35,35.5
203.36,34.6
203.37,33.1
203.38,31.4
203.39,32.4
203.4,35.9
203.41,35.9
203.42,36.5
203.43,42.2
203.44,43.7
203.45,44.7
203.46,48.8
203.47,49.9
203.48,50.3
203.49,56.6
203.5,53.3
203.51,48.9
203.52,46
203.53,47.3
203.54,52.9
203.55,62.7
203.56,57.5
203.57,55.1
203.58,56.4
203.59,55.2
203.6,52.2
203.61,49.8
203.62,54.4
203.63,52.8
203.64,59
203.65,65.7
203.66,68.1
203.67,73.2
203.68,74.7
203.69,73.2
203.7,70.6
203.71,68
203.72,67.7
203.73,69.5
203.74,70.6
203.75,70.9
203.76,67
203.77,64.3
203.78,66
203.79,62.3
203.8,67.2
203.81,66.4
203.82,61.4
203.83,58.3
203.84,56
203.85,53.2
203.86,52.7
203.87,52.5
203.88,44.7
203.89,43.6
203.9,45.3
203.91,43.5
203.92,42.4
203.93,40.4
203.94,35.4
203.95,35.7
203.96,32.9
203.97,27
203.98,24.3
203.99,24.4
204,22.2
204.01,21
204.02,20
204.03,11.8
204.04,11.8
204.05,6.1
204.06,0.9
204.07,-0.2
204.08,0.1
204.09,-3.2
204.1,-0.5
204.11,1.1
204.12,0
204.13,0.4
204.14,0.6
204.15,-1.5
204.16,-2.1
204.17,-5.9
204.18,-6.3
204.19,-5.4
204.2,-3.5
204.21,0.3
204.22,0.4
204.23,1.3
204.24,1.5
204.25,3.2
204.26,4.3
204.27,6.5
204.28,6.9
204.29,8.6
204.3,10.7
204.31,11.8
204.32,11.8
204.33,14.2
204.34,16.7
204.35,21.2
204.36,19.7
204.37,16.1
204.38,14.4
204.39,13.3
204.4,14.3
204.41,15.1
204.42,19.6
204.43,21.2
204.44,20.8
204.45,23.1
204.46,21.8
204.47,22
204.48,19.6
204.49,19.1
204.5,19
204.51,19.1
204.52,18.8
204.53,15.6
204.54,17.1
204.55,18.1
204.56,18.6
204.57,22.6
204.58,22
204.59,21.3
204.6,20.6
204.61,21.2
204.62,21.3
204.63,22.6
204.64,26.3
204.65,30.1
204.66,33.9
204.67,36.7
204.68,39.8
204.69,40.1
204.7,39.4
204.71,41.9
204.72,39.1
204.73,39.2
204.74,33.8
204.75,27.1
204.76,26.8
204.77,26.6
204.78,25.2
204.79,27.8
204.8,29.9
204.81,23.6
204.82,23.8
204.83,20.9
204.84,18.1
204.85,17.2
204.86,18.4
204.87,21.1
204.88,21.7
204.89,24.8
204.9,23.6
204.91,21.2
204.92,23.4
204.93,20.7
204.94,20.5
204.95,20.6
204.96,23.3
204.97,25.2
204.98,26.3
204.99,32.2
205,32.8
205.01,38.9
205.02,47.6
205.03,53.9
205.04,56.7
205.05,64.9
205.06,63
205.07,68.5
205.08,74.5
205.09,74
205.1,83.4
205.11,84.8
205.12,84.7
205.13,87.6
205.14,90.6
205.15,95.9
205.16,103
205.17,101.9
205.18,95.9
205.19,98.7
205.2,111.9
205.21,113.2
205.22,105.4
205.23,107.7
205.24,109.8
205.25,103.2
205.26,116.5
205.27,121.9
205.28,133.7
205.29,135.5
205.3,140.9
205.31,145.5
205.32,147.1
205.33,136.9
205.34,139
205.35,140.1
205.36,132.5
205.37,132.4
205.38,134.1
205.39,129.6
205.4,124.2
205.41,131.9
205.42,124
205.43,128.2
205.44,129.1
205.45,127.9
205.46,118.6
205.47,121.8
205.48,122.4
205.49,124.3
205.5,122.1
205.51,120.3
205.52,120.9
205.53,115.4
205.54,114.9
205.55,118
205.56,124.5
205.57,123
205.58,114.6
205.59,122.1
205.6,119.4
205.61,119.9
205.62,114.7
205.63,113.7
205.64,118.2
205.65,127
205.66,124
205.67,122.5
205.68,121.1
205.69,124.1
205.7,120.4
205.71,119.3
205.72,118.9
205.73,120.9
205.74,121.8
205.75,118.2
205.76,116.6
205.77,116.3
205.78,123.5
205.79,114.2
205.8,118.8
205.81,114.9
205.82,120.6
205.83,119.8
205.84,112.9
205.85,117.5
205.86,117.4
205.87,118
205.88,115.1
205.89,120.7
205.9,115.4
205.91,120.8
205.92,112.3
205.93,116.3
205.94,119
205.95,119.5
205.96,115.2
205.97,110.6
205.98,111.7
205.99,113
206,111.1
206.01,115.9
206.02,118.3
206.03,119.7
206.04,116.2
206.05,119.1
206.06,111.3
206.07,113.8
206.08,115.6
206.09,113.6
206.1,118.3
206.11,110.8
206.12,110.6
206.13,114.5
206.14,111.9
206.15,117.7
206.16,113.6
206.17,115.5
206.18,113.1
206.19,108.3
206.2,109.3
206.21,107.6
206.22,118.3
206.23,105.6
206.24,111.8
206.25,109.6
206.26,110.5
206.27,107.7
206.28,110.6
206.29,105.3
206.3,100.9
206.31,96.7
206.32,103.8
206.33,107.6
206.34,104.9
206.35,107.7
206.36,102.1
206.37,102.8
206.38,107.5
206.39,107.1
206.4,101
206.41,102.3
206.42,99.3
206.43,102.5
206.44,104
206.45,107.6
206.46,102.5
206.47,104.1
206.48,106.6
206.49,101.1
206.5,99.5
206.51,92.1
206.52,90.2
206.53,83.7
206.54,79.3
206.55,75.4
206.56,73.2
206.57,68.4
206.58,66.5
206.59,63
206.6,60.9
206.61,54
206.62,48.9
206.63,46
206.64,37.1
206.65,37.6
206.66,32.9
206.67,28.5
206.68,25.5
206.69,26.8
206.7,22.4
206.71,21.1
206.72,20
206.73,14.8
206.74,14.9
206.75,12.5
206.76,15.2
206.77,15.9
206.78,13.9
206.79,11
206.8,7.5
206.81,6.1
206.82,2
206.83,5.8
206.84,1.2
206.85,2.4
206.86,2
206.87,0.3
206.88,-0.7
206.89,-2.3
206.9,-1.3
206.91,-4.2
206.92,-6
206.93,-11.5
206.94,-13.5
206.95,-9
206.96,-7.2
206.97,-4.1
206.98,-6.3
206.99,-4.7
207,-4.2
207.01,-2.1
207.02,0.5
207.03,-1
207.04,2.5
207.05,1.8
207.06,2.6
207.07,3
207.08,2.1
207.09,4.2
207.1,2.1
207.11,3.4
207.12,2.4
207.13,2.9
207.14,3.3
207.15,1.5
207.16,4.7
207.17,3
207.18,3
207.19,4.5
207.2,1.9
207.21,3.7
207.22,2.4
207.23,2.7
207.24,3.9
207.25,2.7
207.26,4.1
207.27,2.2
207.28,2
207.29,3.4
207.3,2.3
207.31,0.8
207.32,2.1
207.33,2.6
207.34,0.5
207.35,2.3
207.36,4.9
207.37,7.9
207.38,6.7
207.39,2.6
207.4,2.9
207.41,3.9
207.42,2.9
207.43,1.1
207.44,2.5
207.45,2.9
207.46,0.5
207.47,1.5
207.48,1.5
207.49,1.4
207.5,0.5
207.51,2
207.52,4.9
207.53,4.7
207.54,3.2
207.55,0.7
207.56,2
207.57,2.1
207.58,2
207.59,1.9
207.6,-0.2
207.61,-1.8
207.62,-4
207.63,-2.4
207.64,-1.4
207.65,-2.8
207.66,-1.3
207.67,-0.4
207.68,7.7
207.69,10.1
207.7,6.6
207.71,4.2
207.72,4.7
207.73,4.9
207.74,0.9
207.75,-4
207.76,-4.5
207.77,-2
207.78,-1.8
207.79,-2.2
207.8,-0.2
207.81,4.8
207.82,16.5
207.83,13.4
207.84,5
207.85,5.8
207.86,7.2
207.87,6.4
207.88,4
207.89,-0.1
207.9,-2
207.91,-1.1
207.92,-1
207.93,-1.1
207.94,-2.1
207.95,-1.8
207.96,-1.3
207.97,2
207.98,5.7
207.99,8.8
208,5.6
208.01,4.9
208.02,5
208.03,4.4
208.04,4.4
208.05,2.9
208.06,2.8
208.07,1.4
208.08,-0.7
208.09,-5.5
208.1,-12.4
208.11,-9.7
208.12,-4.9
208.13,-2.8
208.14,0.6
208.15,3.1
208.16,5.9
208.17,7.6
208.18,9
208.19,8.3
208.2,6.9
208.21,7.4
208.22,5.1
208.23,2.8
208.24,3.4
208.25,3.7
208.26,3.7
208.27,3.4
208.28,1.8
208.29,2.3
208.3,1.5
208.31,2.8
208.32,1.7
208.33,1.2
208.34,0.6
208.35,0.9
208.36,0.5
208.37,-0.4
208.38,-2.5
208.39,-3.1
208.4,-3.7
208.41,-4.4
208.42,-3.6
208.43,-3.5
208.44,-1.6
208.45,-1.1
208.46,-1
208.47,-0.5
208.48,0
208.49,0
208.5,0.7
208.51,1.2
208.52,1.5
208.53,1.6
208.54,1
208.55,1.5
208.56,1.1
208.57,1.7
208.58,0.9
208.59,5.4
208.6,5.7
208.61,15.5
208.62,24
208.63,24
208.64,26.7
208.65,27
208.66,26.4
208.67,31.6
208.68,34.3
208.69,28.1
208.7,19.7
208.71,18.2
208.72,17
208.73,19.8
208.74,25.4
208.75,35.8
208.76,40.4
208.77,46.8
208.78,48.6
208.79,47.9
208.8,55.2
208.81,54.9
208.82,57.2
208.83,54.9
208.84,53.8
208.85,48.9
208.86,48.6
208.87,45.5
208.88,45.8
208.89,40.5
208.9,38.7
208.91,41.3
208.92,44.8
208.93,43.2
208.94,48.6
208.95,48.1
208.96,49.8
208.97,47
208.98,52.7
208.99,50.8
209,56
209.01,61.3
209.02,65.7
209.03,75.3
209.04,81.8
209.05,82.3
209.06,79.8
209.07,85.1
209.08,89.6
209.09,86.6
209.1,86.6
209.11,83.4
209.12,79.3
209.13,82.7
209.14,94.2
209.15,97.4
209.16,96
209.17,103
209.18,111.1
209.19,112.2
209.2,122
209.21,122.8
209.22,123.9
209.23,120.5
209.24,116.8
209.25,117.7
209.26,126.7
209.27,127.8
209.28,123.7
209.29,126.9
209.3,132.9
209.31,125.2
209.32,134.2
209.33,133.2
209.34,129.3
209.35,130.8
209.36,135.8
209.37,138
209.38,132.2
209.39,129
209.4,128.4
209.41,126.3
209.42,119.9
209.43,132
209.44,129.7
209.45,129.8
209.46,127
209.47,117.3
209.48,131.5
209.49,128.7
209.5,119.4
209.51,113.5
209.52,121.3
209.53,120.8
209.54,121.1
209.55,125.5
209.56,119.2
209.57,129.2
209.58,119.5
209.59,125.9
209.6,129.8
209.61,118.6
209.62,118
209.63,115.3
209.64,117.8
209.65,127.2
209.66,124.1
209.67,128.2
209.68,122.8
209.69,123.2
209.7,126.2
209.71,125.2
209.72,120
209.73,122
209.74,122.5
209.75,122.7
209.76,119.3
209.77,122.7
209.78,129.9
209.79,127.6
209.8,125.5
209.81,127.8
209.82,131.2
209.83,127.6
209.84,121.4
209.85,117.2
209.86,121.5
209.87,128.5
209.88,126.4
209.89,119.8
209.9,129.9
209.91,121.7
209.92,122.5
209.93,123.7
209.94,127.9
209.95,129.3
209.96,120.3
209.97,125.9
209.98,128
209.99,125.8
210,122
210.01,118.4
210.02,121.6
210.03,125.6
210.04,123.9
210.05,119.7
210.06,122.9
210.07,125.4
210.08,122.4
210.09,128.9
210.1,123.4
210.11,121.1
210.12,116.2
210.13,123.4
210.14,119.2
210.15,117
210.16,120.9
210.17,122.3
210.18,125.5
210.19,127
210.2,115.7
210.21,117
210.22,121
210.23,126.7
210.24,126.2
210.25,126.1
210.26,130.4
210.27,121.4
210.28,126.1
210.29,127.9
210.3,122.9
210.31,116.2
210.32,121
210.33,129.7
210.34,128.3
210.35,123.3
210.36,124.1
210.37,124.2
210.38,118.7
210.39,116.6
210.4,127.2
210.41,121.1
210.42,126.9
210.43,119.9
210.44,122.6
210.45,116.3
210.46,116.4
210.47,126.8
210.48,128
210.49,127.5
210.5,122.7
210.51,127.9
210.52,126.8
210.53,118.4
210.54,125.5
210.55,128
210.56,119.9
210.57,130.2
210.58,129.7
210.59,123.8
210.6,120.6
210.61,125.1
210.62,122.8
210.63,125.2
210.64,116.6
210.65,129.3
210.66,123.4
210.67,127.5
210.68,120.6
210.69,123.8
210.7,123.2
210.71,129.2
210.72,129.7
210.73,127.8
210.74,125
210.75,126.7
210.76,115
210.77,115.9
210.78,122.9
210.79,122.2
210.8,129.5
210.81,121.7
210.82,127.9
210.83,127.2
210.84,129.2
210.85,121.1
210.86,126
210.87,130.2
210.88,121.2
210.89,124.4
210.9,122.1
210.91,120
210.92,117.7
210.93,125.6
210.94,125.3
210.95,122.5
210.96,126
210.97,119.3
210.98,128.7
210.99,131.1
211,130.7
211.01,128
211.02,118.6
211.03,120.2
211.04,127.7
211.05,121.7
211.06,118.5
211.07,127.9
211.08,120.1
211.09,119
211.1,122.9
211.11,123.3
211.12,125.1
211.13,126.2
211.14,120.6
211.15,117.8
211.16,122.9
211.17,121.4
211.18,117.3
211.19,119
211.2,121.3
211.21,120.7
211.22,116.1
211.23,112.4
211.24,120.2
211.25,122.9
211.26,115.4
211.27,119.2
211.28,117.7
211.29,120.4
211.3,114.8
211.31,116.1
211.32,114.2
211.33,112.3
211.34,113
211.35,112.2
211.36,120.3
211.37,116.6
211.38,114.1
211.39,113.1
211.4,111.5
211.41,113.3
211.42,121.2
211.43,113.6
211.44,108.7
211.45,104.4
211.46,104.9
211.47,110.3
211.48,107.3
211.49,107.3
211.5,105.6
211.51,105.4
211.52,112.8
211.53,107.2
211.54,112
211.55,111.4
211.56,108.8
211.57,104.3
211.58,109.4
211.59,114.1
211.6,110.4
211.61,112.5
211.62,105.5
211.63,111.1
211.64,107.3
211.65,110.9
211.66,116.1
211.67,109.7
211.68,108.7
211.69,110.9
211.7,111.7
211.71,112
211.72,110.4
211.73,111
211.74,105.8
211.75,109.9
211.76,108.8
211.77,108.9
211.78,108.8
211.79,110.7
211.8,101.8
211.81,106.4
211.82,112.7
211.83,108.3
211.84,106.5
211.85,107.8
211.86,107.2
211.87,110
211.88,109.3
211.89,102.2
211.9,105.5
211.91,101.3
211.92,104.8
211.93,103
211.94,102.4
211.95,108.2
211.96,101.2
211.97,100.2
211.98,107.1
211.99,103
212,105.4
212.01,103.9
212.02,102.5
212.03,105.1
212.04,101.9
212.05,108.6
212.06,104.4
212.07,108.2
212.08,101.9
212.09,105.7
212.1,102.7
212.11,107.5
212.12,101.5
212.13,104.2
212.14,104.3
212.15,105.1
212.16,102.1
212.17,105.9
212.18,98
212.19,99.4
212.2,98.2
212.21,104.5
212.22,99.6
212.23,100.1
212.24,103.2
212.25,98
212.26,103.5
212.27,104.2
212.28,101.4
212.29,95.2
212.3,104.6
212.31,103.6
212.32,100.5
212.33,100.3
212.34,100.3
212.35,94.7
212.36,99.8
212.37,97.9
212.38,104
212.39,99
212.4,96.2
212.41,103.4
212.42,101.3
212.43,88.7
212.44,81.6
212.45,75.2
212.46,57.4
212.47,55.4
212.48,42.3
212.49,31.9
212.5,23.4
212.51,20.7
212.52,9.2
212.53,3.2
212.54,-0.8
212.55,-5.8
212.56,-6.6
212.57,-10.7
212.58,-15
212.59,-15.7
212.6,-16.1
212.61,-15.3
212.62,-24.2
212.63,-30.1
212.64,-27.7
212.65,-20.1
212.66,-18.2
212.67,-13
212.68,-12.9
212.69,-10.8
212.7,-7.7
212.71,-5.7
212.72,-4
212.73,-4
212.74,-3.2
212.75,-1
212.76,0.8
212.77,3.5
212.78,1.7
212.79,3.1
212.8,2.1
212.81,4.2
212.82,3.8
212.83,2.2
212.84,5.1
212.85,3.8
212.86,4.4
212.87,4.1
212.88,3.8
212.89,5.3
212.9,3
212.91,5.9
212.92,5
212.93,5.3
212.94,4.8
212.95,2.6
212.96,3.4
212.97,2
212.98,2.3
212.99,3.8
213,1.9
213.01,1.2
213.02,1.2
213.03,0.5
213.04,1.9
213.05,1.4
213.06,-0.1
213.07,1.3
213.08,0.8
213.09,-3.4
213.1,-4.6
213.11,-4.3
213.12,-4.6
213.13,-2.9
213.14,-1.6
213.15,-1.1
213.16,-1
213.17,-0.9
213.18,0.8
213.19,-1.2
213.2,0.6
213.21,0.9
213.22,0.9
213.23,1.6
213.24,0
213.25,1.4
213.26,2.5
213.27,0.2
213.28,2.6
213.29,2
213.3,2
213.31,2.6
213.32,0.3
213.33,0.3
213.34,1.1
213.35,0.7
213.36,1.8
213.37,3.3
213.38,2.3
213.39,5.5
213.4,6.9
213.41,6.8
213.42,10.6
213.43,12.9
213.44,16
213.45,18.6
213.46,16.3
213.47,17.6
213.48,24.3
213.49,27.7
213.5,26.8
213.51,16.1
213.52,14.1
213.53,15.5
213.54,14.1
213.55,14.5
213.56,13.4
213.57,12.4
213.58,11.5
213.59,12.1
213.6,13.4
213.61,12
213.62,11.4
213.63,9.1
213.64,8
213.65,8.4
213.66,9.8
213.67,9.5
213.68,9.5
213.69,11.6
213.7,12.8
213.71,14.4
213.72,19.4
213.73,17.6
213.74,19.2
213.75,18.9
213.76,16.7
213.77,17.1
213.78,17.9
213.79,16.7
213.8,16.9
213.81,17.6
213.82,16.2
213.83,18.8
213.84,15
213.85,17.4
213.86,18.6
213.87,18
213.88,17.8
213.89,19.4
213.9,20.5
213.91,24.2
213.92,29
213.93,33.9
213.94,37.1
213.95,40.2
213.96,40.3
213.97,41.2
213.98,40.8
213.99,37.3
214,38.6
214.01,34.4
214.02,33.6
214.03,33
214.04,33
214.05,32.7
214.06,32.9
214.07,29.8
214.08,29.7
214.09,28.1
214.1,22.7
214.11,23
214.12,20.1
214.13,16.8
214.14,18.1
214.15,14.1
214.16,14
214.17,14.4
214.18,11.7
214.19,10.5
214.2,10.3
214.21,9.5
214.22,7.2
214.23,8.6
214.24,6.8
214.25,8.1
214.26,10
214.27,11.7
214.28,9.7
214.29,15.3
214.3,15.6
214.31,17.6
214.32,18.1
214.33,19.1
214.34,18.1
214.35,18.5
214.36,20.3
214.37,21.9
214.38,27.8
214.39,27.9
214.4,32.4
214.41,31.6
214.42,35.3
214.43,32
214.44,28.8
214.45,30.4
214.46,34.4
214.47,40.4
214.48,41.1
214.49,45.4
214.5,50.7
214.51,58.5
214.52,57.4
214.53,62.5
214.54,64.2
214.55,62.6
214.56,65
214.57,64.8
214.58,60.5
214.59,61.3
214.6,64.3
214.61,64.7
214.62,72.8
214.63,76.7
214.64,78.2
214.65,85.8
214.66,95.8
214.67,99
214.68,100.4
214.69,101.7
214.7,99.1
214.71,97.5
214.72,92.2
214.73,95
214.74,94.9
214.75,100
214.76,113.4
214.77,118.9
214.78,116.1
214.79,123
214.8,122.2
214.81,126.1
214.82,124.2
214.83,116.1
214.84,117.6
214.85,109.9
214.86,112.6
214.87,108.9
214.88,113.7
214.89,102.5
214.9,97.6
214.91,86.2
214.92,79.1
214.93,63.9
214.94,52.9
214.95,36.2
214.96,25.8
214.97,12.9
214.98,-3.1
214.99,-13.9
215,-17.7
215.01,-25.6
215.02,-30.1
215.03,-41.1
215.04,-52.8
215.05,-51.8
215.06,-43.4
215.07,-33.8
215.08,-28.6
215.09,-26.5
215.1,-23.4
215.11,-17.6
215.12,-13.8
215.13,-10.7
215.14,-9.2
215.15,-9.4
215.16,-6.2
215.17,-1.1
215.18,1
215.19,1.6
215.2,3
215.21,4
215.22,2.9
215.23,5.7
215.24,5.6
215.25,6.4
215.26,10
215.27,12.4
215.28,8.9
215.29,8.2
215.3,6
215.31,5.3
215.32,6.6
215.33,5.7
215.34,3.8
215.35,4.7
215.36,2.4
215.37,0.1
215.38,1.4
215.39,1.5
215.4,1.4
215.41,0.8
215.42,0.5
215.43,0.3
215.44,0
215.45,0.2
215.46,1
215.47,-0.2
215.48,0.1
215.49,0
215.5,-1.1
215.51,-1.5
215.52,-1.4
215.53,-0.6
215.54,-1
215.55,-0.4
215.56,0.2
215.57,-0.2
215.58,0.3
215.59,0.4
215.6,1.3
215.61,0.3
215.62,0.7
215.63,1.7
215.64,1.6
215.65,1.3
215.66,1.3
215.67,2.6
215.68,2.7
215.69,4.9
215.7,4.5
215.71,4.1
215.72,3.6
215.73,3.1
215.74,1.9
215.75,2.8
215.76,2.3
215.77,0.9
215.78,2.2
215.79,0.7
215.8,1
215.81,0.8
215.82,0.5
215.83,0.5
215.84,-0.4
215.85,0.1
215.86,0.4
215.87,-0.8
215.88,-2.9
215.89,-4.4
215.9,-3.8
215.91,-1.6
215.92,0.7
215.93,-0.2
215.94,1.7
215.95,3.3
215.96,3.9
215.97,4
215.98,6.2
215.99,7
216,8.7
216.01,9.2
216.02,9.4
216.03,9.7
216.04,10.3
216.05,9.9
216.06,13
216.07,15.1
216.08,16.3
216.09,17
216.1,17.7
216.11,20.3
216.12,19.6
216.13,22.9
216.14,26.4
216.15,26.9
216.16,28.7
216.17,32.4
216.18,32.4
216.19,33.5
216.2,30.7
216.21,32.5
216.22,36.2
216.23,34.9
216.24,34
216.25,32.9
216.26,29.3
216.27,25.3
216.28,24.4
216.29,22.5
216.3,21.3
216.31,21.3
216.32,22.2
216.33,23.2
216.34,22.4
216.35,22.8
216.36,22.2
216.37,19.1
216.38,21.1
216.39,20.7
216.4,21.2
216.41,19.1
216.42,20.1
216.43,22.1
216.44,20.8
216.45,18.4
216.46,19.6
216.47,17.2
216.48,15.4
216.49,16.5
216.5,19
216.51,18.5
216.52,18.9
216.53,18.1
216.54,16.8
216.55,16.3
216.56,14
216.57,12
216.58,11
216.59,11.4
216.6,10.2
216.61,9.2
216.62,9.2
216.63,11
216.64,12.5
216.65,12.9
216.66,18.6
216.67,23.3
216.68,27.2
216.69,33.1
216.7,33.2
216.71,37.5
216.72,39.4
216.73,41.1
216.74,41.9
216.75,43
216.76,46.7
216.77,50.7
216.78,57.2
216.79,65.9
216.8,76.7
216.81,79
216.82,84
216.83,93.7
216.84,102
216.85,117.7
216.86,114.7
216.87,131
216.88,125.1
216.89,122.6
216.9,117.5
216.91,114.6
216.92,109.7
216.93,97.8
216.94,92
216.95,84.2
216.96,87
216.97,85.7
216.98,79.8
216.99,94.9
217,99
217.01,99.7
217.02,123.2
217.03,130.4
217.04,130.5
217.05,141.2
217.06,140.3
217.07,135.8
217.08,140.1
217.09,138.3
217.1,139.5
217.11,143.8
217.12,143.8
217.13,138.2
217.14,132.9
217.15,130.9
217.16,137.9
217.17,131.3
217.18,133.7
217.19,134.6
217.2,125.9
217.21,127.4
217.22,132.3
217.23,128.9
217.24,128.7
217.25,120
217.26,133.3
217.27,130
217.28,127.4
217.29,124.5
217.3,118.2
217.31,125
217.32,118.6
217.33,129.7
217.34,119.2
217.35,129
217.36,117.9
217.37,126.7
217.38,125.7
217.39,125.6
217.4,124.4
217.41,125.3
217.42,128.6
217.43,130.7
217.44,128.7
217.45,123.7
217.46,118.4
217.47,127.1
217.48,115.4
217.49,123.4
217.5,124.2
217.51,123.9
217.52,128.7
217.53,124.3
217.54,118.8
217.55,121.7
217.56,130.3
217.57,126.2
217.58,122.4
217.59,129.1
217.6,121.5
217.61,118.9
217.62,126.6
217.63,128.2
217.64,118.6
217.65,127
217.66,122.4
217.67,125.3
217.68,122.4
217.69,124.2
217.7,125.2
217.71,124.1
217.72,125.2
217.73,129.9
217.74,131.3
217.75,123.6
217.76,127.8
217.77,125.4
217.78,115.2
217.79,115.8
217.8,127.1
217.81,121.4
217.82,130.4
217.83,124.9
217.84,124.9
217.85,121.1
217.86,120.5
217.87,118.3
217.88,125.1
217.89,121.3
217.9,129.6
217.91,121.9
217.92,123.7
217.93,126.4
217.94,126.9
217.95,120.1
217.96,123.4
217.97,125.3
217.98,127.4
217.99,126.6
218,124.4
218.01,126.4
218.02,122.8
218.03,127
218.04,122.1
218.05,129.5
218.06,125.5
218.07,120.4
218.08,124.5
218.09,127.5
218.1,127.5
218.11,118.5
218.12,119.7
218.13,126.3
218.14,122
218.15,124.7
218.16,121.6
218.17,123.3
218.18,120.8
218.19,128.2
218.2,126.7
218.21,126.5
218.22,118
218.23,130.1
218.24,121.3
218.25,126.5
218.26,121.7
218.27,124.4
218.28,120.7
218.29,121.9
218.3,117.9
218.31,127.8
218.32,117.1
218.33,125.6
218.34,123.4
218.35,126.6
218.36,127
218.37,116.8
218.38,116.6
218.39,123.3
218.4,119.1
218.41,119.4
218.42,124.2
218.43,114.2
218.44,120.1
218.45,117.6
218.46,120.1
218.47,115.7
218.48,114.6
218.49,117.6
218.5,118.5
218.51,113.9
218.52,118.4
218.53,120.5
218.54,119.1
218.55,111.1
218.56,109.8
218.57,114.1
218.58,114.2
218.59,120.9
218.6,111.7
218.61,116.1
218.62,112.4
218.63,107.7
218.64,112.2
218.65,108.8
218.66,113
218.67,111.6
218.68,110.6
218.69,109.4
218.7,111.2
218.71,118.8
218.72,112
218.73,108.9
218.74,105.3
218.75,104.6
218.76,103.9
218.77,110.1
218.78,112
218.79,107.4
218.8,111.6
218.81,103.2
218.82,113.2
218.83,109.8
218.84,113.9
218.85,110.3
218.86,107.9
218.87,107.5
218.88,103.3
218.89,108.6
218.9,110.6
218.91,111.2
218.92,109.7
218.93,104.2
218.94,112.1
218.95,111.8
218.96,106.9
218.97,100.8
218.98,99.3
218.99,101.3
219,106.7
219.01,111.5
219.02,109.8
219.03,103.9
219.04,101.3
219.05,105.7
219.06,106.2
219.07,103.6
219.08,104.3
219.09,106.5
219.1,105.1
219.11,108
219.12,110.2
219.13,105.9
219.14,104.5
219.15,101
219.16,110.1
219.17,106.4
219.18,102.5
219.19,107.8
219.2,98
219.21,104.8
219.22,105
219.23,103.3
219.24,105.9
219.25,99.9
219.26,106.7
219.27,104.8
219.28,103.3
219.29,98.6
219.3,103.6
219.31,101.2
219.32,99.7
219.33,103.6
219.34,102.7
219.35,106
219.36,104.9
219.37,100.4
219.38,104.3
219.39,104.2
219.4,97.3
219.41,96
219.42,98.3
219.43,98.5
219.44,95.1
219.45,96.4
219.46,98.1
219.47,100
219.48,100
219.49,92.4
219.5,83.1
219.51,72.4
219.52,62
219.53,58
219.54,43.9
219.55,38.1
219.56,31.2
219.57,29.8
219.58,31.8
219.59,34
219.6,41.5
219.61,43.1
219.62,46.9
219.63,49.6
219.64,53.8
219.65,54.7
219.66,59.5
219.67,58.8
219.68,62.3
219.69,53.2
219.7,55
219.71,51.4
219.72,48.9
219.73,50.1
219.74,50.6
219.75,50.4
219.76,47.1
219.77,42
219.78,35.3
219.79,34.8
219.8,33.5
219.81,33.7
219.82,29.9
219.83,28
219.84,22.4
219.85,22.2
219.86,13.7
219.87,5.4
219.88,1.5
219.89,-1.1
219.9,-0.8
219.91,-1.7
219.92,-0.8
219.93,-1.6
219.94,-2.1
219.95,-8.5
219.96,-7.6
219.97,-2.6
219.98,-1.5
219.99,1.1
220,0
220.01,3.2
220.02,3.8
220.03,6.6
220.04,4
220.05,3.1
220.06,4.4
220.07,2.6
220.08,2.4
220.09,2
220.1,3.3
220.11,3
220.12,2.9
220.13,2.8
220.14,3.2
220.15,0.5
220.16,0.6
220.17,-0.6
220.18,0.7
220.19,1.6
220.2,-1
220.21,2.3
220.22,-0.4
220.23,0.6
220.24,-2.1
220.25,-2.7
220.26,-2.6
220.27,-2.7
220.28,0.2
220.29,-2.1
220.3,-0.5
220.31,-0.6
220.32,0
220.33,0.4
220.34,0.3
220.35,2.9
220.36,1
220.37,1.5
220.38,2.3
220.39,0.6
220.4,1.4
220.41,-0.5
220.42,0
220.43,0
220.44,0.4
220.45,0.8
220.46,0.5
220.47,3.2
220.48,5.1
220.49,8.2
220.5,12.3
220.51,17.9
220.52,24.3
220.53,34.3
220.54,37.3
220.55,39.7
220.56,58.1
220.57,62.6
220.58,57.6
220.59,42
220.6,41.2
220.61,41.7
220.62,50.8
220.63,56.7
220.64,55.5
220.65,50
220.66,41.9
220.67,43.9
220.68,40.8
220.69,45.3
220.7,45
220.71,43.3
220.72,48.8
220.73,51.7
220.74,63.6
220.75,66.9
220.76,69.4
220.77,69.9
220.78,69.5
220.79,73.7
220.8,75
220.81,78.9
220.82,77.2
220.83,85.5
220.84,86.2
220.85,89.8
220.86,98.1
220.87,98.1
220.88,97.5
220.89,90.7
220.9,87.5
220.91,87.5
220.92,89.9
220.93,86.8
220.94,89.5
220.95,96.9
220.96,97.4
220.97,100.7
220.98,102
220.99,109.4
221,105.2
221.01,115.6
221.02,111.8
221.03,108.7
221.04,105.3
221.05,98.9
221.06,106.1
221.07,105.1
221.08,107.9
221.09,103.3
221.1,103.7
221.11,95.6
221.12,95.5
221.13,100.1
221.14,106.6
221.15,108.8
221.16,99.7
221.17,104.9
221.18,97.9
221.19,103.5
221.2,102.5
221.21,105.2
221.22,101.6
221.23,107.4
221.24,105
221.25,104.9
221.26,105.9
221.27,100.3
221.28,93.6
221.29,90.2
221.3,82.4
221.31,71.4
221.32,70.1
221.33,66.6
221.34,69
221.35,69.5
221.36,77.3
221.37,92
221.38,97.6
221.39,98.9
221.4,108.9
221.41,106
221.42,109.8
221.43,108.2
221.44,109.3
221.45,112
221.46,107
221.47,113.4
221.48,104.6
221.49,109.9
221.5,107.8
221.51,103.3
221.52,101.8
221.53,96.1
221.54,91.7
221.55,73.6
221.56,67.8
221.57,57.8
221.58,43.3
221.59,30.7
221.6,21.9
221.61,14.5
221.62,11.6
221.63,13.4
221.64,13.8
221.65,14.9
221.66,11.5
221.67,11.2
221.68,8.6
221.69,5.7
221.7,2.3
221.71,2.5
221.72,6.5
221.73,5.4
221.74,9
221.75,8.3
221.76,9
221.77,9.6
221.78,9
221.79,9.5
221.8,7.8
221.81,10.7
221.82,9.3
221.83,9.5
221.84,10.2
221.85,7.7
221.86,8.4
221.87,5
221.88,-0.2
221.89,-1.3
221.9,-2.3
221.91,-2
221.92,-3
221.93,-2.6
221.94,-0.6
221.95,-2.2
221.96,-0.7
221.97,-1.4
221.98,-0.8
221.99,-0.9
222,-3.2
222.01,-2.4
222.02,-0.5
222.03,-0.5
222.04,1.5
222.05,0
222.06,0.3
222.07,1.7
222.08,0.4
222.09,1.5
222.1,1.8
222.11,3.2
222.12,16.3
222.13,15.6
222.14,8.3
222.15,4.2
222.16,6.8
222.17,7.2
222.18,0.9
222.19,-4.9
222.2,-6.1
222.21,-2.3
222.22,-2.4
222.23,-2.9
222.24,-2.2
222.25,3.8
222.26,10.6
222.27,5.6
222.28,1.7
222.29,3.4
222.3,5.9
222.31,0.9
222.32,-2.8
222.33,-4.7
222.34,0.2
222.35,0.4
222.36,-2.2
222.37,-2.4
222.38,0.1
222.39,-1.1
222.4,0
222.41,3.4
222.42,3.9
222.43,1
222.44,3.5
222.45,3
222.46,3
222.47,2
222.48,3.8
222.49,3.4
222.5,0.8
222.51,-1
222.52,-1
222.53,3
222.54,7.9
222.55,9.6
222.56,11.9
222.57,15.3
222.58,18.5
222.59,17.7
222.6,25.1
222.61,31.6
222.62,27.6
222.63,22.1
222.64,19.6
222.65,20
222.66,20.9
222.67,24.3
222.68,22.1
222.69,23.1
222.7,22.2
222.71,23.6
222.72,29.9
222.73,34.6
222.74,38.1
222.75,45.6
222.76,52.8
222.77,53.3
222.78,59.9
222.79,64.2
222.8,66.1
222.81,69.8
222.82,67.4
222.83,64.7
222.84,60.6
222.85,65.5
222.86,62.5
222.87,62.5
222.88,61.2
222.89,58.6
222.9,56.5
222.91,58.9
222.92,57.2
222.93,55.8
222.94,55.6
222.95,52.7
222.96,47.8
222.97,46.5
222.98,45.4
222.99,48.4
223,49.3
223.01,55.2
223.02,58.5
223.03,59.5
223.04,61.7
223.05,57.6
223.06,57.6
223.07,56.7
223.08,56.2
223.09,58
223.1,56.6
223.11,54.6
223.12,54
223.13,55.3
223.14,51.5
223.15,49.5
223.16,50.5
223.17,52.6
223.18,54.5
223.19,55.5
223.2,50.9
223.21,49.2
223.22,51.3
223.23,47.3
223.24,49.6
223.25,53.4
223.26,53.7
223.27,51.8
223.28,52.2
223.29,51.2
223.3,54.5
223.31,55.2
223.32,53.7
223.33,50.6
223.34,48.3
223.35,46.9
223.36,48.5
223.37,47.5
223.38,50.3
223.39,50.6
223.4,49.8
223.41,49.4
223.42,46.6
223.43,49.5
223.44,47.9
223.45,50.6
223.46,46.6
223.47,43.4
223.48,42.7
223.49,45.9
223.5,47.3
223.51,47.7
223.52,49.1
223.53,48.6
223.54,52.6
223.55,55.5
223.56,58.3
223.57,55.3
223.58,56.6
223.59,50.8
223.6,51.8
223.61,53.2
223.62,47.5
223.63,44.9
223.64,40
223.65,32.3
223.66,29.8
223.67,27.4
223.68,24.4
223.69,24.3
223.7,23.4
223.71,20.4
223.72,20.8
223.73,21.1
223.74,20.3
223.75,23.6
223.76,26.5
223.77,25.1
223.78,24.9
223.79,24.9
223.8,22.6
223.81,25
223.82,28.9
223.83,30
223.84,33.4
223.85,37.8
223.86,38.6
223.87,40.3
223.88,40.1
223.89,39.9
223.9,43.3
223.91,41.8
223.92,38.6
223.93,42.3
223.94,39.1
223.95,38.1
223.96,41.5
223.97,42.1
223.98,42.4
223.99,43.9
224,42.5
224.01,41
224.02,39.6
224.03,40.4
224.04,38.5
224.05,40.6
224.06,45.1
224.07,46.6
224.08,48.3
224.09,50.1
224.1,49.1
224.11,51.2
224.12,51.8
224.13,47.5
224.14,44.9
224.15,43.1
224.16,39.1
224.17,38.6
224.18,37
224.19,34.2
224.2,31.1
224.21,24.7
224.22,21.2
224.23,17.2
224.24,18.5
224.25,13.3
224.26,11.7
224.27,10.7
224.28,4.9
224.29,3.4
224.3,7.6
224.31,6.2
224.32,6.4
224.33,6.9
224.34,6.3
224.35,8.6
224.36,8.3
224.37,8.2
224.38,7.5
224.39,6.6
224.4,0.6
224.41,-1.9
224.42,-3.8
224.43,-4.6
224.44,-5.9
224.45,-4.1
224.46,2.2
224.47,4.5
224.48,8
224.49,14
224.5,20.6
224.51,29.8
224.52,34.7
224.53,39
224.54,45.2
224.55,67.6
224.56,81
224.57,77.2
224.58,65
224.59,68.1
224.6,75.9
224.61,81.8
224.62,83.1
224.63,82
224.64,76
224.65,75.4
224.66,76.8
224.67,88.2
224.68,87
224.69,87
224.7,80.4
224.71,77.8
224.72,72.5
224.73,73.6
224.74,73.7
224.75,72
224.76,69.5
224.77,65.4
224.78,68.8
224.79,64.6
224.8,65.5
224.81,64
224.82,62.2
224.83,63.9
224.84,63.4
224.85,62.7
224.86,63.7
224.87,61.6
224.88,61.7
224.89,61.3
224.9,59.1
224.91,57.1
224.92,58.3
224.93,59.1
224.94,64.1
224.95,64.5
224.96,68.5
224.97,75.9
224.98,78.3
224.99,77.9
225,73.9
225.01,68.7
225.02,60.9
225.03,51.1
225.04,47.2
225.05,40.2
225.06,36.8
225.07,34
225.08,33.3
225.09,37.4
225.1,36.2
225.11,41.6
225.12,51
225.13,57.9
225.14,59.9
225.15,66.1
225.16,70.2
225.17,72.6
225.18,76.1
225.19,73.5
225.2,75.3
225.21,77.5
225.22,77.4
225.23,75.5
225.24,81.4
225.25,94
225.26,98.5
225.27,113.5
225.28,117.2
225.29,124.3
225.3,133.5
225.31,138.9
225.32,144.3
225.33,158.6
225.34,156
225.35,145.6
225.36,146
225.37,141.9
225.38,136.6
225.39,144.4
225.4,132.2
225.41,142.4
225.42,125.6
225.43,125.4
225.44,124.8
225.45,126.9
225.46,126.2
225.47,124
225.48,124.4
225.49,118
225.5,126.4
225.51,126.1
225.52,126.2
225.53,122.2
225.54,117
225.55,125.4
225.56,118
225.57,119.8
225.58,123.8
225.59,122
225.6,128.5
225.61,120
225.62,124.9
225.63,120.3
225.64,123
225.65,126.7
225.66,115.8
225.67,118.5
225.68,123.1
225.69,117.9
225.7,123
225.71,123.5
225.72,118.5
225.73,122.7
225.74,115.7
225.75,120.2
225.76,122.4
225.77,118.7
225.78,123.1
225.79,122.3
225.8,117.7
225.81,119.3
225.82,117.5
225.83,119.4
225.84,108.8
225.85,115.1
225.86,118.9
225.87,118.4
225.88,118.3
225.89,115.4
225.9,112.5
225.91,112.9
225.92,117.2
225.93,116.1
225.94,107
225.95,108.8
225.96,110.6
225.97,112.3
225.98,117.8
225.99,115.5
226,110.6
226.01,113.3
226.02,113.5
226.03,116.8
226.04,114
226.05,113.4
226.06,111.4
226.07,108.6
226.08,110.9
226.09,113.6
226.1,112.8
226.11,110.4
226.12,112.9
226.13,106.7
226.14,106.6
226.15,111.2
226.16,109.5
226.17,103.9
226.18,108.3
226.19,110.8
226.2,108
226.21,106.6
226.22,106.7
226.23,109.6
226.24,104.5
226.25,104.5
226.26,108.1
226.27,108.5
226.28,107.6
226.29,103.4
226.3,105.9
226.31,107.9
226.32,109.8
226.33,107.4
226.34,105.8
226.35,107.6
226.36,108.4
226.37,103.2
226.38,108.1
226.39,101.7
226.4,103.9
226.41,107.5
226.42,104.1
226.43,107.2
226.44,99.9
226.45,99.2
226.46,106.5
226.47,105.4
226.48,108.4
226.49,105.6
226.5,99
226.51,99.5
226.52,104.4
226.53,104.3
226.54,101.5
226.55,99.3
226.56,95.6
226.57,92
226.58,84
226.59,71.3
226.6,57.1
226.61,46.1
226.62,27.1
226.63,19.8
226.64,11.4
226.65,2.2
226.66,-2
226.67,-6.1
226.68,-9.4
226.69,-13.4
226.7,-12.2
226.71,-16.4
226.72,-23.9
226.73,-33.7
226.74,-30.6
226.75,-22
226.76,-15.8
226.77,-13.4
226.78,-13.1
226.79,-10.3
226.8,-10.8
226.81,-8.3
226.82,-6.9
226.83,-9.4
226.84,-5.8
226.85,-5.3
226.86,-1.2
226.87,0
226.88,0.6
226.89,2.7
226.9,0.9
226.91,2.7
226.92,2.5
226.93,3.8
226.94,3.3
226.95,1.5
226.96,4.8
226.97,3.5
226.98,3.8
226.99,3.9
227,1.1
227.01,4.7
227.02,3.2
227.03,2.6
227.04,2.9
227.05,2.1
227.06,2.1
227.07,2.5
227.08,1.7
227.09,2.6
227.1,1.6
227.11,2.9
227.12,2.3
227.13,0.5
227.14,2
227.15,1.6
227.16,0.4
227.17,2.6
227.18,2.7
227.19,3.5
227.2,3.9
227.21,2
227.22,1.3
227.23,1.9
227.24,1.8
227.25,6.6
227.26,4.7
227.27,7
227.28,11.1
227.29,12.8
227.3,15.5
227.31,15.9
227.32,17
227.33,23.9
227.34,29.1
227.35,34
227.36,37.3
227.37,35.2
227.38,35.6
227.39,30.7
227.4,29.4
227.41,30.5
227.42,29.8
227.43,34.2
227.44,34.4
227.45,34.8
227.46,39
227.47,37.8
227.48,41.3
227.49,43.7
227.5,44.1
227.51,50.1
227.52,49.6
227.53,43.9
227.54,40
227.55,38.8
227.56,39.9
227.57,43.1
227.58,42.2
227.59,45.5
227.6,41.1
227.61,39.8
227.62,40.1
227.63,38.6
227.64,44.3
227.65,41.5
227.66,41.2
227.67,43.7
227.68,44.1
227.69,46.3
227.7,48
227.71,47.5
227.72,46.9
227.73,47
227.74,48.7
227.75,52.2
227.76,49.4
227.77,49.5
227.78,49.7
227.79,52.8
227.8,61
227.81,67.1
227.82,78.4
227.83,83.5
227.84,83.8
227.85,94.7
227.86,98
227.87,101.7
227.88,99.2
227.89,97.9
227.9,96.8
227.91,92.3
227.92,90.3
227.93,92.6
227.94,85.1
227.95,87.1
227.96,86.3
227.97,90
227.98,91.9
227.99,93
228,101
228.01,94.6
228.02,99
228.03,96.9
228.04,106
228.05,103
228.06,98.7
228.07,101.1
228.08,97.4
228.09,93.9
228.1,92.8
228.11,96.1
228.12,96.1
228.13,90.6
228.14,87.4
228.15,76.9
228.16,76.9
228.17,78.3
228.18,70.5
228.19,67.4
228.2,67.9
228.21,69.4
228.22,66.6
228.23,69.5
228.24,73.1
228.25,73.6
228.26,71.9
228.27,67
228.28,69.2
228.29,71.9
228.3,67.2
228.31,72
228.32,70
228.33,73.4
228.34,73.8
228.35,72.1
228.36,77
228.37,72.2
228.38,73.4
228.39,72.8
228.4,73.2
228.41,73.9
228.42,69.3
228.43,66.4
228.44,59.5
228.45,57.1
228.46,54.9
228.47,54.7
228.48,53.7
228.49,47.5
228.5,48.2
228.51,42.3
228.52,43.7
228.53,41.3
228.54,35.9
228.55,30.4
228.56,23.2
228.57,22.4
228.58,21.2
228.59,22.4
228.6,21.2
228.61,18.3
228.62,16.1
228.63,9.6
228.64,5.9
228.65,2.9
228.66,-1.1
228.67,-1.4
228.68,-2.4
228.69,0.2
228.7,0.5
228.71,0.6
228.72,3.1
228.73,2.4
228.74,1.9
228.75,-2.6
228.76,-6.4
228.77,-6.8
228.78,-8.1
228.79,-6.8
228.8,-6.9
228.81,-5.6
228.82,-5.6
228.83,-4.7
228.84,-1.4
228.85,-1.2
228.86,0
228.87,1.1
228.88,0.6
228.89,0.6
228.9,0.7
228.91,0.9
228.92,2
228.93,0.6
228.94,1.9
228.95,2
228.96,2
228.97,3.5
228.98,5.6
228.99,16.6
229,12.5
229.01,6.9
229.02,5.5
229.03,7
229.04,6.2
229.05,4.4
229.06,3.7
229.07,3.4
229.08,1.8
229.09,1.9
229.1,1.3
229.11,1.1
229.12,2.9
229.13,7.1
229.14,6.3
229.15,5.3
229.16,2.7
229.17,3.7
229.18,3.2
229.19,2.9
229.2,2.9
229.21,2.3
229.22,0.9
229.23,1.3
229.24,2.8
229.25,2.3
229.26,3.5
229.27,3.4
229.28,2.9
229.29,1.2
229.3,1.8
229.31,2.1
229.32,2.3
229.33,2
229.34,0.4
229.35,1.1
229.36,1.5
229.37,2.1
229.38,3.8
229.39,3.1
229.4,2.8
229.41,1.9
229.42,1.7
229.43,2.6
229.44,1.4
229.45,1
229.46,1.3
229.47,-0.4
229.48,-3.6
229.49,-7.4
229.5,-7
229.51,-5.7
229.52,-4.1
229.53,-4.2
229.54,-3.6
229.55,-2.1
229.56,-0.6
229.57,-0.4
229.58,0.4
229.59,0.5
229.6,1.7
229.61,1.4
229.62,2.9
229.63,2.2
229.64,5.6
229.65,5.6
229.66,3.2
229.67,3.3
229.68,3.2
229.69,1.7
229.7,-5.3
229.71,-17.4
229.72,-13.1
229.73,-7.7
229.74,-2.3
229.75,-4.1
229.76,-1.3
229.77,-0.2
229.78,5.6
229.79,8.8
229.8,10.4
229.81,8.9
229.82,6.1
229.83,5.3
229.84,5.2
229.85,5.9
229.86,4.2
229.87,2.8
229.88,3.2
229.89,3.2
229.9,5.3
229.91,4.1
229.92,5.4
229.93,6.1
229.94,7.4
229.95,8
229.96,9.6
229.97,9.5
229.98,10.9
229.99,11.3
230,10.8
230.01,11.2
230.02,13
230.03,12.7
230.04,19.4
230.05,26
230.06,24.9
230.07,21.5
230.08,19.3
230.09,21.3
230.1,21.7
230.11,22.1
230.12,20.9
230.13,23.6
230.14,21.6
230.15,20.7
230.16,14.6
230.17,13.2
230.18,12.3
230.19,10.6
230.2,10.1
230.21,9.5
230.22,9.5
230.23,7.8
230.24,6.9
230.25,3.7
230.26,1.6
230.27,-0.1
230.28,-3.2
230.29,-2.9
230.3,-5.3
230.31,-2.4
230.32,-3.9
230.33,-3.9
230.34,-3.6
230.35,-3.9
230.36,-4.9
230.37,-8.1
230.38,-8.7
230.39,-7.2
230.4,-5.6
230.41,-4.5
230.42,-3.9
230.43,-3
230.44,-2.1
230.45,-0.7
230.46,0
230.47,0.8
230.48,1.7
230.49,0.3
230.5,0.7
230.51,1
230.52,1
230.53,2
230.54,3.5
230.55,4.8
230.56,5.1
230.57,6.7
230.58,7.2
230.59,8.4
230.6,9.7
230.61,15.2
230.62,17.2
230.63,22.6
230.64,37.2
230.65,48.8
230.66,49.2
230.67,45.2
230.68,41.8
230.69,44.4
230.7,42.8
230.71,47.2
230.72,42.9
230.73,34
230.74,30.5
230.75,31.2
230.76,32.3
230.77,30.8
230.78,30
230.79,26.7
230.8,27.3
230.81,27.5
230.82,28.4
230.83,26.3
230.84,24.1
230.85,21.1
230.86,19.6
230.87,18.7
230.88,17.5
230.89,14.6
230.9,11.7
230.91,9.2
230.92,6.5
230.93,3.2
230.94,-2.7
230.95,-5.3
230.96,-6.2
230.97,-10.4
230.98,-9.1
230.99,-8.7
231,-6.7
231.01,-9.5
231.02,-11.3
231.03,-15.7
231.04,-14.3
231.05,-10.2
231.06,-7.2
231.07,-6
231.08,-5.3
231.09,-4.3
231.1,-3.7
231.11,-2.9
231.12,1.1
231.13,0.3
231.14,1.4
231.15,2
231.16,1.7
231.17,2.9
231.18,2.9
231.19,1.7
231.2,2.5
231.21,0.6
231.22,2.4
231.23,2.9
231.24,1.5
231.25,2
231.26,1.2
231.27,2.5
231.28,3.8
231.29,4.1
231.3,4.8
231.31,5.3
231.32,4.1
231.33,5.1
231.34,5.4
231.35,7.1
231.36,10.9
231.37,16.5
231.38,21.9
231.39,30.4
231.4,30.6
231.41,36.8
231.42,41.8
231.43,46.5
231.44,49.4
231.45,53.7
231.46,57.4
231.47,59.6
231.48,59.1
231.49,62.4
231.5,59.6
231.51,58.1
231.52,58
231.53,67.3
231.54,76.4
231.55,83.9
231.56,75.3
231.57,69.5
231.58,66.6
231.59,69.7
231.6,75.5
231.61,74.7
231.62,76.5
231.63,74
231.64,71.9
231.65,73.8
231.66,89.3
231.67,95.2
231.68,106.4
231.69,103.9
231.7,105
231.71,107.5
231.72,109
231.73,103.6
231.74,113.8
231.75,113.2
231.76,113.3
231.77,117.6
231.78,122.4
231.79,119.1
231.8,137.5
231.81,140.5
231.82,140.9
231.83,135.7
231.84,134.2
231.85,142.3
231.86,144.8
231.87,141.7
231.88,131.9
231.89,139.5
231.9,124
231.91,137.3
231.92,131.1
231.93,133
231.94,125.5
231.95,132.4
231.96,122.8
231.97,130.1
231.98,126.9
231.99,131.9
232,126
232.01,130.3
232.02,129.8
232.03,117.3
232.04,115.4
232.05,115.7
232.06,123.2
232.07,125.1
232.08,124.2
232.09,123.4
232.1,123.6
232.11,125.3
232.12,122.7
232.13,117.2
232.14,116.6
232.15,124.2
232.16,115.5
232.17,121.8
232.18,117.6
232.19,120
232.2,127.4
232.21,120.4
232.22,127.7
232.23,128
232.24,117
232.25,121.4
232.26,126.7
232.27,127.9
232.28,119.7
232.29,117.7
232.3,121.4
232.31,127.5
232.32,115.7
232.33,125.5
232.34,128
232.35,126.3
232.36,128.7
232.37,123.8
232.38,115
232.39,123.1
232.4,123.4
232.41,127.4
232.42,131.5
232.43,128
232.44,126.5
232.45,118
232.46,117.5
232.47,128.9
232.48,120.4
232.49,120.5
232.5,114.9
232.51,118.2
232.52,130.4
232.53,125.4
232.54,124.9
232.55,129
232.56,111.1
232.57,121.8
232.58,125.5
232.59,121.8
232.6,124
232.61,122
232.62,106.8
232.63,111.3
232.64,106.9
232.65,114.2
232.66,109.6
232.67,111
232.68,107.4
232.69,99.4
232.7,92.4
232.71,89.9
232.72,78.4
232.73,73
232.74,52.1
232.75,43.3
232.76,36.4
232.77,31.1
232.78,31.4
232.79,29.4
232.8,28.2
232.81,26
232.82,23.4
232.83,20
232.84,19.3
232.85,19.9
232.86,24.1
232.87,27.8
232.88,32.6
232.89,38.3
232.9,42.9
232.91,48.7
232.92,50.7
232.93,56.7
232.94,58.6
232.95,53.9
232.96,49.2
232.97,44.3
232.98,40.6
232.99,43.4
233,45.6
233.01,45.9
233.02,41.7
233.03,40.7
233.04,42.8
233.05,42.9
233.06,48.9
233.07,49.7
233.08,49.6
233.09,46.9
233.1,41.6
233.11,43.8
233.12,44.9
233.13,48.2
233.14,47.7
233.15,46.5
233.16,47.8
233.17,50.4
233.18,50.7
233.19,50.8
233.2,51.4
233.21,47.7
233.22,49.4
233.23,51
233.24,48.5
233.25,50.4
233.26,50.8
233.27,53.7
233.28,51.8
233.29,51.9
233.3,53.7
233.31,51.5
233.32,53.4
233.33,53.5
233.34,52.6
233.35,53.1
233.36,48.3
233.37,43.1
233.38,46.2
233.39,45.9
233.4,45.2
233.41,45.5
233.42,46.2
233.43,45.7
233.44,47.6
233.45,47.2
233.46,49.1
233.47,46.5
233.48,47.1
233.49,46.9
233.5,46.9
233.51,46
233.52,48.7
233.53,45.1
233.54,45.3
233.55,42.7
233.56,42.4
233.57,37.9
233.58,36.3
233.59,35.5
233.6,32.8
233.61,28.9
233.62,27.2
233.63,25.4
233.64,25.9
233.65,28.3
233.66,27.4
233.67,27
233.68,27.7
233.69,26.1
233.7,22.6
233.71,22.5
233.72,20.8
233.73,18.4
233.74,16.2
233.75,16.5
233.76,11.2
233.77,10.6
233.78,9.3
233.79,8.2
233.8,8.8
233.81,9.2
233.82,9.1
233.83,12.5
233.84,17
233.85,17.4
233.86,18.2
233.87,21.2
233.88,23
233.89,21.1
233.9,21.3
233.91,19.6
233.92,16.7
233.93,16.5
233.94,15.8
233.95,13.8
233.96,14.9
233.97,21.2
233.98,20.7
233.99,21.5
234,23
234.01,22.7
234.02,23.4
234.03,22.6
234.04,23.9
234.05,22.1
234.06,20.6
234.07,19.8
234.08,16.8
234.09,16.6
234.1,17.2
234.11,17.1
234.12,17.6
234.13,18.9
234.14,19.8
234.15,19.3
234.16,20.6
234.17,19.6
234.18,17.4
234.19,15.8
234.2,15
234.21,13.4
234.22,10.6
234.23,11
234.24,9.8
234.25,9.8
234.26,8.6
234.27,8.7
234.28,10.7
234.29,9.8
234.3,11.3
234.31,11.6
234.32,11.5
234.33,12.8
234.34,13.7
234.35,13.3
234.36,15.4
234.37,14.7
234.38,16.8
234.39,16.7
234.4,16.5
234.41,12.9
234.42,13.9
234.43,14
234.44,13.3
234.45,14.5
234.46,15.4
234.47,12.8
234.48,13.2
234.49,16.3
234.5,21.1
234.51,25.6
234.52,34.3
234.53,38.3
234.54,41.8
234.55,45.3
234.56,45
234.57,44.9
234.58,46.6
234.59,47
234.6,45.1
234.61,45
234.62,46.3
234.63,44
234.64,40.7
234.65,42.7
234.66,40.6
234.67,38.7
234.68,40.8
234.69,39.9
234.7,38.9
234.71,36.3
234.72,39
234.73,37.8
234.74,38.1
234.75,40.3
234.76,42.1
234.77,43.4
234.78,40.7
234.79,40.1
234.8,40.3
234.81,46.4
234.82,47
234.83,41.5
234.84,38.9
234.85,34.8
234.86,36.9
234.87,40.2
234.88,42.4
234.89,41
234.9,42.7
234.91,44.5
234.92,45.9
234.93,47.7
234.94,49.6
234.95,48.3
234.96,42.8
234.97,41.1
234.98,42.6
234.99,41.2
235,45.5
235.01,48.9
235.02,47.5
235.03,45.2
235.04,43.8
235.05,44.6
235.06,46.6
235.07,48.8
235.08,51.9
235.09,50.3
235.1,49.9
235.11,54.6
235.12,53.2
235.13,55
235.14,53.6
235.15,53.7
235.16,57.5
235.17,56.6
235.18,56.8
235.19,52.7
235.2,56
235.21,54.5
235.22,57
235.23,63
235.24,61.7
235.25,62
235.26,66.8
235.27,62.3
235.28,60.9
235.29,60.8
235.3,63.4
235.31,62.6
235.32,57.5
235.33,52.6
235.34,47.2
235.35,42.9
235.36,44.6
235.37,44
235.38,43.6
235.39,41.7
235.4,38.5
235.41,39.2
235.42,38.1
235.43,39.2
235.44,43.2
235.45,46.9
235.46,46.4
235.47,48.5
235.48,50.6
235.49,49.1
235.5,47.7
235.51,48.3
235.52,46.4
235.53,47
235.54,49.5
235.55,49.9
235.56,46.1
235.57,46.8
235.58,45.1
235.59,50.5
235.6,55.6
235.61,52.8
235.62,47.4
235.63,49.4
235.64,51.4
235.65,53.4
235.66,53.9
235.67,49.4
235.68,45.5
235.69,49.7
235.7,50.5
235.71,58
235.72,56.3
235.73,52.7
235.74,48.5
235.75,48.9
235.76,41.4
235.77,34.7
235.78,36.2
235.79,30.1
235.8,28.1
235.81,34.2
235.82,36.4
235.83,45.8
235.84,55.9
235.85,62.3
235.86,64.2
235.87,71.3
235.88,69.9
235.89,74
235.9,78.7
235.91,78.4
235.92,81.2
235.93,76.8
235.94,72.7
235.95,77.7
235.96,76.1
235.97,74.8
235.98,78.1
235.99,79.1
236,81.6
236.01,94.1
236.02,96.9
236.03,97.2
236.04,111.6
236.05,110.2
236.06,104.7
236.07,92.8
236.08,89
236.09,90.5
236.1,96.9
236.11,100.5
236.12,101.2
236.13,91.4
236.14,88.5
236.15,79.5
236.16,69.1
236.17,60.1
236.18,52.8
236.19,45.7
236.2,42.4
236.21,41.1
236.22,43
236.23,41.5
236.24,43.3
236.25,46.3
236.26,45.5
236.27,45.8
236.28,47.7
236.29,51.4
236.3,50.7
236.31,50.4
236.32,52.9
236.33,57
236.34,44.9
236.35,33.7
236.36,20.7
236.37,5.4
236.38,-3.2
236.39,-7.3
236.4,-15.3
236.41,-16
236.42,-16.3
236.43,-18.6
236.44,-19.7
236.45,-27.3
236.46,-31
236.47,-26.9
236.48,-18.1
236.49,-7.6
236.5,-4.3
236.51,0.3
236.52,5.3
236.53,9.3
236.54,12.7
236.55,13.9
236.56,15.8
236.57,19.3
236.58,21.3
236.59,25.7
236.6,30.5
236.61,27
236.62,27.1
236.63,29.3
236.64,35.1
236.65,38.3
236.66,46.9
236.67,50.1
236.68,49.7
236.69,46.3
236.7,48
236.71,52.8
236.72,57
236.73,58.3
236.74,55.6
236.75,51.2
236.76,44.7
236.77,46.5
236.78,45.3
236.79,41.3
236.8,43.6
236.81,44.9
236.82,50
236.83,56.6
236.84,63.4
236.85,68.4
236.86,69.3
236.87,64.4
236.88,60.1
236.89,60.2
236.9,56.3
236.91,58.8
236.92,57.7
236.93,59.7
236.94,58.5
236.95,57
236.96,53.4
236.97,54.7
236.98,53.5
236.99,54.3
237,52.8
237.01,51
237.02,46.6
237.03,43.2
237.04,40.5
237.05,38.1
237.06,38.1
237.07,38.4
237.08,36.4
237.09,37.2
237.1,34.9
237.11,31.5
237.12,23.5
237.13,16.8
237.14,7.3
237.15,-3.6
237.16,-7.1
237.17,-10
237.18,-11.5
237.19,-8.7
237.2,-10.5
237.21,-19.4
237.22,-17.4
237.23,-9.8
237.24,-0.3
237.25,5.7
237.26,4.5
237.27,7.4
237.28,9.2
237.29,11.3
237.3,21.6
237.31,18.1
237.32,16.1
237.33,15.3
237.34,15.9
237.35,13.9
237.36,17
237.37,16.7
237.38,16.3
237.39,20
237.4,18.9
237.41,21.9
237.42,28.3
237.43,30.1
237.44,35.3
237.45,44.7
237.46,47.8
237.47,54.8
237.48,61.5
237.49,60.7
237.5,71
237.51,70.7
237.52,71.7
237.53,72.7
237.54,65.8
237.55,66.5
237.56,72.5
237.57,70.4
237.58,67.7
237.59,66
237.6,62.9
237.61,67.4
237.62,71
237.63,70.7
237.64,74
237.65,84.2
237.66,96.6
237.67,102
237.68,112.3
237.69,118.2
237.7,124.4
237.71,131.8
237.72,130.6
237.73,133.9
237.74,132.5
237.75,135.7
237.76,131.2
237.77,126.3
237.78,128.5
237.79,122.7
237.8,129.1
237.81,127.2
237.82,129.6
237.83,125.8
237.84,130.9
237.85,132.4
237.86,130.4
237.87,128.7
237.88,128.4
237.89,134.6
237.9,125.1
237.91,129.4
237.92,129.6
237.93,123.4
237.94,118.8
237.95,125
237.96,127.6
237.97,122.6
237.98,123
237.99,125.2
238,120.4
238.01,117.4
238.02,120.7
238.03,124.1
238.04,114
238.05,115.7
238.06,113.5
238.07,115.6
238.08,117.2
238.09,116.2
238.1,108.4
238.11,111.9
238.12,110.1
238.13,120.9
238.14,113.1
238.15,116
238.16,111.2
238.17,114.9
238.18,115.8
238.19,106.7
238.2,115.6
238.21,113
238.22,109.5
238.23,108.2
238.24,107.9
238.25,115.5
238.26,116.9
238.27,118.7
238.28,115.6
238.29,105.3
238.3,104.4
238.31,105.3
238.32,114.9
238.33,115
238.34,109.2
238.35,105.1
238.36,109.5
238.37,111.6
238.38,110.5
238.39,110.9
238.4,109.5
238.41,107.2
238.42,110.4
238.43,105.6
238.44,115
238.45,112
238.46,110.5
238.47,109
238.48,115.1
238.49,110.3
238.5,115.2
238.51,107.4
238.52,108.5
238.53,107.7
238.54,107.4
238.55,108.3
238.56,109.5
238.57,107.1
238.58,112.7
238.59,107.9
238.6,111.5
238.61,116.9
238.62,113.1
238.63,113.6
238.64,106.4
238.65,106.3
238.66,108.8
238.67,112.3
238.68,106.9
238.69,114.8
238.7,105.4
238.71,108.5
238.72,105.7
238.73,105.5
238.74,106.8
238.75,105.4
238.76,102.7
238.77,103.5
238.78,102.3
238.79,96.9
238.8,97.1
238.81,100.1
238.82,102.3
238.83,97.9
238.84,98.5
238.85,100.7
238.86,97.3
238.87,101.5
238.88,101.8
238.89,99
238.9,93.9
238.91,95.8
238.92,101.5
238.93,101.9
238.94,104.8
238.95,102.5
238.96,92.8
238.97,101.3
238.98,102
238.99,104.9
239,103.9
239.01,99
239.02,96.8
239.03,96.3
239.04,99
239.05,103
239.06,102.2
239.07,96
239.08,96
239.09,95.5
239.1,98
239.11,97.5
239.12,99.1
239.13,96.5
239.14,103.5
239.15,96.4
239.16,100.5
239.17,95.5
239.18,99
239.19,100.4
239.2,102.1
239.21,104.8
239.22,103.7
239.23,105
239.24,101.5
239.25,103.8
239.26,105.5
239.27,97.3
239.28,80.8
239.29,75.9
239.3,60.8
239.31,43.5
239.32,27.4
239.33,15.2
239.34,1.9
239.35,-2
239.36,-6.9
239.37,-8.3
239.38,-8
239.39,-10.5
239.4,-18.5
239.41,-20.3
239.42,-19.2
239.43,-10
239.44,-6.2
239.45,-4
239.46,-5
239.47,-4.3
239.48,-4.1
239.49,-3.1
239.5,-4.6
239.51,-7.1
239.52,-6.3
239.53,-4.7
239.54,-5.1
239.55,-1.8
239.56,-1.5
239.57,0.3
239.58,-1.3
239.59,1
239.6,0.9
239.61,0
239.62,2.8
239.63,2.3
239.64,1.1
239.65,3.1
239.66,2.8
239.67,2.5
239.68,2.2
239.69,1.1
239.7,2.5
239.71,2
239.72,2
239.73,3.2
239.74,7.8
239.75,15.6
239.76,8.5
239.77,2.9
239.78,4.2
239.79,5.5
239.8,4.6
239.81,4.5
239.82,4.4
239.83,3.1
239.84,1.8
239.85,2.1
239.86,1.2
239.87,-0.6
239.88,0.8
239.89,0.5
239.9,0.5
239.91,0.7
239.92,0.2
239.93,0.5
239.94,0.4
239.95,0.8
239.96,-1.3
239.97,-1.7
239.98,-1.9
239.99,0.5
240,-0.3
240.01,0.6
240.02,0.3
240.03,0.5
240.04,2.7
240.05,7.7
240.06,8.3
240.07,4.4
240.08,4.4
240.09,4.2
240.1,3.2
240.11,2.7
240.12,3.3
240.13,2.3
240.14,0
240.15,-1.2
240.16,0
240.17,0.1
240.18,-0.6
240.19,0
240.2,-1.7
240.21,-0.7
240.22,-0.3
240.23,0.5
240.24,-0.4
240.25,-2
240.26,-1.5
240.27,-0.2
240.28,-2
240.29,0.1
240.3,-0.3
240.31,-0.1
240.32,0.1
240.33,0.5
240.34,0.8
240.35,1.5
240.36,1.7
240.37,0.8
240.38,1.1
240.39,1.4
240.4,2
240.41,1.4
240.42,1.1
240.43,3
240.44,1.7
240.45,2.3
240.46,1.3
240.47,3.2
240.48,5
240.49,7.4
240.5,8.7
240.51,10.8
240.52,11.6
240.53,11
240.54,12.3
240.55,12.7
240.56,11.9
240.57,14.5
240.58,17.3
240.59,18
240.6,14
240.61,12.7
240.62,13.3
240.63,11.7
240.64,10.6
240.65,9.7
240.66,9
240.67,8.7
240.68,9
240.69,7.3
240.7,5.7
240.71,2.4
240.72,-0.5
240.73,-1.7
240.74,-2.3
240.75,-2.7
240.76,-1.6
240.77,-1.1
240.78,-2.2
240.79,-1.4
240.8,-2
240.81,-3.1
240.82,-4.8
240.83,-7.9
240.84,-6.6
240.85,-5.2
240.86,-5.4
240.87,-4.1
240.88,-3.2
240.89,-2.5
240.9,-0.7
240.91,-0.1
240.92,0.8
240.93,1.2
240.94,2
240.95,1.4
240.96,0.9
240.97,1.1
240.98,1.3
240.99,2
241,1.9
241.01,2
241.02,1.1
241.03,1.1
241.04,2.1
241.05,2
241.06,4.5
241.07,9.3
241.08,7.8
241.09,5.6
241.1,4
241.11,4.9
241.12,4.1
241.13,5.1
241.14,3.6
241.15,2
241.16,1.7
241.17,1.3
241.18,0.9
241.19,-0.4
241.2,0.3
241.21,-0.3
241.22,-1.2
241.23,-1.4
241.24,-1.8
241.25,-3.7
241.26,-4.1
241.27,-4.6
241.28,-3.7
241.29,-4
241.3,-4.2
241.31,-3.1
241.32,-1.1
241.33,-0.6
241.34,0.3
241.35,0.3
241.36,1
241.37,2.3
241.38,3.8
241.39,4.1
241.4,5.3
241.41,9
241.42,13
241.43,14.5
241.44,19.4
241.45,24.1
241.46,29.8
241.47,54.4
241.48,65.6
241.49,75
241.5,75.6
241.51,84.2
241.52,89.2
241.53,99.1
241.54,110.5
241.55,100
241.56,100.2
241.57,92.7
241.58,96.3
241.59,96.1
241.6,90.4
241.61,88
241.62,78.1
241.63,71.2
241.64,74
241.65,82.3
241.66,81.3
241.67,87.4
241.68,91.8
241.69,106.4
241.7,119.8
241.71,135.3
241.72,143.7
241.73,138.8
241.74,137
241.75,138.5
241.76,145.2
241.77,154.7
241.78,136.3
241.79,148.8
241.8,147.6
241.81,131.8
241.82,128.9
241.83,128
241.84,131.9
241.85,138.1
241.86,124.8
241.87,133.5
241.88,121.3
241.89,125.9
241.9,131
241.91,124.9
241.92,127.8
241.93,119.6
241.94,115.2
241.95,123.6
241.96,117.6
241.97,126.1
241.98,127.2
241.99,125.8
242,125.4
242.01,121.1
242.02,116.1
242.03,118
242.04,122.7
242.05,126.3
242.06,123.7
242.07,117.4
242.08,117.8
242.09,118.7
242.1,122.3
242.11,119.7
242.12,122.9
242.13,131.8
242.14,125.7
242.15,125.4
242.16,129.1
242.17,117.3
242.18,119.2
242.19,129.6
242.2,119.9
242.21,125.4
242.22,118.2
242.23,123.2
242.24,130.1
242.25,122.3
242.26,130
242.27,117.7
242.28,116.7
242.29,127.8
242.3,129.1
242.31,123.9
242.32,130.5
242.33,129.4
242.34,117.2
242.35,117.5
242.36,125.1
242.37,123.9
242.38,126
242.39,125.2
242.4,116.5
242.41,126.1
242.42,122.3
242.43,125.1
242.44,128.6
242.45,120.9
242.46,121.3
242.47,124.1
242.48,128.2
242.49,125.5
242.5,125.3
242.51,124.5
242.52,127.3
242.53,120
242.54,127.4
242.55,123.8
242.56,124.2
242.57,124.3
242.58,123.6
242.59,129.5
242.6,121.9
242.61,118.2
242.62,118.3
242.63,127
242.64,118.8
242.65,116.3
242.66,118.7
242.67,129.4
242.68,124.5
242.69,126
242.7,126.6
242.71,120.8
242.72,129.2
242.73,117.5
242.74,123.3
242.75,129.5
242.76,131.5
242.77,128.2
242.78,128.5
242.79,119.8
242.8,120.7
242.81,115.8
242.82,128.4
242.83,129.1
242.84,130.7
242.85,131.4
242.86,120.9
242.87,120.1
242.88,115.4
242.89,124.3
242.9,122.5
242.91,117.7
242.92,128.5
242.93,130.5
242.94,124.4
242.95,124.9
242.96,124.3
242.97,127.1
242.98,125.9
242.99,125.9
243,122.4
243.01,132.6
243.02,127.9
243.03,126.6
243.04,117.6
243.05,125.6
243.06,121.2
243.07,122.1
243.08,130.2
243.09,128.3
243.1,125.4
243.11,125.1
243.12,122.4
243.13,122.7
243.14,121.4
243.15,128.6
243.16,123.6
243.17,126.1
243.18,123.5
243.19,124.1
243.2,121.5
243.21,119.1
243.22,119.2
243.23,121.2
243.24,123.9
243.25,120.7
243.26,119.1
243.27,119.5
243.28,126
243.29,125.9
243.3,125.9
243.31,123.4
243.32,123.3
243.33,124.5
243.34,120.5
243.35,124.4
243.36,124.2
243.37,128.8
243.38,126.5
243.39,130.4
243.4,119.1
243.41,117.5
243.42,127
243.43,128.1
243.44,128.6
243.45,122.4
243.46,126.3
243.47,126.2
243.48,121
243.49,127.3
243.5,120.6
243.51,123.8
243.52,118
243.53,121.7
243.54,125.9
243.55,129.3
243.56,125.7
243.57,127.5
243.58,127.1
243.59,116.5
243.6,124.1
243.61,127.7
243.62,128.7
243.63,121
243.64,116.3
243.65,116
243.66,123.1
243.67,120.9
243.68,118
243.69,121.7
243.7,117.6
243.71,114.1
243.72,122.5
243.73,117.4
243.74,119.4
243.75,122.7
243.76,120.3
243.77,113.4
243.78,116.2
243.79,119.2
243.8,113.6
243.81,120.4
243.82,119.4
243.83,114.4
243.84,110.5
243.85,118.9
243.86,121.4
243.87,111.8
243.88,117.1
243.89,108.6
243.9,114.6
243.91,113.9
243.92,109.9
243.93,113.5
243.94,106.1
243.95,110.6
243.96,113
243.97,112
243.98,117
243.99,109.2
244,115.3
244.01,113
244.02,117
244.03,114.7
244.04,112.3
244.05,109.8
244.06,115
244.07,108.2
244.08,107.7
244.09,112.2
244.1,115.8
244.11,111
244.12,111
244.13,104.7
244.14,111.2
244.15,104.7
244.16,108.3
244.17,110
244.18,105.6
244.19,107.3
244.2,106.1
244.21,111.4
244.22,112.1
244.23,110.4
244.24,109.8
244.25,104.4
244.26,108.3
244.27,104.4
244.28,108.9
244.29,109.4
244.3,107.5
244.31,107.6
244.32,107.1
244.33,103.9
244.34,106.9
244.35,105.3
244.36,99.7
244.37,101.2
244.38,108.1
244.39,109.9
244.4,106.9
244.41,104.7
244.42,104
244.43,106.5
244.44,108.9
244.45,102.6
244.46,105.9
244.47,104.2
244.48,106.7
244.49,101.6
244.5,103.5
244.51,104.3
244.52,108.2
244.53,99.4
244.54,104.3
244.55,106.6
244.56,99.4
244.57,102.5
244.58,102.2
244.59,101.2
244.6,101.7
244.61,103.7
244.62,103.9
244.63,100.4
244.64,99.4
244.65,104.9
244.66,105.3
244.67,104.9
244.68,100.8
244.69,100.8
244.7,99.4
244.71,99.2
244.72,99.8
244.73,103
244.74,102.2
244.75,102.1
244.76,102.6
244.77,99.3
244.78,100.8
244.79,99.9
244.8,97.8
244.81,100
244.82,96.6
244.83,97.4
244.84,97
244.85,99.1
244.86,98.1
244.87,99.6
244.88,96.2
244.89,101.2
244.9,99.8
244.91,99.3
244.92,99
244.93,103.1
244.94,98.1
244.95,100.6
244.96,100.4
244.97,101.1
244.98,97.4
244.99,94.7
245,94.9
245.01,102.2
245.02,99.9
245.03,99.2
245.04,95.5
245.05,92.1
245.06,83.7
245.07,67.1
245.08,57.5
245.09,46.6
245.1,35.5
245.11,29.3
245.12,25.4
245.13,13.9
245.14,10.9
245.15,4.9
245.16,3.2
245.17,0.6
245.18,0.5
245.19,-2.1
245.2,-1.7
245.21,-4.4
245.22,-7
245.23,-7.4
245.24,-12.7
245.25,-13.7
245.26,-14.9
245.27,-22.1
245.28,-25.1
245.29,-19
245.3,-10.4
245.31,-12.3
245.32,-10
245.33,-9
245.34,-7.1
245.35,-3.9
245.36,-3.4
245.37,-0.8
245.38,-1.4
245.39,1.3
245.4,3
245.41,1.7
245.42,4.4
245.43,2.4
245.44,3.8
245.45,3.4
245.46,2.4
245.47,3.6
245.48,3.3
245.49,2.8
245.5,3.1
245.51,1.7
245.52,1.9
245.53,1.1
245.54,-0.9
245.55,0.2
245.56,-1.2
245.57,0.3
245.58,0
245.59,-0.3
245.6,1
245.61,-1.7
245.62,2
245.63,-0.1
245.64,0.8
245.65,1.5
245.66,0
245.67,2.3
245.68,0.3
245.69,-0.2
245.7,-0.2
245.71,0.8
245.72,0.6
245.73,0.8
245.74,0.5
245.75,1.9
245.76,0
245.77,0.9
245.78,1.2
245.79,1.4
245.8,0.1
245.81,1.1
245.82,0
245.83,2.3
245.84,1.7
245.85,1.4
245.86,2.1
245.87,0.5
245.88,-0.1
245.89,1
245.9,-1.3
245.91,0.5
245.92,0.1
245.93,-1.2
245.94,-0.1
245.95,-1.2
245.96,0.2
245.97,0.5
245.98,-1.2
245.99,1.1
246,2
246.01,0.3
246.02,1.8
246.03,-1.3
246.04,-0.4
246.05,0
246.06,-0.2
246.07,1.2
246.08,0.8
246.09,0.2
246.1,1.3
246.11,1.1
246.12,-1.1
246.13,2.6
246.14,0.5
246.15,1.1
246.16,1
246.17,-1
246.18,-0.9
246.19,1.4
246.2,0.8
246.21,0.4
246.22,2.6
246.23,3.8
246.24,10.4
246.25,20.3
246.26,23
246.27,29.8
246.28,28.2
246.29,28.2
246.3,37.9
246.31,46.4
246.32,40.7
246.33,33
246.34,34.2
246.35,36.2
246.36,41.4
246.37,44.7
246.38,49
246.39,40.6
246.4,37.2
246.41,32.7
246.42,30.1
246.43,34.7
246.44,36
246.45,38.7
246.46,40.2
246.47,39
246.48,42.8
246.49,50.1
246.5,56.2
246.51,63
246.52,64.5
246.53,63.6
246.54,61.6
246.55,64
246.56,69.9
246.57,75
246.58,74.8
246.59,75.8
246.6,74.7
246.61,72.9
246.62,80.5
246.63,80.6
246.64,80.1
246.65,84
246.66,81.2
246.67,79
246.68,79.1
246.69,79.1
246.7,81.7
246.71,77.5
246.72,72.3
246.73,76.1
246.74,75.2
246.75,79.1
246.76,82.1
246.77,80.8
246.78,90.2
246.79,87
246.8,89.5
246.81,93
246.82,102.4
246.83,113.5
246.84,124.1
246.85,127.1
246.86,123.6
246.87,135.9
246.88,127
246.89,135.8
246.9,128.4
246.91,128.8
246.92,124.8
246.93,119.5
246.94,119.4
246.95,122.9
246.96,116.2
246.97,118.9
246.98,114.8
246.99,113.1
247,118.7
247.01,122.3
247.02,115.4
247.03,117.2
247.04,121.8
247.05,120.3
247.06,127.4
247.07,131.9
247.08,130.6
247.09,123.2
247.1,122.4
247.11,132.1
247.12,131.6
247.13,124.6
247.14,128.2
247.15,125.8
247.16,129.5
247.17,125.9
247.18,125.1
247.19,120.3
247.2,128.3
247.21,121.6
247.22,123
247.23,110
247.24,109.4
247.25,112.9
247.26,110.7
247.27,115.3
247.28,106.8
247.29,89.3
247.3,78.4
247.31,66
247.32,38.5
247.33,29
247.34,13.7
247.35,-0.3
247.36,-4.2
247.37,-12.2
247.38,-14.4
247.39,-15
247.4,-14.2
247.41,-13.4
247.42,-18.4
247.43,-23.8
247.44,-20
247.45,-13.6
247.46,-10.1
247.47,-9.3
247.48,-10.9
247.49,-10.8
247.5,-13
247.51,-10.7
247.52,-9.7
247.53,-5.2
247.54,-4.3
247.55,-4.9
247.56,-5.1
247.57,-12.9
247.58,-12.4
247.59,-7.4
247.6,-5.3
247.61,-3.7
247.62,-0.9
247.63,-2.4
247.64,-1.9
247.65,1.1
247.66,0.8
247.67,3
247.68,4.3
247.69,3.8
247.7,5.3
247.71,8.3
247.72,7.1
247.73,7.2
247.74,7.1
247.75,4.9
247.76,5.4
247.77,4.4
247.78,3.8
247.79,4.4
247.8,4.2
247.81,2.4
247.82,0.4
247.83,2
247.84,1.8
247.85,1
247.86,2.7
247.87,1.4
247.88,0.8
247.89,1.7
247.9,2
247.91,1.2
247.92,0.7
247.93,1.7
247.94,1.3
247.95,0.8
247.96,1.1
247.97,1.8
247.98,4.9
247.99,6.1
248,5.7
248.01,3.7
248.02,2.2
248.03,2.9
248.04,3.3
248.05,3.1
248.06,2.1
248.07,1.1
248.08,-0.7
248.09,-2.5
248.1,-4.8
248.11,-7
248.12,-5
248.13,-3.9
248.14,-4.6
248.15,-2.6
248.16,-0.9
248.17,-0.5
248.18,-0.9
248.19,1.1
248.2,1.3
248.21,0.9
248.22,2.3
248.23,1.7
248.24,1.7
248.25,1.2
248.26,1.3
248.27,1
248.28,1
248.29,1.5
248.3,1.8
248.31,0.4
248.32,-0.9
248.33,0
248.34,1
248.35,2.7
248.36,2.8
248.37,3.3
248.38,4.2
248.39,4.1
248.4,4
248.41,5
248.42,5
248.43,7.8
248.44,7.6
248.45,9
248.46,12
248.47,15.7
248.48,15.6
248.49,19.7
248.5,24.5
248.51,29
248.52,29.6
248.53,26.4
248.54,24.9
248.55,24.9
248.56,28
248.57,29
248.58,30.1
248.59,33
248.6,33.2
248.61,37.1
248.62,41.8
248.63,42.4
248.64,47.7
248.65,49.3
248.66,46.5
248.67,47.7
248.68,47.2
248.69,48.8
248.7,59
248.71,64.1
248.72,68.2
248.73,75
248.74,74.6
248.75,77.9
248.76,81.6
248.77,85.1
248.78,86.8
248.79,93.4
248.8,100.4
248.81,98.8
248.82,114.9
248.83,120.8
248.84,123.3
248.85,131.9
248.86,135.2
248.87,138.9
248.88,134.1
248.89,138.5
248.9,141.4
248.91,141
248.92,135.9
248.93,142.5
248.94,142.7
248.95,133.8
248.96,143.4
248.97,142.5
248.98,131.9
248.99,131.7
249,135.8
249.01,124.7
249.02,129
249.03,127.5
249.04,120.9
249.05,123.4
249.06,128.9
249.07,130
249.08,128.3
249.09,122.3
249.1,124.8
249.11,124
249.12,128.5
249.13,119.9
249.14,118.9
249.15,117.7
249.16,123.6
249.17,122
249.18,118.9
249.19,124.2
249.2,125.1
249.21,122.5
249.22,118.5
249.23,122.4
249.24,128.1
249.25,122.6
249.26,119.8
249.27,127.6
249.28,128.4
249.29,130.4
249.3,130.2
249.31,125.7
249.32,118.4
249.33,127.4
249.34,119.5
249.35,127.6
249.36,123.8
249.37,130.9
249.38,127.9
249.39,124.8
249.4,122.7
249.41,118.7
249.42,123.7
249.43,128.6
249.44,120.3
249.45,126.9
249.46,128.7
249.47,127.8
249.48,121.6
249.49,127.9
249.5,121.5
249.51,131.8
249.52,129
249.53,128.7
249.54,128.8
249.55,125.9
249.56,121.3
249.57,122.7
249.58,127.1
249.59,125.4
249.6,122
249.61,117.2
249.62,116.3
249.63,126.7
249.64,119.2
249.65,127.8
249.66,128.1
249.67,120.5
249.68,124.4
249.69,123.3
249.7,124
249.71,120.1
249.72,120.5
249.73,126.6
249.74,128.2
249.75,126.1
249.76,126.7
249.77,126.9
249.78,123.7
249.79,123.3
249.8,127.3
249.81,122.5
249.82,120.2
249.83,124.3
249.84,120.8
249.85,114.8
249.86,125.6
249.87,124.5
249.88,126
249.89,129.9
249.9,125.4
249.91,118
249.92,126.7
249.93,117
249.94,120.1
249.95,122.1
249.96,128.7
249.97,122.4
249.98,119.5
249.99,128.1
250,122.5
250.01,123.2
250.02,128.4
250.03,124.2
250.04,120.9
250.05,124.9
250.06,122.6
250.07,128.9
250.08,125.9
250.09,125.5
250.1,124.6
250.11,119.4
250.12,121.8
250.13,126.4
250.14,124.7
250.15,124.4
250.16,124.2
250.17,116
250.18,117
250.19,123.1
250.2,121.5
250.21,119.8
250.22,116.1
250.23,121.1
250.24,115.3
250.25,120.1
250.26,121.1
250.27,116.9
250.28,116.8
250.29,119.7
250.3,111.5
250.31,117.7
250.32,118.4
250.33,122.6
250.34,118.3
250.35,117.7
250.36,112
250.37,110.8
250.38,120.7
250.39,120
250.4,114.4
250.41,114.8
250.42,116.3
250.43,110.3
250.44,109.5
250.45,116.3
250.46,117.6
250.47,109.9
250.48,109.2
250.49,114.3
250.5,113.5
250.51,114.7
250.52,115.9
250.53,106.9
250.54,107.7
250.55,112.2
250.56,108.3
250.57,108.3
250.58,112.5
250.59,108.3
250.6,106.4
250.61,107.3
250.62,108
250.63,112.2
250.64,108.5
250.65,102.5
250.66,110.5
250.67,107.1
250.68,106.4
250.69,111.9
250.7,111.6
250.71,112.3
250.72,106.2
250.73,111.4
250.74,105.4
250.75,105
250.76,111.1
250.77,106.7
250.78,109.1
250.79,109.4
250.8,108.6
250.81,106
250.82,102.5
250.83,107.5
250.84,107.9
250.85,110.9
250.86,104.7
250.87,105
250.88,108.5
250.89,103.4
250.9,107.7
250.91,107.1
250.92,101.3
250.93,98.7
250.94,104.8
250.95,101.4
250.96,109.3
250.97,106.6
250.98,103.1
250.99,106.2
251,100.1
251.01,101
251.02,106
251.03,101.7
251.04,100.2
251.05,101.3
251.06,99.2
251.07,102.7
251.08,98.1
251.09,101.2
251.1,102.7
251.11,100.9
251.12,102.6
251.13,100.6
251.14,104
251.15,100.3
251.16,103.6
251.17,99.5
251.18,104.2
251.19,100.5
251.2,102.2
251.21,96.1
251.22,103
251.23,98.6
251.24,96.2
251.25,97.4
251.26,100.4
251.27,98.8
251.28,98.5
251.29,95.4
251.3,94.6
251.31,100.5
251.32,99.6
251.33,97.7
251.34,102
251.35,97
251.36,97.8
251.37,100.1
251.38,95.8
251.39,97.8
251.4,98.6
251.41,98
251.42,95.2
251.43,95.9
251.44,93.3
251.45,92.2
251.46,98.5
251.47,104
251.48,95.1
251.49,94.8
251.5,86.9
251.51,93.1
251.52,94.7
251.53,102.8
251.54,98
251.55,97.7
251.56,87
251.57,91.9
251.58,92.1
251.59,91.8
251.6,86.6
251.61,79.9
251.62,73.7
251.63,70.3
251.64,62.1
251.65,60.3
251.66,52.4
251.67,35.5
251.68,25.1
251.69,15.5
251.7,9.8
251.71,7.7
251.72,8.1
251.73,5.4
251.74,7.5
251.75,6.2
251.76,6.7
251.77,4.5
251.78,5
251.79,-2
251.8,-5.7
251.81,-8.9
251.82,-11.5
251.83,-12.4
251.84,-11.5
251.85,-7.9
251.86,-4.1
251.87,1
251.88,2.1
251.89,6.7
251.9,6
251.91,7.7
251.92,5.6
251.93,5.7
251.94,4.7
251.95,8.2
251.96,15
251.97,12.3
251.98,11.2
251.99,6.8
252,7.6
252.01,8.4
252.02,5.2
252.03,4.7
252.04,2.3
252.05,3.7
252.06,1.8
252.07,2.1
252.08,2.1
252.09,2.5
252.1,3.1
252.11,2.6
252.12,1.1
252.13,-0.2
252.14,-1.9
252.15,-3.1
252.16,-3.1
252.17,-7.7
252.18,-3.6
252.19,-4
252.2,-1.2
252.21,-2.4
252.22,-2.1
252.23,-1.1
252.24,-1.1
252.25,1.3
252.26,0.8
252.27,-0.6
252.28,0.8
252.29,-0.8
252.3,0.6
252.31,0.6
252.32,1.5
252.33,4.3
252.34,4.6
252.35,7
252.36,6
252.37,6.8
252.38,8.3
252.39,6.8
252.4,7.1
252.41,8.4
252.42,13.4
252.43,15.8
252.44,21.4
252.45,28.2
252.46,34.6
252.47,47.1
252.48,47
252.49,42.3
252.5,39.2
252.51,38.7
252.52,45.6
252.53,51.4
252.54,69.3
252.55,69.3
252.56,70.7
252.57,62.2
252.58,64.2
252.59,64.7
252.6,65.8
252.61,64.5
252.62,62.8
252.63,70.4
252.64,75.8
252.65,81.6
252.66,92.7
252.67,91.6
252.68,87.6
252.69,82.3
252.7,82.3
252.71,85.8
252.72,80.6
252.73,76.6
252.74,69.9
252.75,71.8
252.76,70.5
252.77,69.3
252.78,66.3
252.79,60.4
252.8,56.4
252.81,46
252.82,39.5
252.83,36.3
252.84,29.2
252.85,29.4
252.86,33.7
252.87,44.6
252.88,55
252.89,67
252.9,88.9
252.91,96.9
252.92,100.2
252.93,103.9
252.94,100.6
252.95,101.6
252.96,93.4
252.97,89.9
252.98,90
252.99,86.3
253,85.7
253.01,82.7
253.02,71.7
253.03,68.2
253.04,60.3
253.05,54.1
253.06,50.3
253.07,54.2
253.08,63.2
253.09,63.2
253.1,75.8
253.11,82.7
253.12,81.9
253.13,93.6
253.14,96.5
253.15,91.1
253.16,94.1
253.17,95
253.18,88.3
253.19,82.9
253.2,80.9
253.21,78.9
253.22,79.5
253.23,73.2
253.24,74.5
253.25,71.2
253.26,73
253.27,73.9
253.28,74.8
253.29,73.7
253.3,74
253.31,76.5
253.32,80.5
253.33,78.2
253.34,78.6
253.35,80.8
253.36,84.1
253.37,84.3
253.38,87.9
253.39,86.9
253.4,87.3
253.41,91.8
253.42,96.3
253.43,100.9
253.44,98.3
253.45,94.7
253.46,98.3
253.47,92.2
253.48,98.6
253.49,92.3
253.5,89.8
253.51,89.1
253.52,88.3
253.53,79.3
253.54,75.4
253.55,66.8
253.56,57.6
253.57,54.6
253.58,55.7
253.59,59
253.6,57.9
253.61,59.3
253.62,55.2
253.63,47.7
253.64,41.2
253.65,24.5
253.66,18.6
253.67,12.4
253.68,3.6
253.69,2
253.7,-0.2
253.71,2.2
253.72,-0.3
253.73,-3.3
253.74,-4.4
253.75,-11.8
253.76,-12.9
253.77,-20.3
253.78,-24.9
253.79,-23
253.8,-19.8
253.81,-15.5
253.82,-11.5
253.83,-10.2
253.84,-9.4
253.85,-8.1
253.86,-5.9
253.87,-3.7
253.88,-2.6
253.89,-2.1
253.9,-3.5
253.91,-3.1
253.92,0
253.93,-0.4
253.94,1.3
253.95,1.7
253.96,1.6
253.97,3.7
253.98,1.4
253.99,2.4
254,3.2
254.01,3.1
254.02,3.3
254.03,4.5
254.04,6.5
254.05,7.6
254.06,5.1
254.07,3.9
254.08,5.2
254.09,4.6
254.1,4
254.11,3.7
254.12,2.5
254.13,2.7
254.14,2.4
254.15,1
254.16,2.3
254.17,1.4
254.18,1.7
254.19,1.6
254.2,-0.8
254.21,-3
254.22,-4.3
254.23,-3.7
254.24,-4.9
254.25,-1.4
254.26,-1.9
254.27,-1.7
254.28,-0.7
254.29,-1.5
254.3,-0.7
254.31,0.7
254.32,0
254.33,-0.6
254.34,-1
254.35,-1.7
254.36,0.4
254.37,1
254.38,0.4
254.39,0.7
254.4,1.1
254.41,1.4
254.42,3.3
254.43,4.8
254.44,6.2
254.45,8
254.46,6.9
254.47,7.7
254.48,6.2
254.49,5.6
254.5,5.5
254.51,5.2
254.52,4
254.53,4.3
254.54,5.7
254.55,3.8
254.56,5.4
254.57,3.8
254.58,4
254.59,5.3
254.6,5.4
254.61,5.3
254.62,6.6
254.63,4.7
254.64,4.5
254.65,8
254.66,6.8
254.67,5.3
254.68,5.9
254.69,4
254.7,2
254.71,1.2
254.72,0.8
254.73,0.1
254.74,0.4
254.75,0.7
254.76,0
254.77,0.5
254.78,-0.4
254.79,-1.2
254.8,0
254.81,-2.6
254.82,-3.6
254.83,-2.7
254.84,-2.9
254.85,-3.4
254.86,-2.2
254.87,-0.3
254.88,-1.2
254.89,-0.5
254.9,0.6
254.91,-1.4
254.92,-0.3
254.93,1.1
254.94,0.8
254.95,3.1
254.96,5.4
254.97,7
254.98,5.9
254.99,8.8
255,11.2
255.01,12.8
255.02,17.6
255.03,20.4
255.04,23.9
255.05,27.5
255.06,38
255.07,47.4
255.08,43.1
255.09,36.2
255.1,39.3
255.11,39.4
255.12,42.7
255.13,44.8
255.14,43.2
255.15,40.3
255.16,40.1
255.17,42.3
255.18,43.6
255.19,43
255.2,40.1
255.21,38.2
255.22,37.1
255.23,36
255.24,32.5
255.25,33.1
255.26,33
255.27,29.3
255.28,27.3
255.29,28.1
255.3,25.9
255.31,24.6
255.32,22.8
255.33,20.2
255.34,18
255.35,16.5
255.36,10
255.37,7.9
255.38,2.2
255.39,-5.4
255.4,-9.8
255.41,-11
255.42,-8.1
255.43,-8.9
255.44,-8.2
255.45,-7
255.46,-11
255.47,-17.7
255.48,-14.4
255.49,-8
255.5,-4.7
255.51,-1.4
255.52,-0.1
255.53,-0.6
255.54,1.2
255.55,2.4
255.56,3.1
255.57,6
255.58,8
255.59,9.2
255.6,8.6
255.61,11.9
255.62,13.5
255.63,12.8
255.64,12.9
255.65,14
255.66,17.3
255.67,20.9
255.68,26.8
255.69,33.2
255.7,39.6
255.71,39.3
255.72,40.9
255.73,41.7
255.74,36.7
255.75,32.3
255.76,34.1
255.77,38.6
255.78,41.8
255.79,41.1
255.8,41.7
255.81,38.7
255.82,40.9
255.83,43.4
255.84,42
255.85,41.2
255.86,43.1
255.87,40
255.88,38.7
255.89,37.6
255.9,38.2
255.91,38.9
255.92,41.3
255.93,40.5
255.94,38.9
255.95,37.1
255.96,37.5
255.97,37.6
255.98,33.3
255.99,31.8
256,33.1
256.01,31.6
256.02,31.7
256.03,34.3
256.04,33.8
256.05,37
256.06,38.6
256.07,35.4
256.08,35.3
256.09,38.5
256.1,38.3
256.11,39.8
256.12,40.4
256.13,44.9
256.14,44.7
256.15,45.8
256.16,44.4
256.17,43.4
256.18,46.2
256.19,47
256.2,47.2
256.21,48.7
256.22,50.1
256.23,51
256.24,50.4
256.25,51.5
256.26,51.7
256.27,54.7
256.28,55.4
256.29,55.2
256.3,53.1
256.31,49.9
256.32,50.7
256.33,47.2
256.34,51.3
256.35,53.7
256.36,50.6
256.37,51
256.38,51
256.39,46.2
256.4,51.4
256.41,52.9
256.42,52.1
256.43,50.2
256.44,49.4
256.45,50.5
256.46,49.7
256.47,56.2
256.48,57.2
256.49,56.8
256.5,53.5
256.51,49.7
256.52,48.1
256.53,44.2
256.54,39
256.55,32.2
256.56,25.8
256.57,23.7
256.58,22.7
256.59,23.6
256.6,23.4
256.61,24.8
256.62,29.5
256.63,28.5
256.64,28.8
256.65,31.8
256.66,31.8
256.67,31.8
256.68,34.3
256.69,34.3
256.7,34.1
256.71,34.8
256.72,32.5
256.73,30.9
256.74,35.2
256.75,37.6
256.76,41.1
256.77,47.5
256.78,52.3
256.79,53.6
256.8,63.8
256.81,69.1
256.82,73.3
256.83,80.1
256.84,78.5
256.85,73.9
256.86,69.1
256.87,65.3
256.88,55.7
256.89,49.6
256.9,52.8
256.91,48.4
256.92,48.8
256.93,51.5
256.94,49
256.95,51.4
256.96,52.9
256.97,49.9
256.98,50.8
256.99,48.9
257,51.7
257.01,53.1
257.02,54.8
257.03,57.5
257.04,64
257.05,62.8
257.06,60.4
257.07,59.4
257.08,63.5
257.09,63.9
257.1,65
257.11,65.6
257.12,61.8
257.13,60.4
257.14,59.7
257.15,58.2
257.16,64.5
257.17,65.7
257.18,64.8
257.19,61.3
257.2,59.4
257.21,55.6
257.22,55.5
257.23,58.4
257.24,56.3
257.25,53.8
257.26,49.8
257.27,45.6
257.28,44
257.29,47.4
257.3,45.8
257.31,48.6
257.32,44.7
257.33,43.2
257.34,45.7
257.35,44.6
257.36,47.6
257.37,50.8
257.38,46.9
257.39,48.6
257.4,52.7
257.41,51.7
257.42,54.7
257.43,61.2
257.44,64.6
257.45,70.1
257.46,77.2
257.47,79.8
257.48,86.9
257.49,88.3
257.5,88.7
257.51,100.7
257.52,108.9
257.53,114.5
257.54,123.1
257.55,125.4
257.56,127.5
257.57,140.5
257.58,155
257.59,159.8
257.6,158.4
257.61,153.1
257.62,143.4
257.63,140.5
257.64,142.7
257.65,142.7
257.66,140.7
257.67,137.7
257.68,141.4
257.69,134.6
257.7,134.7
257.71,134.4
257.72,129.6
257.73,128.4
257.74,128.3
257.75,128.3
257.76,127.1
257.77,117.6
257.78,124.2
257.79,123.6
257.8,118.1
257.81,121.2
257.82,116.6
257.83,115.5
257.84,122.7
257.85,121.3
257.86,120.5
257.87,116.9
257.88,116.4
257.89,120.5
257.9,119.6
257.91,114.2
257.92,124.4
257.93,121.5
257.94,119.7
257.95,121.1
257.96,121.7
257.97,115.5
257.98,122.1
257.99,118.6
258,117.6
258.01,113.1
258.02,112.8
258.03,118.1
258.04,115.8
258.05,113.3
258.06,121.9
258.07,115.7
258.08,106.9
258.09,109
258.1,113.5
258.11,115.2
258.12,114.2
258.13,107.7
258.14,112.2
258.15,118
258.16,115.1
258.17,113.8
258.18,114.6
258.19,111.5
258.2,115.9
258.21,115.3
258.22,109.5
258.23,113.2
258.24,116.1
258.25,113.3
258.26,114.7
258.27,108.4
258.28,111.1
258.29,115.7
258.3,116.7
258.31,108.3
258.32,106
258.33,108.2
258.34,112.9
258.35,111.9
258.36,109.5
258.37,112.2
258.38,114.9
258.39,110.6
258.4,108.2
258.41,110.4
258.42,115.2
258.43,108.7
258.44,103.5
258.45,109
258.46,107.4
258.47,110.6
258.48,106.8
258.49,110.3
258.5,107.5
258.51,109.5
258.52,104.2
258.53,107.4
258.54,108.9
258.55,103.4
258.56,107.4
258.57,105.6
258.58,111.3
258.59,103.7
258.6,104.1
258.61,106.1
258.62,106.9
258.63,104.8
258.64,105.5
258.65,106.6
258.66,105
258.67,103.4
258.68,106.5
258.69,108.3
258.7,100.6
258.71,100.9
258.72,102.3
258.73,103
258.74,104.7
258.75,100.7
258.76,106.4
258.77,99.9
258.78,100.2
258.79,101.5
258.8,99
258.81,98.3
258.82,103.4
258.83,101.9
258.84,102
258.85,96.4
258.86,102.8
258.87,101.1
258.88,95.5
258.89,104
258.9,89.8
258.91,87.7
258.92,74.9
258.93,53.5
258.94,41.3
258.95,27.6
258.96,11.7
258.97,3.7
258.98,-0.6
258.99,-8.4
259,-10.3
259.01,-14.8
259.02,-19.1
259.03,-28.8
259.04,-35.2
259.05,-34.3
259.06,-29
259.07,-20.8
259.08,-18.9
259.09,-18.4
259.1,-21.3
259.11,-18.6
259.12,-16.8
259.13,-14.7
259.14,-7.8
259.15,-8.4
259.16,-7.1
259.17,-4.7
259.18,-2.7
259.19,0.3
259.2,0
259.21,1.5
259.22,1.4
259.23,4
259.24,3.5
259.25,3.7
259.26,2.1
259.27,3.3
259.28,5.3
259.29,2.9
259.3,3.5
259.31,3.8
259.32,3
259.33,4.7
259.34,2.7
259.35,4.2
259.36,3
259.37,2.9
259.38,4.1
259.39,1.4
259.4,3.8
259.41,1.7
259.42,2.9
259.43,3.2
259.44,1
259.45,2.6
259.46,0.5
259.47,0.5
259.48,2.3
259.49,-0.6
259.5,-1.8
259.51,-3.7
259.52,-3.6
259.53,-1.8
259.54,-2.2
259.55,-1.7
259.56,-1.1
259.57,-2
259.58,0.3
259.59,-0.5
259.6,1.1
259.61,2.1
259.62,0
259.63,0.6
259.64,-0.2
259.65,0
259.66,1.4
259.67,0.5
259.68,0.2
259.69,1
259.7,-0.1
259.71,1.7
259.72,-0.1
259.73,1.6
259.74,0.3
259.75,-0.6
259.76,1.1
259.77,-0.4
259.78,0.2
259.79,0.6
259.8,0.8
259.81,-0.2
259.82,0
259.83,0
259.84,0
259.85,-2.5
259.86,-0.3
259.87,-0.4
259.88,0.5
259.89,0.9
259.9,1.1
259.91,4.7
259.92,7.4
259.93,9.8
259.94,16.8
259.95,17.7
259.96,23
259.97,25.1
259.98,25.3
259.99,29.7
260,32.4
260.01,44.8
260.02,44.1
260.03,40.2
260.04,35.8
260.05,26.2
260.06,26.4
260.07,27.5
260.08,25.7
260.09,27.9
260.1,26.2
260.11,26.7
260.12,32.8
260.13,33.5
260.14,31.6
260.15,27.8
260.16,28.2
260.17,30.9
260.18,27.4
260.19,30.6
260.2,31.2
260.21,31.1
260.22,31.2
260.23,29.6
260.24,28.8
260.25,27.6
260.26,26.6
260.27,28.5
260.28,29.5
260.29,33.1
260.3,33.4
260.31,32.3
260.32,36.1
260.33,34.1
260.34,34.1
260.35,35.7
260.36,33.9
260.37,38.5
260.38,35.2
260.39,34.6
260.4,36.5
260.41,34.1
260.42,36.8
260.43,38.8
260.44,41.5
260.45,43.9
260.46,46.5
260.47,50.9
260.48,54.5
260.49,56.6
260.5,60.5
260.51,59.6
260.52,62.6
260.53,67.8
260.54,66.4
260.55,71.4
260.56,68.3
260.57,68.9
260.58,71.5
260.59,66.2
260.6,71.3
260.61,68
260.62,67.3
260.63,68.8
260.64,68.5
260.65,73.9
260.66,71.1
260.67,71.3
260.68,70.1
260.69,68.3
260.7,64.6
260.71,62.3
260.72,63.4
260.73,58.7
260.74,57
260.75,56.1
260.76,54
260.77,53.1
260.78,49.4
260.79,44.9
260.8,43.8
260.81,34.6
260.82,29.4
260.83,23
260.84,19.3
260.85,17.6
260.86,15.3
260.87,13.1
260.88,7.6
260.89,1.6
260.9,-1.1
260.91,-6.3
260.92,-12
260.93,-14.5
260.94,-16.4
260.95,-11.7
260.96,-12.3
260.97,-15.7
260.98,-19.1
260.99,-19.1
261,-14.3
261.01,-7.7
261.02,-8.4
261.03,-7.2
261.04,-6.3
261.05,-4.5
261.06,-3.1
261.07,0
261.08,0.9
261.09,2.9
261.1,2.7
261.11,3.5
261.12,5.6
261.13,2.4
261.14,4.4
261.15,5.7
261.16,2.2
261.17,3.1
261.18,3.4
261.19,2.5
261.2,3.5
261.21,4.1
261.22,3
261.23,2.2
261.24,3.1
261.25,1.1
261.26,1.4
261.27,1.4
261.28,0.5
261.29,-0.1
261.3,1
261.31,0.8
261.32,0
261.33,1.6
261.34,0.2
261.35,0.4
261.36,0.4
261.37,1.1
261.38,0.6
261.39,0.7
261.4,1.8
261.41,0
261.42,-0.5
261.43,-2.3
261.44,-4.1
261.45,-4.8
261.46,-3.7
261.47,-1.1
261.48,-1.6
261.49,-0.8
261.5,-1.3
261.51,0.2
261.52,1.9
261.53,1.8
261.54,1.9
261.55,2
261.56,1.7
261.57,2.6
261.58,5.2
261.59,7
261.6,3.4
261.61,4.4
261.62,3.8
261.63,3.8
261.64,3.3
261.65,3.2
261.66,3.1
261.67,1.7
261.68,2
261.69,2.1
261.7,1.3
261.71,1.8
261.72,1.2
261.73,1.7
261.74,1.6
261.75,0.1
261.76,-0.5
261.77,-0.6
261.78,-0.5
261.79,-1.6
261.8,-3.7
261.81,-3.7
261.82,-2.7
261.83,-2.5
261.84,-1.7
261.85,-0.6
261.86,-0.2
261.87,-0.8
261.88,-0.3
261.89,0.8
261.9,1.5
261.91,0.6
261.92,1.1
261.93,2.1
261.94,2.3
261.95,-0.5
261.96,1
261.97,2.9
261.98,4.7
261.99,4.7
262,5.1
262.01,4.5
262.02,4.4
262.03,4.7
262.04,5.6
262.05,6.5
262.06,7.4
262.07,7.1
262.08,8.1
262.09,6.1
262.1,6
262.11,5
262.12,4.7
262.13,5
262.14,3.5
262.15,2.8
262.16,2.2
262.17,2.1
262.18,3
262.19,2.1
262.2,2.6
262.21,3.2
262.22,4.1
262.23,2.6
262.24,3.2
262.25,3.5
262.26,3
262.27,3.2
262.28,2.9
262.29,3.4
262.3,3.2
262.31,3.6
262.32,2.9
262.33,3.9
262.34,3.6
262.35,3.5
262.36,0.9
262.37,1.7
262.38,2.1
262.39,2.3
262.4,2.2
262.41,3.5
262.42,3.4
262.43,4.1
262.44,4.7
262.45,4.1
262.46,4.9
262.47,6
262.48,6.3
262.49,7.9
262.5,11.1
262.51,12.8
262.52,14.3
262.53,13.3
262.54,12
262.55,12.2
262.56,15.1
262.57,13.8
262.58,14.2
262.59,12.6
262.6,12.8
262.61,12.7
262.62,11.4
262.63,11.5
262.64,11.6
262.65,13.2
262.66,12.8
262.67,11
262.68,9.9
262.69,9.2
262.7,9.2
262.71,9.2
262.72,9.5
262.73,7.5
262.74,7.6
262.75,7.8
262.76,8.4
262.77,6.4
262.78,4.9
262.79,4.6
262.8,2.7
262.81,2.5
262.82,1.4
262.83,2
262.84,1.5
262.85,2
262.86,1.5
262.87,2.2
262.88,2
262.89,2.2
262.9,2.5
262.91,1.8
262.92,3.1
262.93,3
262.94,2.9
262.95,1
262.96,-1
262.97,-0.6
262.98,-1
262.99,-1.9
263,-2.7
263.01,-4.1
263.02,-3
263.03,-2.6
263.04,-2.4
263.05,-3.5
263.06,-1
263.07,-1.1
263.08,-0.4
263.09,0.5
263.1,0
263.11,-0.3
263.12,-0.5
263.13,0.3
263.14,-0.4
263.15,-0.1
263.16,0.7
263.17,2.1
263.18,1.4
263.19,0.1
263.2,0.9
263.21,-1.2
263.22,-0.1
263.23,0
263.24,1.2
263.25,2.9
263.26,4.8
263.27,5.9
263.28,5.8
263.29,6.5
263.3,6.8
263.31,6.2
263.32,5.8
263.33,4.9
263.34,3.7
263.35,3
263.36,1.4
263.37,1.5
263.38,3.3
263.39,3.7
263.4,2.1
263.41,2
263.42,2.7
263.43,1.5
263.44,1
263.45,0.1
263.46,0.9
263.47,0.6
263.48,0.1
263.49,0.3
263.5,-0.2
263.51,-1.1
263.52,-2.3
263.53,-3.1
263.54,-3.3
263.55,-3.8
263.56,-3.4
263.57,-1.9
263.58,-2.1
263.59,-1.3
263.6,-0.8
263.61,-0.1
263.62,0.3
263.63,0.4
263.64,3.2
263.65,4.1
263.66,6.6
263.67,12.1
263.68,14.1
263.69,14.7
263.7,15.8
263.71,15.8
263.72,18.5
263.73,26.6
263.74,26.3
263.75,21.8
263.76,17.7
263.77,20.7
263.78,21
263.79,28.9
263.8,35.2
263.81,41.4
263.82,49.8
263.83,54.7
263.84,56.7
263.85,64.1
263.86,69.8
263.87,73
263.88,76.7
263.89,78.6
263.9,74.9
263.91,77.8
263.92,85
263.93,82.9
263.94,90.1
263.95,87.7
263.96,88.9
263.97,91.7
263.98,90.8
263.99,87.8
264,92
264.01,89.3
264.02,100.8
264.03,105.3
264.04,98.3
264.05,105.6
264.06,111
264.07,114.6
264.08,127.5
264.09,144
264.1,146
264.11,137
264.12,132.8
264.13,140.1
264.14,146.7
264.15,139
264.16,127
264.17,132.4
264.18,123.7
264.19,143.4
264.2,132.3
264.21,143.4
264.22,135.7
264.23,134
264.24,132.8
264.25,128.7
264.26,124
264.27,120
264.28,131
264.29,124.6
264.3,121.9
264.31,121.3
264.32,126.9
264.33,115.6
264.34,127.2
264.35,128.3
264.36,118.7
264.37,117.2
264.38,113.3
264.39,119.4
264.4,123
264.41,126.4
264.42,123.6
264.43,121.1
264.44,128.6
264.45,125.8
264.46,127
264.47,119.5
264.48,127.2
264.49,129.1
264.5,127.3
264.51,124.1
264.52,118.7
264.53,115.5
264.54,119.9
264.55,129.6
264.56,126.2
264.57,133.2
264.58,119.7
264.59,122.3
264.6,112.5
264.61,117.3
264.62,125.6
264.63,121.6
264.64,125.3
264.65,123
264.66,126.7
264.67,121.2
264.68,120.3
264.69,114.7
264.7,121.5
264.71,119.8
264.72,126.4
264.73,116.9
264.74,121
264.75,108.1
264.76,120.1
264.77,114.3
264.78,118.7
264.79,112.4
264.8,104.2
264.81,103.5
264.82,103
264.83,113.6
264.84,120.8
264.85,122.1
264.86,118.6
264.87,116.1
264.88,113.4
264.89,120.7
264.9,126.7
264.91,120.3
264.92,111.4
264.93,114.1
264.94,111.1
264.95,121
264.96,121
264.97,117.5
264.98,108.3
264.99,111.8
265,109.1
265.01,104.6
265.02,91.9
265.03,82.8
265.04,71.4
265.05,61.3
265.06,57.9
265.07,50.2
265.08,45.9
265.09,44.8
265.1,42.4
265.11,41.2
265.12,45.8
265.13,42.2
265.14,41.5
265.15,43
265.16,45.2
265.17,53
265.18,56.4
265.19,55.8
265.2,49.8
265.21,51.9
265.22,55.8
265.23,62.2
265.24,69.4
265.25,67.3
265.26,63
265.27,62.6
265.28,62.8
265.29,60.6
265.3,64.3
265.31,63.5
265.32,64.4
265.33,64.2
265.34,66.9
265.35,69.8
265.36,71.4
265.37,71.4
265.38,68.7
265.39,68.1
265.4,68.1
265.41,65.5
265.42,61.8
265.43,56.4
265.44,53.6
265.45,49.3
265.46,45.8
265.47,45.3
265.48,46.8
265.49,44.2
265.5,46.6
265.51,46.1
265.52,44
265.53,40.4
265.54,42.4
265.55,39.2
265.56,38.2
265.57,37.9
265.58,35.3
265.59,31
265.6,28.5
265.61,27.2
265.62,23.9
265.63,26
265.64,28
265.65,25.6
265.66,28.5
265.67,29.4
265.68,30.8
265.69,31.8
265.7,33
265.71,34.1
265.72,35.3
265.73,37.8
265.74,35.8
265.75,34.7
265.76,33.6
265.77,33.8
265.78,31.4
265.79,33.8
265.8,30.2
265.81,30.1
265.82,28.9
265.83,29.8
265.84,29.2
265.85,28.9
265.86,30.4
265.87,30.6
265.88,27.5
265.89,26
265.9,24.9
265.91,23
265.92,22.9
265.93,22.4
265.94,23.4
265.95,27.5
265.96,28
265.97,28.7
265.98,27.6
265.99,32.2
266,27.9
266.01,26.1
266.02,27
266.03,29.3
266.04,29.2
266.05,32.7
266.06,35.1
266.07,37.5
266.08,40.3
266.09,39.2
266.1,34.3
266.11,34.5
266.12,34.3
266.13,32.4
266.14,31.5
266.15,33.2
266.16,33.4
266.17,34.7
266.18,33.7
266.19,35.9
266.2,33.1
266.21,35.7
266.22,34.2
266.23,32.4
266.24,31.5
266.25,29.1
266.26,29.2
266.27,29.2
266.28,31.8
266.29,31.9
266.3,32.8
266.31,37.1
266.32,35.6
266.33,32.5
266.34,31.9
266.35,34.1
266.36,33.1
266.37,32.9
266.38,30.4
266.39,26.3
266.4,23.5
266.41,22.4
266.42,20.3
266.43,20.3
266.44,19.1
266.45,18.4
266.46,13.7
266.47,14.6
266.48,11.5
266.49,9.7
266.5,10
266.51,9.2
266.52,8.8
266.53,7.4
266.54,8.7
266.55,9.5
266.56,10.4
266.57,9.6
266.58,7.9
266.59,8.1
266.6,7.8
266.61,6.7
266.62,8.1
266.63,8.1
266.64,11
266.65,9.1
266.66,10.2
266.67,10.1
266.68,10.2
266.69,11.6
266.7,14.8
266.71,15.8
266.72,14.3
266.73,16.1
266.74,17.4
266.75,17.6
266.76,18.1
266.77,19.4
266.78,18.5
266.79,15.6
266.8,16.7
266.81,19
266.82,23.6
266.83,26
266.84,31
266.85,32.6
266.86,31.6
266.87,31.8
266.88,31.2
266.89,33.5
266.9,34
266.91,34.6
266.92,37
266.93,40.8
266.94,46.5
266.95,49
266.96,49
266.97,55.5
266.98,61.9
266.99,67.1
267,68
267.01,63.4
267.02,58.1
267.03,55.7
267.04,56.2
267.05,56.8
267.06,55.7
267.07,53.3
267.08,56.7
267.09,59.7
267.1,60.5
267.11,60.6
267.12,57.3
267.13,52.9
267.14,50.7
267.15,49.8
267.16,52.5
267.17,52.1
267.18,59.3
267.19,55.1
267.2,53.4
267.21,49
267.22,49.5
267.23,45.9
267.24,40.3
267.25,39.7
267.26,34.6
267.27,31.1
267.28,30.5
267.29,29.2
267.3,31.5
267.31,32.4
267.32,35.4
267.33,33.1
267.34,32.6
267.35,33.6
267.36,30.5
267.37,32
267.38,34.8
267.39,36.9
267.4,41.7
267.41,46.3
267.42,43.7
267.43,43.5
267.44,43.5
267.45,39.6
267.46,36.6
267.47,37.7
267.48,35.6
267.49,33
267.5,31.7
267.51,27.1
267.52,20.6
267.53,16.9
267.54,12.9
267.55,11.8
267.56,8.7
267.57,8.4
267.58,6.2
267.59,5.9
267.6,7.6
267.61,9.7
267.62,10.2
267.63,12
267.64,12.7
267.65,11.4
267.66,11.2
267.67,11.7
267.68,10.5
267.69,10.5
267.7,15.6
267.71,18.9
267.72,21.6
267.73,26.2
267.74,23.7
267.75,25.7
267.76,27.2
267.77,32.2
267.78,36
267.79,38.1
267.8,39.7
267.81,38.5
267.82,45.5
267.83,50.9
267.84,57
267.85,59.1
267.86,61.8
267.87,72.1
267.88,73.8
267.89,82.1
267.9,82.6
267.91,82.5
267.92,80.1
267.93,76.1
267.94,74.8
267.95,71.4
267.96,59.7
267.97,53.6
267.98,47.9
267.99,46.6
268,52.7
268.01,57.8
268.02,60.4
268.03,64
268.04,65.7
268.05,65
268.06,67.7
268.07,66.8
268.08,59.7
268.09,62.5
268.1,58.1
268.11,55.6
268.12,56.2
268.13,53.5
268.14,55.6
268.15,57.5
268.16,57.7
268.17,52.4
268.18,52.9
268.19,49
268.2,50.8
268.21,52.1
268.22,54.8
268.23,52.4
268.24,52.9
268.25,52
268.26,49.6
268.27,46.5
268.28,45.1
268.29,45.3
268.3,46.6
268.31,49.2
268.32,52.9
268.33,51.2
268.34,48.9
268.35,44.4
268.36,43.4
268.37,40.1
268.38,42.6
268.39,41.3
268.4,45.7
268.41,45.6
268.42,41.7
268.43,38.5
268.44,34.3
268.45,31.8
268.46,31.3
268.47,32.1
268.48,31.3
268.49,33.6
268.5,35
268.51,36.5
268.52,36.4
268.53,37.3
268.54,40
268.55,40.4
268.56,38.6
268.57,38.6
268.58,34.8
268.59,35.5
268.6,35.7
268.61,35.2
268.62,35.8
268.63,32.3
268.64,28.4
268.65,23.7
268.66,19
268.67,16.9
268.68,15.9
268.69,14.7
268.7,12
268.71,11.7
268.72,9.2
268.73,7.6
268.74,7.8
268.75,6.8
268.76,7.4
268.77,8.6
268.78,10.4
268.79,9.9
268.8,10
268.81,13.9
268.82,15.7
268.83,19.5
268.84,22.9
268.85,24
268.86,27.4
268.87,28.4
268.88,27.5
268.89,27.9
268.9,27
268.91,25.4
268.92,28.7
268.93,30.1
268.94,32.9
268.95,36.5
268.96,37.3
268.97,35.1
268.98,33.9
268.99,32.9
269,32.6
269.01,33.2
269.02,34.2
269.03,33.1
269.04,36.7
269.05,40.3
269.06,42
269.07,47.6
269.08,50.5
269.09,48.1
269.1,47.4
269.11,44.5
269.12,44
269.13,41.9
269.14,45.2
269.15,46
269.16,48.8
269.17,51.2
269.18,50.5
269.19,53.1
269.2,56.1
269.21,56.9
269.22,60.8
269.23,62.1
269.24,57.2
269.25,55
269.26,50.5
269.27,48.7
269.28,46.3
269.29,47.9
269.3,47.6
269.31,49
269.32,52.4
269.33,51.3
269.34,53.8
269.35,57.4
269.36,54
269.37,52.1
269.38,54.7
269.39,52.3
269.4,47.5
269.41,45.2
269.42,44
269.43,46.3
269.44,47.2
269.45,45.2
269.46,47.5
269.47,46.2
269.48,42.6
269.49,44.7
269.5,42.4
269.51,42.5
269.52,45.6
269.53,47.8
269.54,44.4
269.55,40.8
269.56,41.6
269.57,40.5
269.58,42.2
269.59,41.6
269.6,39.9
269.61,36.6
269.62,36.1
269.63,34.4
269.64,37
269.65,36.4
269.66,35.5
269.67,35.7
269.68,33.1
269.69,33.7
269.7,33.3
269.71,37.9
269.72,39.7
269.73,44.4
269.74,44.2
269.75,45.6
269.76,50.1
269.77,49.9
269.78,50.8
269.79,55.6
269.8,55.6
269.81,56.7
269.82,57
269.83,55.6
269.84,59.5
269.85,71
269.86,76.2
269.87,78.2
269.88,79
269.89,81.3
269.9,87
269.91,86
269.92,85.5
269.93,81.3
269.94,75.5
269.95,73.9
269.96,76.9
269.97,72.8
269.98,75.3
269.99,75.7
270,72.8
270.01,80.6
270.02,75.3
270.03,73.9
270.04,74.5
270.05,72.7
270.06,71.2
270.07,69.8
270.08,70.9
270.09,71.1
270.1,72.7
270.11,74.5
270.12,80.9
270.13,84.7
270.14,83.5
270.15,90.7
270.16,88.4
270.17,85.7
270.18,90.2
270.19,91.6
270.2,88.2
270.21,98
270.22,91.5
270.23,96.1
270.24,95.9
270.25,84.6
270.26,90.4
270.27,84.4
270.28,83.3
270.29,82.8
270.3,81.8
270.31,77.5
270.32,81.7
270.33,87.5
270.34,96.7
270.35,102.2
270.36,98.6
270.37,93.9
270.38,99.6
270.39,105.1
270.4,106.8
270.41,100.3
270.42,90.9
270.43,87.6
270.44,90.9
270.45,99.9
270.46,101.2
270.47,114.2
270.48,111.8
270.49,106.5
270.5,114.7
270.51,112
270.52,116.1
270.53,111.7
270.54,106.5
270.55,109.5
270.56,106.4
270.57,108.3
270.58,116.8
270.59,121.4
270.6,127
270.61,126.4
270.62,124.5
270.63,126.3
270.64,125.8
270.65,124.9
270.66,119.5
270.67,127.9
270.68,124.9
270.69,126
270.7,129.3
270.71,118.8
270.72,120.3
270.73,122.9
270.74,124.2
270.75,121.6
270.76,124.1
270.77,122.1
270.78,119.7
270.79,116.7
270.8,114.4
270.81,108
270.82,109.3
270.83,117.7
270.84,116.3
270.85,119.3
270.86,115.7
270.87,104.7
270.88,112.9
270.89,107.3
270.9,113.9
270.91,107.5
270.92,101.5
270.93,103
270.94,104.2
270.95,104.4
270.96,109.9
270.97,103.7
270.98,100.6
270.99,108.1
271,107.3
271.01,110.8
271.02,104.9
271.03,104.8
271.04,106.6
271.05,99.8
271.06,110.3
271.07,104.8
271.08,107
271.09,102.6
271.1,110.9
271.11,107.4
271.12,107.2
271.13,103.4
271.14,105.1
271.15,105
271.16,103.9
271.17,111.4
271.18,114.3
271.19,113.8
271.2,104.5
271.21,106.7
271.22,104.1
271.23,108.8
271.24,110.6
271.25,107.4
271.26,105.1
271.27,102.4
271.28,102.7
271.29,104.7
271.3,105.3
271.31,105.9
271.32,99.1
271.33,108.2
271.34,107.5
271.35,106.7
271.36,106
271.37,101.1
271.38,96.4
271.39,101.4
271.4,100.5
271.41,104.9
271.42,99.5
271.43,95.9
271.44,101.2
271.45,95
271.46,102.9
271.47,91.8
271.48,99.8
271.49,97.1
271.5,89.6
271.51,78.2
271.52,71.3
271.53,52.4
271.54,41.3
271.55,33
271.56,16.4
271.57,12
271.58,4.2
271.59,-0.5
271.6,-3.8
271.61,-5.1
271.62,-7.4
271.63,-11.2
271.64,-10.3
271.65,-16
271.66,-21.5
271.67,-30.6
271.68,-32.4
271.69,-29
271.7,-21.3
271.71,-15.4
271.72,-17.8
271.73,-14.9
271.74,-12.4
271.75,-7.7
271.76,-7.2
271.77,-4.4
271.78,-1.2
271.79,-2.4
271.8,-0.3
271.81,-1.6
271.82,2.3
271.83,2.2
271.84,2.3
271.85,2.7
271.86,2.3
271.87,2.7
271.88,2.3
271.89,4.5
271.9,4.1
271.91,3.3
271.92,5.6
271.93,7.1
271.94,9.2
271.95,8.6
271.96,6.7
271.97,6.2
271.98,5.2
271.99,6.1
272,5.4
272.01,3.5
272.02,4.1
272.03,2.7
272.04,1.7
272.05,1.9
272.06,3
272.07,6.6
272.08,5
272.09,0.9
272.1,2.4
272.11,2.7
272.12,1.8
272.13,2.3
272.14,2
272.15,0.6
272.16,1.3
272.17,2.3
272.18,0
272.19,0.6
272.2,0.1
272.21,0.3
272.22,0.4
272.23,1.4
272.24,-0.2
272.25,0.5
272.26,0.5
272.27,1.1
272.28,0.7
272.29,1.5
272.3,0
272.31,0.5
272.32,1.5
272.33,1.4
272.34,6.2
272.35,10
272.36,10.2
272.37,5
272.38,3.6
272.39,4.4
272.4,5.3
272.41,4.6
272.42,2.5
272.43,-1.3
272.44,0
272.45,0.2
272.46,-1.1
272.47,-0.2
272.48,-0.3
272.49,10.7
272.5,20.4
272.51,10.8
272.52,4.9
272.53,6
272.54,6
272.55,4.7
272.56,0
272.57,-2.2
272.58,-0.1
272.59,-0.6
272.6,-1.7
272.61,-0.6
272.62,6.6
272.63,18.8
272.64,7.5
272.65,4.7
272.66,5.1
272.67,7
272.68,6.3
272.69,5
272.7,4.5
272.71,4.4
272.72,2.3
272.73,1.5
272.74,0.7
272.75,-0.1
272.76,-0.2
272.77,-1.3
272.78,-0.6
272.79,-1.4
272.8,-2.4
272.81,-2.8
272.82,-0.5
272.83,-1.2
272.84,-0.6
272.85,-1.4
272.86,-2.2
272.87,-1.8
272.88,-2
272.89,-2.3
272.9,-2
272.91,-1.8
272.92,-2.1
272.93,-1.4
272.94,-2.5
272.95,-2.6
272.96,-3.5
272.97,-4.2
272.98,-5.1
272.99,-4.7
273,-2.3
273.01,-3.8
273.02,1.1
273.03,12.1
273.04,19.1
273.05,25.5
273.06,31.1
273.07,31
273.08,33.9
273.09,33.7
273.1,38.2
273.11,53.1
273.12,67.7
273.13,63.8
273.14,61
273.15,62.5
273.16,67.9
273.17,73.1
273.18,70.1
273.19,65
273.2,58.9
273.21,56.5
273.22,61.6
273.23,67.1
273.24,75.8
273.25,73.7
273.26,75.5
273.27,73
273.28,74.1
273.29,74.9
273.3,76.2
273.31,71.8
273.32,68.9
273.33,56.3
273.34,54.8
273.35,56.6
273.36,59.2
273.37,61.3
273.38,61.4
273.39,54.4
273.4,54.2
273.41,55.3
273.42,57.5
273.43,62.2
273.44,68.4
273.45,74.5
273.46,76.1
273.47,81.5
273.48,96.8
273.49,101.2
273.5,103.1
273.51,98.9
273.52,98.5
273.53,90
273.54,78.4
273.55,74.2
273.56,72.9
273.57,72.4
273.58,84.1
273.59,84.8
273.6,91.3
273.61,95.7
273.62,109.2
273.63,108.3
273.64,120.7
273.65,115.7
273.66,135.5
273.67,125.6
273.68,143.8
273.69,138.7
273.7,142
273.71,139.4
273.72,135.8
273.73,133.1
273.74,134.5
273.75,128.2
273.76,116.1
273.77,110.6
273.78,114.2
273.79,109.9
273.8,118.6
273.81,122
273.82,126
273.83,117.7
273.84,121.2
273.85,121.1
273.86,122.7
273.87,129.7
273.88,122
273.89,120.5
273.9,120.5
273.91,130.7
273.92,119.8
273.93,118.5
273.94,124.6
273.95,130
273.96,128.7
273.97,126.7
273.98,115.6
273.99,114.7
274,123.6
274.01,123.7
274.02,128.4
274.03,128.4
274.04,127.3
274.05,124.9
274.06,126.8
274.07,117.8
274.08,122.9
274.09,129.7
274.1,127.9
274.11,127.7
274.12,121.6
274.13,130.4
274.14,129.8
274.15,121.8
274.16,124.5
274.17,129.5
274.18,123.6
274.19,127.5
274.2,119.3
274.21,127.7
274.22,123.9
274.23,124.3
274.24,126.5
274.25,127.5
274.26,129.9
274.27,127.4
274.28,127.7
274.29,128.2
274.3,128.4
274.31,122.4
274.32,122.9
274.33,120
274.34,130.9
274.35,130.5
274.36,119.1
274.37,127.1
274.38,122.5
274.39,121.6
274.4,129.3
274.41,120.1
274.42,127.1
274.43,120.8
274.44,125
274.45,118
274.46,130.4
274.47,120.9
274.48,123.9
274.49,127.4
274.5,124.5
274.51,126.8
274.52,124.2
274.53,120.6
274.54,121.9
274.55,119.2
274.56,117.3
274.57,127.1
274.58,129.2
274.59,129.6
274.6,127.1
274.61,119
274.62,129.1
274.63,126.6
274.64,119.7
274.65,123
274.66,127.2
274.67,125.6
274.68,123.4
274.69,129.3
274.7,126.6
274.71,123.8
274.72,127
274.73,125.3
274.74,126.7
274.75,119.2
274.76,120
274.77,124.5
274.78,119.4
274.79,129.5
274.8,120.5
274.81,128.3
274.82,114.3
274.83,120.4
274.84,122.5
274.85,127.3
274.86,120.3
274.87,123.1
274.88,122.3
274.89,127.7
274.9,127.5
274.91,116.6
274.92,123.9
274.93,128.4
274.94,128.5
274.95,127
274.96,123.7
274.97,119
274.98,123.1
274.99,124.1
275,125.3
275.01,119.8
275.02,125.1
275.03,126.1
275.04,120.4
275.05,123.2
275.06,123.2
275.07,121.9
275.08,120.3
275.09,129.9
275.1,123.7
275.11,128.3
275.12,126
275.13,124.5
275.14,114.8
275.15,122.4
275.16,123.9
275.17,123.4
275.18,121.9
275.19,120
275.2,123.4
275.21,116.3
275.22,125.4
275.23,127.4
275.24,129.3
275.25,120.6
275.26,123.6
275.27,123.5
275.28,118
275.29,122.5
275.3,126.1
275.31,126.8
275.32,129
275.33,117.9
275.34,119.4
275.35,118.8
275.36,125.6
275.37,128.7
275.38,120.2
275.39,124.8
275.4,126.4
275.41,124.6
275.42,128.3
275.43,127.6
275.44,120.6
275.45,126.5
275.46,122.3
275.47,117.1
275.48,128.1
275.49,119.3
275.5,123.8
275.51,127.5
275.52,121.1
275.53,125.3
275.54,119.1
275.55,125.2
275.56,127.4
275.57,124
275.58,125.1
275.59,124.1
275.6,123.7
275.61,119.6
275.62,116.1
275.63,124.2
275.64,119.3
275.65,115.2
275.66,114.8
275.67,115.8
275.68,122.8
275.69,119.6
275.7,113.8
275.71,118.7
275.72,112.5
275.73,111.7
275.74,113.5
275.75,116
275.76,118.1
275.77,112.7
275.78,109.8
275.79,111.5
275.8,111.2
275.81,112.1
275.82,116.5
275.83,113.6
275.84,117
275.85,113.8
275.86,114.2
275.87,111.5
275.88,120.2
275.89,109.9
275.9,109.8
275.91,117.1
275.92,109
275.93,114.4
275.94,113.8
275.95,110.8
275.96,108.1
275.97,107.2
275.98,111.1
275.99,108.6
276,113.8
276.01,109
276.02,110.4
276.03,105.3
276.04,113.7
276.05,112.3
276.06,105.7
276.07,110.4
276.08,106.3
276.09,109.5
276.1,105.6
276.11,109.1
276.12,108.5
276.13,106.1
276.14,113.1
276.15,108.8
276.16,106.4
276.17,108.3
276.18,107.3
276.19,108.5
276.2,102.8
276.21,107.3
276.22,108.6
276.23,110.6
276.24,109.1
276.25,104.6
276.26,105
276.27,110.7
276.28,107.1
276.29,100.4
276.3,107.5
276.31,108.4
276.32,104.2
276.33,108.3
276.34,107.4
276.35,103.3
276.36,105.7
276.37,106.8
276.38,106
276.39,107
276.4,101.9
276.41,98.6
276.42,97.9
276.43,104.4
276.44,100.7
276.45,104.4
276.46,99.1
276.47,103.1
276.48,103.3
276.49,99.3
276.5,105.6
276.51,108.1
276.52,102.4
276.53,99
276.54,103
276.55,98.6
276.56,105.6
276.57,98.7
276.58,99.8
276.59,106.3
276.6,102.5
276.61,103.6
276.62,99.4
276.63,101.2
276.64,98.9
276.65,104.1
276.66,101.5
276.67,104.4
276.68,102.4
276.69,97.6
276.7,103.2
276.71,103.1
276.72,100.8
276.73,101.9
276.74,98
276.75,101.4
276.76,97.9
276.77,104
276.78,96.1
276.79,102.7
276.8,101.8
276.81,99.1
276.82,98.4
276.83,98.6
276.84,97.4
276.85,93.9
276.86,101.2
276.87,87.6
276.88,76.9
276.89,67.4
276.9,53.7
276.91,45
276.92,41.1
276.93,31.8
276.94,30.8
276.95,29.5
276.96,27.2
276.97,27.7
276.98,24
276.99,17
277,13.5
277.01,6.5
277.02,-4.4
277.03,-6
277.04,-9.4
277.05,-14.4
277.06,-18.4
277.07,-18.2
277.08,-23.8
277.09,-29.9
277.1,-28.3
277.11,-23.9
277.12,-13.9
277.13,-15.3
277.14,-10.9
277.15,-10.7
277.16,-9
277.17,-5.9
277.18,-5.5
277.19,-4.1
277.2,-2.3
277.21,0
277.22,0
277.23,1.6
277.24,2.9
277.25,1.4
277.26,4
277.27,1.5
277.28,3.5
277.29,3.4
277.3,3.4
277.31,5.6
277.32,9.2
277.33,9.6
277.34,8.4
277.35,4.8
277.36,5.9
277.37,5.5
277.38,5.8
277.39,6
277.4,1.3
277.41,2.9
277.42,2.1
277.43,2.1
277.44,2.9
277.45,0.2
277.46,1.1
277.47,1.7
277.48,0.3
277.49,0.4
277.5,0
277.51,0.5
277.52,1.8
277.53,-0.2
277.54,0.2
277.55,1
277.56,-0.7
277.57,0.8
277.58,1.8
277.59,0.4
277.6,-0.2
277.61,-3.2
277.62,-3.1
277.63,-3.8
277.64,-1
277.65,-1.1
277.66,-0.5
277.67,-0.9
277.68,-0.7
277.69,2.3
277.7,0.6
277.71,-0.1
277.72,1.8
277.73,1.6
277.74,1.4
277.75,2.2
277.76,1.3
277.77,1.5
277.78,2.2
277.79,1.7
277.8,1.4
277.81,1.4
277.82,1.3
277.83,1.8
277.84,1.7
277.85,1
277.86,1.4
277.87,1.8
277.88,1.1
277.89,1
277.9,3.5
277.91,3.6
277.92,1.5
277.93,3.2
277.94,2.3
277.95,2
277.96,4.5
277.97,5.6
277.98,5.9
277.99,9.3
278,9.9
278.01,11.6
278.02,13.6
278.03,14.4
278.04,15.8
278.05,20.5
278.06,24.7
278.07,33.1
278.08,31.8
278.09,27.5
278.1,26.2
278.11,30.7
278.12,29.8
278.13,32.7
278.14,37
278.15,37.7
278.16,36.5
278.17,37.9
278.18,33.3
278.19,36
278.2,38.4
278.21,37.9
278.22,40.6
278.23,42.6
278.24,39.3
278.25,38.3
278.26,39.9
278.27,38.3
278.28,38.1
278.29,40.5
278.3,37.8
278.31,39
278.32,40.5
278.33,38.2
278.34,38.3
278.35,40
278.36,38.4
278.37,37.1
278.38,37.1
278.39,35.2
278.4,36.4
278.41,39.9
278.42,39.3
278.43,39.8
278.44,41.9
278.45,38.3
278.46,35.4
278.47,38
278.48,36.4
278.49,37.6
278.5,40.6
278.51,39.9
278.52,40
278.53,40.5
278.54,37.4
278.55,36.1
278.56,37.4
278.57,34
278.58,37.1
278.59,38.8
278.6,36.8
278.61,35.4
278.62,39.9
278.63,36.2
278.64,36.2
278.65,39.4
278.66,40.3
278.67,39.9
278.68,38.6
278.69,37.8
278.7,38.8
278.71,41.6
278.72,43.4
278.73,48.2
278.74,49.9
278.75,50.2
278.76,49.3
278.77,47.7
278.78,50.8
278.79,55.6
278.8,56.7
278.81,57.6
278.82,54.1
278.83,54.8
278.84,55
278.85,53
278.86,57.4
278.87,54.6
278.88,61.7
278.89,62
278.9,66.5
278.91,71.6
278.92,68.1
278.93,74.4
278.94,79.4
278.95,82.6
278.96,84.2
278.97,85.2
278.98,83.7
278.99,81.5
279,82.2
279.01,86.5
279.02,92
279.03,89.9
279.04,92.1
279.05,96.6
279.06,99.8
279.07,104
279.08,112
279.09,123
279.1,124.7
279.11,134.4
279.12,137.3
279.13,147.5
279.14,138.6
279.15,136.8
279.16,136.7
279.17,143.7
279.18,139.1
279.19,144
279.2,134.7
279.21,130.2
279.22,134.6
279.23,134.3
279.24,126.3
279.25,126.3
279.26,129.8
279.27,120.5
279.28,122.8
279.29,118.2
279.3,121.3
279.31,123.8
279.32,127
279.33,122.2
279.34,117.8
279.35,127.4
279.36,117.8
279.37,126.3
279.38,123.7
279.39,125
279.4,131.7
279.41,122.8
279.42,123.9
279.43,128.7
279.44,116.1
279.45,127.5
279.46,127.8
279.47,117.9
279.48,122.8
279.49,122.6
279.5,118.9
279.51,123.6
279.52,117.6
279.53,121.4
279.54,123.2
279.55,121.1
279.56,124.3
279.57,119.5
279.58,116.3
279.59,116.7
279.6,116.2
279.61,114
279.62,108.1
279.63,111.2
279.64,104.6
279.65,101.3
279.66,95.6
279.67,88
279.68,77.6
279.69,59.1
279.7,51.2
279.71,41.3
279.72,32.2
279.73,28
279.74,21.2
279.75,11.3
279.76,6.3
279.77,-3.9
279.78,-14.7
279.79,-20.1
279.8,-25.9
279.81,-25.5
279.82,-27.1
279.83,-31
279.84,-33.5
279.85,-28.4
279.86,-18.2
279.87,-16.7
279.88,-15.6
279.89,-13.7
279.9,-4.8
279.91,0.4
279.92,0.6
279.93,-2
279.94,1
279.95,3.4
279.96,2.5
279.97,-1.3
279.98,-2.7
279.99,0.6
280,2.1
280.01,1.9
280.02,1.8
280.03,5.8
280.04,19.5
280.05,13.9
280.06,7.1
280.07,5.6
280.08,7.7
280.09,8.3
280.1,7.5
280.11,5.9
280.12,3.9
280.13,4.7
280.14,8.1
280.15,7.2
280.16,4.5
280.17,2.8
280.18,3.1
280.19,1.8
280.2,-1
280.21,-3.3
280.22,-3.5
280.23,-3.6
280.24,-2.7
280.25,-2
280.26,3.7
280.27,8.8
280.28,6.6
280.29,4.4
280.3,5.3
280.31,4.7
280.32,5.1
280.33,3.9
280.34,3.6
280.35,2.6
280.36,1.7
280.37,1.2
280.38,0
280.39,-0.3
280.4,0.2
280.41,0
280.42,-1
280.43,-0.9
280.44,0
280.45,-0.3
280.46,-0.6
280.47,-0.7
280.48,-0.5
280.49,-0.3
280.5,0
280.51,1.1
280.52,0
280.53,-0.1
280.54,-0.1
280.55,0
280.56,-0.5
280.57,0.2
280.58,-0.5
280.59,-0.4
280.6,-1.1
280.61,-0.1
280.62,-1
280.63,-0.9
280.64,-1.7
280.65,-3.5
280.66,-4.8
280.67,-5.2
280.68,-4.8
280.69,-2.6
280.7,0.2
280.71,3.2
280.72,7.4
280.73,15.2
280.74,23.5
280.75,22.8
280.76,23.5
280.77,24.6
280.78,38.8
280.79,44.8
280.8,38.2
280.81,31.1
280.82,28.3
280.83,26
280.84,27.2
280.85,27.7
280.86,27.3
280.87,28.3
280.88,32.9
280.89,32.9
280.9,29.7
280.91,26.3
280.92,25
280.93,29.3
280.94,33.5
280.95,37.7
280.96,40
280.97,41.2
280.98,35.2
280.99,33
281,30.3
281.01,28.1
281.02,25.9
281.03,25.4
281.04,20
281.05,19.8
281.06,18.4
281.07,16.9
281.08,16.6
281.09,13.4
281.1,8.1
281.11,6.5
281.12,5
281.13,3
281.14,3.6
281.15,5
281.16,6.5
281.17,10.2
281.18,14.9
281.19,21.4
281.2,24.8
281.21,32.1
281.22,45
281.23,53.9
281.24,66.9
281.25,78.7
281.26,89.7
281.27,103.1
281.28,109.7
281.29,122.5
281.3,124.2
281.31,125.5
281.32,110
281.33,108.9
281.34,102.9
281.35,104.1
281.36,103.2
281.37,115.4
281.38,117
281.39,109.3
281.4,118.7
281.41,131
281.42,134.8
281.43,132.5
281.44,139.1
281.45,147.7
281.46,144.2
281.47,140.9
281.48,142.1
281.49,131.4
281.5,124.8
281.51,122
281.52,117.6
281.53,129.6
281.54,119.7
281.55,117.9
281.56,124.8
281.57,129.1
281.58,126.3
281.59,123.3
281.6,126.9
281.61,118.7
281.62,117.2
281.63,118.6
281.64,118.2
281.65,119.4
281.66,117.8
281.67,117.4
281.68,120.1
281.69,125.9
281.7,130.5
281.71,130
281.72,119
281.73,118.5
281.74,121.1
281.75,115.8
281.76,127.1
281.77,118
281.78,122.6
281.79,124.1
281.8,127.4
281.81,122.8
281.82,128
281.83,127.4
281.84,119.3
281.85,129.2
281.86,123.7
281.87,119.7
281.88,118.5
281.89,123.4
281.9,132.2
281.91,125
281.92,125.3
281.93,120.2
281.94,131.3
281.95,129.6
281.96,129.2
281.97,120.9
281.98,125.7
281.99,130.2
282,119.3
282.01,125.8
282.02,125.2
282.03,125.9
282.04,126.3
282.05,127.2
282.06,126.3
282.07,131
282.08,128.8
282.09,119.6
282.1,128.5
282.11,121.7
282.12,123.8
282.13,121.2
282.14,120.9
282.15,122.7
282.16,128.1
282.17,122.6
282.18,128.6
282.19,118
282.2,121.8
282.21,126.3
282.22,129.3
282.23,129.7
282.24,123.4
282.25,132.3
282.26,117.3
282.27,118.7
282.28,116.9
282.29,119.9
282.3,127.2
282.31,121.5
282.32,129.8
282.33,125.1
282.34,122
282.35,128.1
282.36,118.4
282.37,129.8
282.38,128.6
282.39,125.1
282.4,121.2
282.41,129.5
282.42,128.6
282.43,119.2
282.44,121.2
282.45,118.4
282.46,122.9
282.47,130.3
282.48,121.7
282.49,118.4
282.5,120
282.51,125.6
282.52,117.8
282.53,128.2
282.54,130.7
282.55,122.7
282.56,127.8
282.57,129.1
282.58,117.6
282.59,128
282.6,125.4
282.61,123.6
282.62,124.4
282.63,119.9
282.64,119.6
282.65,120.8
282.66,125.1
282.67,121.2
282.68,127
282.69,126.6
282.7,126.6
282.71,126.8
282.72,127.8
282.73,117.8
282.74,127.3
282.75,121.1
282.76,123.2
282.77,127.2
282.78,120.1
282.79,120.7
282.8,123.9
282.81,128.2
282.82,127.2
282.83,125.3
282.84,128.3
282.85,124.9
282.86,121.7
282.87,120.6
282.88,126.3
282.89,124.1
282.9,128.6
282.91,120.5
282.92,129
282.93,118.6
282.94,126.5
282.95,127.6
282.96,124.9
282.97,128.2
282.98,118.7
282.99,126.4
283,123
283.01,126.1
283.02,126.9
283.03,126.5
283.04,125.4
283.05,114.8
283.06,119.4
283.07,122.1
283.08,120.9
283.09,122.8
283.1,123
283.11,120.9
283.12,120.1
283.13,122.2
283.14,122.3
283.15,123.8
283.16,116.2
283.17,118.5
283.18,111
283.19,112.6
283.2,113
283.21,117
283.22,119.9
283.23,117.5
283.24,119.1
283.25,113
283.26,115.9
283.27,111.3
283.28,111.9
283.29,112.1
283.3,108.3
283.31,113.7
283.32,114.4
283.33,115.8
283.34,116.5
283.35,109.7
283.36,117.9
283.37,109.5
283.38,114
283.39,117.2
283.4,111.9
283.41,111.2
283.42,107.7
283.43,108.1
283.44,111
283.45,111
283.46,111.5
283.47,114
283.48,111.2
283.49,110.1
283.5,110.2
283.51,111.4
283.52,106.2
283.53,103.1
283.54,108.1
283.55,112.3
283.56,109.1
283.57,107.5
283.58,111.5
283.59,105.8
283.6,104.9
283.61,108
283.62,107.6
283.63,102.3
283.64,107.4
283.65,102.1
283.66,112
283.67,110.2
283.68,98.8
283.69,100
283.7,101.7
283.71,106
283.72,107.9
283.73,107.9
283.74,100.4
283.75,109.2
283.76,104.5
283.77,109.7
283.78,108.7
283.79,107.3
283.8,107.4
283.81,103.5
283.82,107.9
283.83,104.1
283.84,103.2
283.85,104.3
283.86,102.5
283.87,105.5
283.88,107
283.89,108.3
283.9,100.2
283.91,104.8
283.92,103.2
283.93,100
283.94,101.6
283.95,100.8
283.96,99.9
283.97,99.4
283.98,104.7
283.99,102.9
284,98.2
284.01,96.8
284.02,100.5
284.03,105.1
284.04,102.7
284.05,98.2
284.06,95.7
284.07,99.9
284.08,103.8
284.09,100.5
284.1,98.3
284.11,92.7
284.12,101.1
284.13,95.4
284.14,101
284.15,102.1
284.16,104.6
284.17,96.1
284.18,96.3
284.19,102
284.2,101.8
284.21,100.4
284.22,97.2
284.23,100
284.24,95.7
284.25,97.5
284.26,98.5
284.27,100.2
284.28,96.1
284.29,99.3
284.3,94.2
284.31,79.3
284.32,64
284.33,45.8
284.34,37.6
284.35,35.7
284.36,33.6
284.37,32.3
284.38,31.9
284.39,28
284.4,23.5
284.41,17.6
284.42,13.9
284.43,6.4
284.44,6.5
284.45,5
284.46,5.9
284.47,6.1
284.48,7
284.49,9.5
284.5,12.1
284.51,14.9
284.52,13.9
284.53,16.9
284.54,12.8
284.55,14.3
284.56,13
284.57,10.1
284.58,10.9
284.59,14.4
284.6,14.6
284.61,15.7
284.62,14.1
284.63,10.2
284.64,8.3
284.65,3.4
284.66,2.4
284.67,2
284.68,1.1
284.69,3.3
284.7,4.1
284.71,8.5
284.72,8.6
284.73,10.7
284.74,11
284.75,11.1
284.76,10.4
284.77,6.9
284.78,6.6
284.79,1.4
284.8,2
284.81,3.4
284.82,4.4
284.83,5.9
284.84,5.8
284.85,5.8
284.86,2.6
284.87,4.2
284.88,1.3
284.89,2.1
284.9,2
284.91,0.1
284.92,3.6
284.93,5.3
284.94,11.1
284.95,13.6
284.96,12.2
284.97,13.7
284.98,13.8
284.99,14.1
285,13.8
285.01,16.4
285.02,17
285.03,23.4
285.04,27.1
285.05,28.3
285.06,28.9
285.07,27.6
285.08,31.1
285.09,27.9
285.1,29.1
285.11,29
285.12,25.4
285.13,27.8
285.14,27.4
285.15,31.7
285.16,31.2
285.17,32.7
285.18,37.7
285.19,38.3
285.2,41.3
285.21,35.1
285.22,34.7
285.23,32
285.24,33.8
285.25,39.2
285.26,43.2
285.27,50.5
285.28,50
285.29,52.8
285.3,51.7
285.31,49.6
285.32,49.8
285.33,47.1
285.34,46.9
285.35,43.9
285.36,48
285.37,52.2
285.38,55.2
285.39,59
285.4,56.2
285.41,59.1
285.42,55.3
285.43,53.7
285.44,50.2
285.45,49.4
285.46,53.1
285.47,53.8
285.48,65.7
285.49,69.3
285.5,71.3
285.51,77.3
285.52,72.9
285.53,74.9
285.54,67.9
285.55,68.4
285.56,67.8
285.57,64.3
285.58,65.1
285.59,60.4
285.6,63.8
285.61,61.1
285.62,64.1
285.63,63.2
285.64,65.2
285.65,69.3
285.66,66.7
285.67,66.5
285.68,59.3
285.69,62.6
285.7,70.5
285.71,74
285.72,78
285.73,77.8
285.74,74.8
285.75,66.5
285.76,67.5
285.77,65.4
285.78,69.2
285.79,74.9
285.8,73.1
285.81,80.6
285.82,84.2
285.83,85.7
285.84,83.5
285.85,88.2
285.86,87.2
285.87,88.8
285.88,91.6
285.89,87.7
285.9,84.3
285.91,77.4
285.92,79.4
285.93,75.8
285.94,75.5
285.95,78
285.96,77.9
285.97,80.2
285.98,81
285.99,87.7
286,81.9
286.01,84.5
286.02,81.9
286.03,84.7
286.04,88.6
286.05,88.6
286.06,90.8
286.07,86.1
286.08,87.2
286.09,82.7
286.1,92.7
286.11,92.5
286.12,88.3
286.13,85.9
286.14,74.7
286.15,69.6
286.16,65.9
286.17,63.6
286.18,60.8
286.19,59.9
286.2,63.2
286.21,66.5
286.22,65.6
286.23,52.4
286.24,45.7
286.25,33.9
286.26,22.9
286.27,13.9
286.28,12.2
286.29,6.5
286.3,7.1
286.31,7.7
286.32,6.7
286.33,8.9
286.34,5
286.35,1.3
286.36,-0.6
286.37,-5.4
286.38,-10.4
286.39,-10.1
286.4,-7.4
286.41,-8.5
286.42,-8.8
286.43,-13.4
286.44,-17.1
286.45,-12.6
286.46,-9.5
286.47,-8.6
286.48,-6.4
286.49,-6.2
286.5,-4.3
286.51,-5.4
286.52,-5.1
286.53,-3.4
286.54,-2.1
286.55,0
286.56,0.4
286.57,0.8
286.58,2
286.59,1.8
286.6,3.1
286.61,2
286.62,2.9
286.63,3.3
286.64,2.4
286.65,4.1
286.66,2.7
286.67,2.9
286.68,4.3
286.69,2.8
286.7,6.4
286.71,6.4
286.72,4.4
286.73,4.3
286.74,2.2
286.75,3.6
286.76,4.5
286.77,1.4
286.78,2.4
286.79,3.3
286.8,4.8
286.81,6.6
286.82,7.6
286.83,3.7
286.84,2.4
286.85,4
286.86,3.3
286.87,1.6
286.88,3.3
286.89,1.3
286.9,-1.9
286.91,-4.1
286.92,-3
286.93,-1
286.94,-1.5
286.95,-1
286.96,-2.5
286.97,-2.1
286.98,0.8
286.99,-0.5
287,1
287.01,0.4
287.02,0.6
287.03,0
287.04,-1.9
287.05,-3.7
287.06,-3.3
287.07,-0.7
287.08,0.3
287.09,-0.8
287.1,-0.6
287.11,-0.3
287.12,-0.4
287.13,1
287.14,2.1
287.15,1.4
287.16,1.8
287.17,1.2
287.18,1.5
287.19,1.9
287.2,2.1
287.21,1.6
287.22,0.8
287.23,0.3
287.24,0.5
287.25,-0.6
287.26,1.2
287.27,3.5
287.28,6.2
287.29,9.5
287.3,15.2
287.31,18.5
287.32,24.3
287.33,31.1
287.34,43.8
287.35,58.2
287.36,78.8
287.37,83.4
287.38,87
287.39,87.6
287.4,83.8
287.41,93.7
287.42,91.8
287.43,86
287.44,80.8
287.45,74.7
287.46,65.8
287.47,66.1
287.48,67.2
287.49,62
287.5,62.4
287.51,62.9
287.52,62.4
287.53,64.7
287.54,67.1
287.55,66.4
287.56,64.3
287.57,64.6
287.58,62.9
287.59,65.9
287.6,65.7
287.61,64.1
287.62,63.7
287.63,65.2
287.64,65
287.65,66
287.66,63.1
287.67,59.6
287.68,58.5
287.69,60.1
287.7,56.2
287.71,57.9
287.72,60.3
287.73,59.1
287.74,63.2
287.75,67.9
287.76,63.6
287.77,59.5
287.78,58
287.79,51.6
287.8,48.1
287.81,47.8
287.82,46.4
287.83,47.6
287.84,49.7
287.85,47.5
287.86,47.2
287.87,48.2
287.88,45.6
287.89,45.4
287.9,42.4
287.91,39.7
287.92,34.4
287.93,30
287.94,28.2
287.95,24.9
287.96,26.3
287.97,25.5
287.98,24.6
287.99,24.4
288,22
288.01,21.9
288.02,22.3
288.03,24.7
288.04,25.9
288.05,26.5
288.06,27.7
288.07,29.3
288.08,27.3
288.09,31.1
288.1,29.8
288.11,31.9
288.12,33
288.13,31.4
288.14,32.5
288.15,33.4
288.16,33.1
288.17,32.7
288.18,35.5
288.19,35
288.2,35.6
288.21,37
288.22,33.5
288.23,32.8
288.24,35.7
288.25,34.8
288.26,38
288.27,41.2
288.28,40.3
288.29,40.3
288.3,44
288.31,44.7
288.32,44.6
288.33,48.3
288.34,47.8
288.35,48.1
288.36,48.1
288.37,46.9
288.38,48
288.39,49.7
288.4,49.5
288.41,47.8
288.42,49.8
288.43,53.1
288.44,53.8
288.45,56.5
288.46,56.7
288.47,58.9
288.48,64.2
288.49,63.1
288.5,68.1
288.51,64.3
288.52,62.4
288.53,60.1
288.54,59.5
288.55,58.5
288.56,60.2
288.57,63.6
288.58,65.3
288.59,69.4
288.6,67.5
288.61,66.5
288.62,64.5
288.63,61.3
288.64,59
288.65,60.3
288.66,57.2
288.67,54.3
288.68,58.9
288.69,59.8
288.7,66.1
288.71,65.6
288.72,64.1
288.73,60.2
288.74,65.8
288.75,63.4
288.76,63.1
288.77,67.7
288.78,66.3
288.79,65.8
288.8,64.4
288.81,66.7
288.82,68.9
288.83,69.2
288.84,65.4
288.85,66.3
288.86,63.5
288.87,62.3
288.88,66
288.89,61.7
288.9,57.3
288.91,56.2
288.92,55.1
288.93,56.8
288.94,58.1
288.95,55.9
288.96,57
288.97,58.1
288.98,53.5
288.99,53.4
289,52.6
289.01,50.5
289.02,54.2
289.03,55.8
289.04,56.4
289.05,55.6
289.06,55.3
289.07,54.6
289.08,55.5
289.09,56.4
289.1,59.4
289.11,56.3
289.12,54.9
289.13,54.1
289.14,51.4
289.15,52.3
289.16,56.3
289.17,57.8
289.18,59.7
289.19,60.3
289.2,55.8
289.21,60
289.22,63
289.23,63.3
289.24,66.4
289.25,64.4
289.26,61.3
289.27,58.8
289.28,63.2
289.29,69.3
289.3,76.1
289.31,84.6
289.32,86.6
289.33,84.4
289.34,87.3
289.35,91.1
289.36,95.2
289.37,91.9
289.38,85.1
289.39,77.6
289.4,71.8
289.41,71.2
289.42,70.1
289.43,73.8
289.44,71.5
289.45,75.6
289.46,71.9
289.47,68.6
289.48,67.2
289.49,58.4
289.5,53.3
289.51,49.3
289.52,46
289.53,42.7
289.54,40.1
289.55,36
289.56,33.8
289.57,32.2
289.58,29.5
289.59,22
289.6,17.3
289.61,10.9
289.62,12.2
289.63,10.8
289.64,10.9
289.65,11.2
289.66,9.4
289.67,7.7
289.68,-0.7
289.69,-1.2
289.7,-4.9
289.71,-12.2
289.72,-12.4
289.73,-10.6
289.74,-10
289.75,-10
289.76,-8.2
289.77,-16.8
289.78,-19.4
289.79,-16.3
289.8,-8.7
289.81,-7.7
289.82,-6.3
289.83,-5.2
289.84,-4.7
289.85,-3.4
289.86,-1.8
289.87,-0.6
289.88,0.5
289.89,1.5
289.9,2.1
289.91,1.8
289.92,1.3
289.93,3.5
289.94,7.4
289.95,11.8
289.96,13
289.97,16
289.98,18.6
289.99,21.5
290,24.8
290.01,33.4
290.02,44.2
290.03,45.3
290.04,49.1
290.05,51.5
290.06,54.5
290.07,68.5
290.08,72
290.09,75.9
290.1,77.2
290.11,76.6
290.12,73.8
290.13,86.5
290.14,86.8
290.15,97.9
290.16,98.5
290.17,114.7
290.18,128.7
290.19,140.5
290.2,141.5
290.21,155
290.22,156
290.23,156
290.24,151.4
290.25,143.3
290.26,145.3
290.27,145.3
290.28,151.7
290.29,142
290.3,141.3
290.31,128
290.32,129.2
290.33,130.1
290.34,126.9
290.35,133.3
290.36,127
290.37,120.1
290.38,127.3
290.39,118.5
290.4,129.3
290.41,125.5
290.42,120.6
290.43,123.3
290.44,113.5
290.45,116.3
290.46,117.1
290.47,119.6
290.48,115.6
290.49,113.9
290.5,113.6
290.51,113.6
290.52,119.7
290.53,126.2
290.54,118.4
290.55,118.6
290.56,120.7
290.57,121.4
290.58,116.3
290.59,120.9
290.6,121.6
290.61,117.9
290.62,112.8
290.63,112.6
290.64,110.9
290.65,115.4
290.66,115.9
290.67,119.3
290.68,114
290.69,109.6
290.7,118.2
290.71,112.5
290.72,118.7
290.73,113.9
290.74,114
290.75,111.3
290.76,110.3
290.77,118.2
290.78,115.5
290.79,116.6
290.8,111.1
290.81,112.8
290.82,109.2
290.83,115.5
290.84,115
290.85,110
290.86,110.1
290.87,109.4
290.88,106.4
290.89,113.7
290.9,112.1
290.91,109.1
290.92,110.7
290.93,106.4
290.94,110.8
290.95,114.4
290.96,110
290.97,103.3
290.98,106.8
290.99,110.2
291,107.3
291.01,108.9
291.02,111.8
291.03,108.9
291.04,105.6
291.05,111.2
291.06,111.5
291.07,107.7
291.08,106.5
291.09,102.9
291.1,104
291.11,105.9
291.12,109.4
291.13,105.9
291.14,102.7
291.15,104.6
291.16,109.2
291.17,106.5
291.18,104.7
291.19,105.2
291.2,100.2
291.21,102.2
291.22,103.8
291.23,107.9
291.24,103
291.25,100.8
291.26,106.6
291.27,99.6
291.28,100.3
291.29,95.7
291.3,91.6
291.31,86.9
291.32,84.3
291.33,70.5
291.34,63
291.35,48.8
291.36,32.6
291.37,19.1
291.38,9.9
291.39,1.1
291.4,-3
291.41,-6.3
291.42,-9.1
291.43,-15
291.44,-13.1
291.45,-19.2
291.46,-20.9
291.47,-28.8
291.48,-34
291.49,-31.2
291.5,-27.8
291.51,-21.1
291.52,-19.8
291.53,-17.2
291.54,-14.6
291.55,-9.4
291.56,-6.8
291.57,-6.3
291.58,-3.6
291.59,-6.5
291.6,-7.1
291.61,-3.6
291.62,-0.9
291.63,2.3
291.64,0.6
291.65,1.1
291.66,2.9
291.67,2.5
291.68,3.3
291.69,1.9
291.7,5.6
291.71,4.6
291.72,5.2
291.73,6.1
291.74,5.6
291.75,5.9
291.76,3.5
291.77,3.8
291.78,3.8
291.79,1.6
291.8,4.7
291.81,6.4
291.82,7.1
291.83,10.1
291.84,16.7
291.85,23.9
291.86,25.6
291.87,31
291.88,32.8
291.89,33.7
291.9,44.1
291.91,47.1
291.92,44.7
291.93,36.5
291.94,33.3
291.95,34.6
291.96,34.5
291.97,39.7
291.98,36.6
291.99,31.5
292,28.7
292.01,27.4
292.02,31
292.03,30.3
292.04,33.7
292.05,28.6
292.06,27.8
292.07,29.1
292.08,28.2
292.09,33.1
292.1,34.9
292.11,35.6
292.12,38.3
292.13,35.5
292.14,37.6
292.15,37.6
292.16,42.4
292.17,46
292.18,41.4
292.19,40
292.2,38.4
292.21,37.5
292.22,40.1
292.23,42.7
292.24,45.9
292.25,42.5
292.26,46.6
292.27,45.3
292.28,45.1
292.29,46.3
292.3,45.6
292.31,44.8
292.32,48.6
292.33,48.8
292.34,53.6
292.35,54.9
292.36,54
292.37,54.8
292.38,48.5
292.39,50
292.4,49.3
292.41,52
292.42,52.3
292.43,49.7
292.44,54.4
292.45,52.6
292.46,53.8
292.47,50.4
292.48,51
292.49,47.9
292.5,50.8
292.51,56.5
292.52,58.7
292.53,55.3
292.54,53.2
292.55,48.5
292.56,47.3
292.57,44.6
292.58,49.7
292.59,52.4
292.6,56.5
292.61,56.9
292.62,57.4
292.63,61.2
292.64,59.5
292.65,60.5
292.66,59.3
292.67,63.6
292.68,65.7
292.69,65.4
292.7,60.1
292.71,56.3
292.72,60.9
292.73,60.3
292.74,60.2
292.75,61.3
292.76,60.5
292.77,60.4
292.78,60.2
292.79,59.2
292.8,58.6
292.81,58.6
292.82,59.2
292.83,55.4
292.84,56.2
292.85,59.4
292.86,59.2
292.87,59.4
292.88,52.6
292.89,47.4
292.9,48.5
292.91,51
292.92,54.2
292.93,57.6
292.94,54.6
292.95,51.1
292.96,53
292.97,53.1
292.98,61.2
292.99,61.2
293,60.8
293.01,55.5
293.02,55.3
293.03,60.3
293.04,58.8
293.05,58.7
293.06,53.7
293.07,52.8
293.08,52.9
293.09,51.2
293.1,54
293.11,51.4
293.12,47.1
293.13,40.8
293.14,39.3
293.15,37.6
293.16,30.3
293.17,24.6
293.18,17.5
293.19,13.8
293.2,10.9
293.21,8.1
293.22,6.8
293.23,4.4
293.24,3.9
293.25,0.3
293.26,0
293.27,0.5
293.28,0.3
293.29,1.2
293.3,1.5
293.31,3.3
293.32,2.8
293.33,1
293.34,3
293.35,3.2
293.36,5.4
293.37,0.6
293.38,-0.6
293.39,-0.9
293.4,-5.5
293.41,-3.2
293.42,-4.1
293.43,-3.7
293.44,-2.9
293.45,-3.6
293.46,-0.7
293.47,-3.4
293.48,-1.6
293.49,-1.1
293.5,-0.1
293.51,0.4
293.52,0.5
293.53,1.2
293.54,1.2
293.55,0.2
293.56,3.1
293.57,3.5
293.58,12
293.59,13.4
293.6,6
293.61,4.4
293.62,6.9
293.63,5.1
293.64,5.4
293.65,4.7
293.66,2.1
293.67,2.3
293.68,1.9
293.69,0.3
293.7,0.5
293.71,0
293.72,-0.4
293.73,0.4
293.74,-0.4
293.75,0.6
293.76,-0.3
293.77,0.7
293.78,-0.1
293.79,2
293.8,4.9
293.81,6.8
293.82,2.1
293.83,1.9
293.84,3.7
293.85,2.7
293.86,2.1
293.87,0
293.88,-3.6
293.89,-3
293.9,0.3
293.91,0
293.92,-0.8
293.93,-0.9
293.94,2
293.95,7.1
293.96,10.3
293.97,5.7
293.98,4
293.99,3
294,3.6
294.01,1.2
294.02,-5.4
294.03,-11
294.04,-7.1
294.05,-5.4
294.06,-4.3
294.07,-5.4
294.08,-3.2
294.09,-3.8
294.1,-2.5
294.11,-0.7
294.12,0.5
294.13,1.4
294.14,1.1
294.15,2.6
294.16,1.2
294.17,0.7
294.18,2.5
294.19,1.9
294.2,2
294.21,2.2
294.22,3
294.23,2.3
294.24,1.5
294.25,3.3
294.26,2.7
294.27,2
294.28,2.1
294.29,2.3
294.3,2.6
294.31,0.3
294.32,1.4
294.33,2.3
294.34,1.1
294.35,1.6
294.36,1.9
294.37,2.2
294.38,0.9
294.39,0.2
294.4,1.2
294.41,1.7
294.42,1.4
294.43,-0.2
294.44,1.4
294.45,2.6
294.46,2.6
294.47,2.9
294.48,3.9
294.49,4.4
294.5,5
294.51,3.9
294.52,6.1
294.53,6.3
294.54,7.4
294.55,8.3
294.56,9
294.57,9.8
294.58,10.1
294.59,9.5
294.6,16
294.61,16.3
294.62,18.2
294.63,20.3
294.64,22
294.65,24.5
294.66,27.8
294.67,28.8
294.68,32.6
294.69,31.4
294.7,30.8
294.71,27.5
294.72,27.4
294.73,26.6
294.74,23
294.75,21.8
294.76,21.8
294.77,18.7
294.78,16.4
294.79,15.9
294.8,14.1
294.81,11.8
294.82,10.1
294.83,8.6
294.84,5.9
294.85,4.3
294.86,1.6
294.87,-2.6
294.88,-2.9
294.89,-4.1
294.9,-4.9
294.91,-5.9
294.92,-6.6
294.93,-5
294.94,-4.4
294.95,-6.8
294.96,-12.4
294.97,-11.9
294.98,-10.4
294.99,-6.4
295,-5.1
295.01,-5.3
295.02,-4.1
295.03,-3.7
295.04,-1.7
295.05,-0.3
295.06,0.4
295.07,2.1
295.08,1.7
295.09,2.8
295.1,1.5
295.11,2.5
295.12,2.9
295.13,3
295.14,2.2
295.15,2.1
295.16,2.5
295.17,2.1
295.18,1.6
295.19,1.4
295.2,1.3
295.21,2
295.22,1.4
295.23,1.1
295.24,0
295.25,2.1
295.26,3.1
295.27,0.5
295.28,0.2
295.29,0.3
295.3,1.4
295.31,0.6
295.32,0.1
295.33,0.2
295.34,0.9
295.35,1.8
295.36,0.2
295.37,-0.1
295.38,0.3
295.39,0.6
295.4,0.5
295.41,-0.9
295.42,-1.4
295.43,-1.3
295.44,-0.2
295.45,-0.6
295.46,-1.3
295.47,-0.2
295.48,0.2
295.49,-0.4
295.5,0.8
295.51,0.5
295.52,0.8
295.53,0.4
295.54,0.6
295.55,1
295.56,0.2
295.57,0
295.58,1.5
295.59,0.8
295.6,0.8
295.61,3.2
295.62,4.9
295.63,6.9
295.64,12.2
295.65,15.6
295.66,18.9
295.67,22
295.68,25.4
295.69,29.8
295.7,38.8
295.71,37.1
295.72,26.9
295.73,21.3
295.74,13.3
295.75,12.1
295.76,12.6
295.77,10.6
295.78,8.6
295.79,8.6
295.8,9.7
295.81,12.1
295.82,14.6
295.83,13.4
295.84,13.7
295.85,12.9
295.86,9
295.87,8.3
295.88,6.2
295.89,5.3
295.9,6.8
295.91,7.5
295.92,10.6
295.93,14.1
295.94,20
295.95,28
295.96,34.6
295.97,43.9
295.98,53.2
295.99,52.9
296,52.2
296.01,54
296.02,51
296.03,52.1
296.04,54.4
296.05,58.1
296.06,59.5
296.07,53.9
296.08,54.2
296.09,57.2
296.1,61.1
296.11,65.7
296.12,64.7
296.13,64.7
296.14,63.7
296.15,68.1
296.16,70.5
296.17,79.7
296.18,82.7
296.19,95.8
296.2,93.9
296.21,95.4
296.22,100.6
296.23,102.8
296.24,102.6
296.25,104
296.26,98.7
296.27,104.9
296.28,110.8
296.29,116.6
296.3,121.8
296.31,129.5
296.32,132.7
296.33,136.3
296.34,151.8
296.35,147.2
296.36,138.1
296.37,146.8
296.38,138.6
296.39,132.2
296.4,143.5
296.41,129.1
296.42,135.5
296.43,130.5
296.44,136.1
296.45,138.8
296.46,133.1
296.47,120
296.48,127.2
296.49,120.3
296.5,120.3
296.51,125.3
296.52,126.8
296.53,121.5
296.54,115.1
296.55,122.7
296.56,123.5
296.57,120
296.58,129
296.59,122.3
296.6,119.2
296.61,127.2
296.62,129.6
296.63,117.5
296.64,127.4
296.65,124.4
296.66,116.2
296.67,117.4
296.68,118.5
296.69,120.8
296.7,120.4
296.71,123.5
296.72,120.1
296.73,122.1
296.74,130.6
296.75,118.2
296.76,122.8
296.77,118.5
296.78,126.5
296.79,118.8
296.8,120.3
296.81,117.4
296.82,119.4
296.83,131.9
296.84,131.8
296.85,122.9
296.86,129.9
296.87,116.6
296.88,126
296.89,117.6
296.9,126.1
296.91,128.4
296.92,125.5
296.93,125.2
296.94,120.9
296.95,120.7
296.96,121.8
296.97,130.4
296.98,123.1
296.99,119.8
297,126.8
297.01,128.9
297.02,131.5
297.03,124.1
297.04,118.2
297.05,125.7
297.06,120.6
297.07,122.5
297.08,122.4
297.09,115.9
297.1,117.1
297.11,115.9
297.12,123.2
297.13,121.7
297.14,129.8
297.15,122.1
297.16,131.4
297.17,122.4
297.18,125.4
297.19,120.7
297.2,109.6
297.21,118
297.22,126.7
297.23,128.3
297.24,118.8
297.25,116.3
297.26,116.9
297.27,122.7
297.28,129.2
297.29,123.1
297.3,125.3
297.31,113.7
297.32,115.3
297.33,122.3
297.34,117.9
297.35,114.8
297.36,107.9
297.37,102.6
297.38,98.9
297.39,87.8
297.4,86.4
297.41,80.3
297.42,73.7
297.43,75.5
297.44,74.9
297.45,74.4
297.46,79.7
297.47,79.7
297.48,83.3
297.49,83
297.5,79
297.51,73.8
297.52,69.9
297.53,64.6
297.54,58.7
297.55,57.7
297.56,55.5
297.57,47.1
297.58,44.9
297.59,45.4
297.6,43.6
297.61,50.3
297.62,53.8
297.63,49.8
297.64,49.2
297.65,47
297.66,44.2
297.67,47.7
297.68,44.9
297.69,42.1
297.7,41.1
297.71,38.3
297.72,41.4
297.73,41.5
297.74,42.7
297.75,43.5
297.76,44.2
297.77,45.8
297.78,48.3
297.79,51.5
297.8,48.8
297.81,46.6
297.82,44.2
297.83,45
297.84,46.3
297.85,45.9
297.86,46.6
297.87,47.3
297.88,46.4
297.89,46.9
297.9,45.6
297.91,44.5
297.92,41.9
297.93,44.8
297.94,41.9
297.95,42.6
297.96,42.4
297.97,38.6
297.98,38.3
297.99,43
298,42.6
298.01,47.1
298.02,49.6
298.03,46.7
298.04,45.5
298.05,43.3
298.06,44
298.07,41.4
298.08,43.1
298.09,45.2
298.1,43.8
298.11,38.7
298.12,37.4
298.13,34.7
298.14,30.4
298.15,32.2
298.16,28
298.17,25.9
298.18,24.6
298.19,24.3
298.2,29.5
298.21,33.1
298.22,37.8
298.23,45.2
298.24,50.7
298.25,49
298.26,47.6
298.27,47
298.28,42.7
298.29,43.5
298.3,42.5
298.31,42.2
298.32,37.4
298.33,35.3
298.34,34
298.35,36.2
298.36,37.7
298.37,39.6
298.38,38.3
298.39,40.3
298.4,38.2
298.41,36.7
298.42,36.3
298.43,37.2
298.44,36.3
298.45,37.3
298.46,38.6
298.47,35.2
298.48,33
298.49,31.1
298.5,24.3
298.51,22.2
298.52,21.5
298.53,17.2
298.54,17.6
298.55,16.5
298.56,10
298.57,7.8
298.58,6.8
298.59,1.9
298.6,-0.3
298.61,-4
298.62,-5.3
298.63,-9.6
298.64,-9.5
298.65,-8
298.66,-9.4
298.67,-14.8
298.68,-17
298.69,-14.3
298.7,-10.8
298.71,-6.9
298.72,-6.9
298.73,-7.7
298.74,-4.7
298.75,-4.5
298.76,-2.5
298.77,-0.2
298.78,-0.4
298.79,-1.3
298.8,-2.2
298.81,0
298.82,1.5
298.83,0.5
298.84,2
298.85,1.5
298.86,1.5
298.87,1.7
298.88,2.9
298.89,2
298.9,3.5
298.91,6.3
298.92,8.8
298.93,11
298.94,13.4
298.95,16.1
298.96,16.2
298.97,16.8
298.98,16.5
298.99,19.1
299,25.2
299.01,23.7
299.02,20.8
299.03,20.6
299.04,26.9
299.05,33.1
299.06,42.4
299.07,54.9
299.08,54.9
299.09,58
299.1,61.3
299.11,64.5
299.12,66.4
299.13,67.2
299.14,64.5
299.15,58.4
299.16,58.9
299.17,60
299.18,58.3
299.19,60.7
299.2,59.1
299.21,55.9
299.22,56
299.23,57.5
299.24,54.3
299.25,61.7
299.26,63
299.27,66.7
299.28,69.3
299.29,75.1
299.3,72.7
299.31,70.7
299.32,72
299.33,70.2
299.34,69.5
299.35,69
299.36,70.6
299.37,72.8
299.38,71.5
299.39,68.2
299.4,66.4
299.41,65.6
299.42,69.7
299.43,70.6
299.44,64.2
299.45,66.2
299.46,67.1
299.47,71.1
299.48,71.6
299.49,76.6
299.5,75
299.51,72.3
299.52,69.4
299.53,69
299.54,64.9
299.55,66.6
299.56,67.2
299.57,67.3
299.58,59.2
299.59,59.1
299.6,56.3
299.61,51.5
299.62,52
299.63,51.6
299.64,49.7
299.65,47.9
299.66,50.8
299.67,48.9
299.68,49.4
299.69,50.5
299.7,55
299.71,54.7
299.72,58
299.73,55.2
299.74,55.8
299.75,53.9
299.76,50.8
299.77,52.3
299.78,52.4
299.79,54.5
299.8,53.2
299.81,51.3
299.82,43.2
299.83,36.8
299.84,32.4
299.85,26.4
299.86,22.3
299.87,18.2
299.88,14.7
299.89,11.6
299.9,10.9
299.91,8.6
299.92,7.8
299.93,6.5
299.94,9.2
299.95,11
299.96,11.9
299.97,20.3
299.98,23.3
299.99,27.7
300,38.6
300.01,45.1
300.02,54.7
300.03,60.1
300.04,56.6
300.05,54.6
300.06,52.8
300.07,53.9
300.08,49.9
300.09,53.6
300.1,55.4
300.11,53.2
300.12,59.8
300.13,55.5
300.14,55
300.15,53.6
300.16,53.9
300.17,53.9
300.18,51.4
300.19,48.6
300.2,40
300.21,37.2
300.22,37.1
300.23,35.8
300.24,43.3
300.25,43.3
300.26,34.4
300.27,21
300.28,17.3
300.29,11.6
300.3,4.8
300.31,2.5
300.32,0.8
300.33,2
300.34,5.9
300.35,9.4
300.36,20.4
300.37,25.8
300.38,24.6
300.39,26.1
300.4,28.6
300.41,27.5
300.42,35.6
300.43,40.7
300.44,35
300.45,29.5
300.46,30.8
300.47,31.5
300.48,38.9
300.49,42.6
300.5,40.8
300.51,39.8
300.52,40.4
300.53,45.1
300.54,53.2
300.55,60.7
300.56,62.1
300.57,67.2
300.58,71.6
300.59,72.5
300.6,75.3
300.61,79
300.62,77.4
300.63,85.3
300.64,90.5
300.65,91.1
300.66,86.7
300.67,84.1
300.68,81.3
300.69,67.8
300.7,58.5
300.71,46
300.72,42.6
300.73,41.5
300.74,40
300.75,45.9
300.76,48.7
300.77,50.4
300.78,53
300.79,53.3
300.8,51.1
300.81,50.9
300.82,57.3
300.83,56.1
300.84,58
300.85,54.1
300.86,51.6
300.87,44.3
300.88,42.2
300.89,37
300.9,35
300.91,32.2
300.92,30.3
300.93,32
300.94,28.7
300.95,27.7
300.96,28.1
300.97,27.9
300.98,27.8
300.99,30.6
301,29
301.01,29.1
301.02,27.6
301.03,26.7
301.04,28.7
301.05,29.6
301.06,30
301.07,31.6
301.08,32.6
301.09,33.1
301.1,31.7
301.11,36.8
301.12,34.2
301.13,33.9
301.14,35.8
301.15,35.7
301.16,35.9
301.17,34.6
301.18,32.1
301.19,34.5
301.2,41.1
301.21,40.1
301.22,39.6
301.23,35.1
301.24,33.1
301.25,35
301.26,39.5
301.27,44.7
301.28,46.1
301.29,41.8
301.3,38.5
301.31,37.2
301.32,37.7
301.33,37.7
301.34,39.2
301.35,43.6
301.36,42.1
301.37,43.8
301.38,44.6
301.39,51.6
301.4,55.4
301.41,59.3
301.42,55.1
301.43,52
301.44,43.5
301.45,44.8
301.46,46
301.47,52
301.48,54.1
301.49,55.1
301.5,50.8
301.51,53.8
301.52,58
301.53,57.4
301.54,58.8
301.55,59.3
301.56,58.4
301.57,55.5
301.58,51.1
301.59,45.8
301.6,44.5
301.61,46.6
301.62,47.4
301.63,52.2
301.64,58.6
301.65,63.4
301.66,63.8
301.67,59.4
301.68,56.7
301.69,60.2
301.7,61
301.71,58.4
301.72,56.7
301.73,51.2
301.74,49
301.75,49.5
301.76,48.3
301.77,49.9
301.78,48.7
301.79,43.1
301.8,43
301.81,45
301.82,47.8
301.83,54.7
301.84,56.2
301.85,51
301.86,44.9
301.87,45.2
301.88,42.7
301.89,45.6
301.9,44.2
301.91,43.2
301.92,43
301.93,39.2
301.94,42.8
301.95,42.5
301.96,44.3
301.97,42.4
301.98,36.4
301.99,32
302,31.1
302.01,32
302.02,30.9
302.03,37.3
302.04,39.7
302.05,41.8
302.06,39.2
302.07,38.2
302.08,42.1
302.09,44.5
302.1,47.2
302.11,53
302.12,52.6
302.13,60.2
302.14,64.9
302.15,76.6
302.16,85.3
302.17,85.9
302.18,87
302.19,85.1
302.2,87.1
302.21,81.2
302.22,82.1
302.23,80.4
302.24,85.8
302.25,92.8
302.26,93.4
302.27,101.4
302.28,105.4
302.29,110.7
302.3,113.2
302.31,107.4
302.32,106.1
302.33,102.5
302.34,96.7
302.35,95.9
302.36,102.4
302.37,109.1
302.38,107.6
302.39,111.5
302.4,114.8
302.41,118.6
302.42,115.9
302.43,116.3
302.44,120.3
302.45,115.3
302.46,132.7
302.47,131.6
302.48,133.2
302.49,133.3
302.5,132.6
302.51,130.1
302.52,127.2
302.53,127.6
302.54,125.3
302.55,131.5
302.56,122.4
302.57,124.1
302.58,114.2
302.59,116
302.6,123.3
302.61,115.1
302.62,110.7
302.63,110.1
302.64,113.4
302.65,118.9
302.66,112.4
302.67,117.1
302.68,118.1
302.69,113
302.7,109.3
302.71,113.7
302.72,109.5
302.73,114.3
302.74,114.8
302.75,110.1
302.76,114
302.77,109.6
302.78,109.1
302.79,114.8
302.8,116.4
302.81,109.5
302.82,107.5
302.83,107.9
302.84,108.4
302.85,111.3
302.86,109.2
302.87,108
302.88,110.1
302.89,104.5
302.9,109.3
302.91,105.8
302.92,113.2
302.93,112.2
302.94,108.7
302.95,104.6
302.96,107.9
302.97,107.7
302.98,106.9
302.99,110.2
303,108.1
303.01,105.4
303.02,110.1
303.03,109.2
303.04,114.3
303.05,111.8
303.06,112.2
303.07,104.5
303.08,110.9
303.09,112
303.1,106.7
303.11,112.8
303.12,109.8
303.13,105.4
303.14,107.6
303.15,112.6
303.16,109.9
303.17,108
303.18,103.2
303.19,102.1
303.2,106.9
303.21,102.7
303.22,103.2
303.23,94.4
303.24,101.8
303.25,101.3
303.26,102.4
303.27,100.3
303.28,98
303.29,93.1
303.3,94.1
303.31,102.6
303.32,101.3
303.33,101.4
303.34,89.7
303.35,95.8
303.36,103.1
303.37,95.8
303.38,98.3
303.39,86.6
303.4,82.9
303.41,78.6
303.42,69.8
303.43,64.9
303.44,56
303.45,43.4
303.46,38.2
303.47,31.7
303.48,26.9
303.49,27.3
303.5,25.7
303.51,23.8
303.52,23.6
303.53,20.8
303.54,12.2
303.55,10.4
303.56,5.7
303.57,7.2
303.58,6.8
303.59,7
303.6,9.2
303.61,9.5
303.62,11.7
303.63,10.8
303.64,12.8
303.65,14.2
303.66,16.7
303.67,15.8
303.68,17.7
303.69,18.2
303.7,21.2
303.71,24.4
303.72,28.2
303.73,30.4
303.74,28.7
303.75,26.5
303.76,22
303.77,21.9
303.78,14.2
303.79,15.8
303.8,13.8
303.81,11.3
303.82,9.3
303.83,5.5
303.84,3.8
303.85,-0.3
303.86,-1.4
303.87,-4.4
303.88,-5.6
303.89,-4.1
303.9,-6.8
303.91,-3.6
303.92,-4.8
303.93,-7.2
303.94,-11.9
303.95,-12.8
303.96,-7
303.97,-5
303.98,-3.7
303.99,-6.5
304,-3.2
304.01,-2.3
304.02,-0.7
304.03,1
304.04,1.1
304.05,4.2
304.06,2.6
304.07,2.2
304.08,4.5
304.09,3.4
304.1,7.8
304.11,5.5
304.12,5.6
304.13,5.3
304.14,3.8
304.15,3.7
304.16,4.2
304.17,2.6
304.18,3.2
304.19,1.4
304.2,2.5
304.21,3.5
304.22,2.7
304.23,3.3
304.24,2.9
304.25,1.7
304.26,4.1
304.27,5.1
304.28,6.9
304.29,5.6
304.3,3.3
304.31,2.2
304.32,4.9
304.33,1.9
304.34,1.2
304.35,3
304.36,2.2
304.37,0.6
304.38,2.4
304.39,5.7
304.4,5.9
304.41,2.8
304.42,1.2
304.43,3.6
304.44,1
304.45,3.4
304.46,2
304.47,1.7
304.48,1.2
304.49,0
304.5,-1.8
304.51,-1.9
304.52,-2
304.53,-0.9
304.54,-1.3
304.55,-1.8
304.56,-0.6
304.57,-0.3
304.58,0.6
304.59,1.2
304.6,6.7
304.61,8.9
304.62,5.1
304.63,3.3
304.64,3.4
304.65,3.7
304.66,3.8
304.67,3.3
304.68,1.2
304.69,-0.2
304.7,-0.4
304.71,0.7
304.72,0.7
304.73,-1.1
304.74,0.5
304.75,8
304.76,12.7
304.77,6.1
304.78,4.2
304.79,4.6
304.8,1.1
304.81,-9.5
304.82,-16.4
304.83,-12.4
304.84,-7.6
304.85,-6.4
304.86,-6.4
304.87,-6.9
304.88,-5.1
304.89,-3.3
304.9,-0.3
304.91,0.8
304.92,4
304.93,3.4
304.94,3.1
304.95,3.2
304.96,3.1
304.97,3.5
304.98,3.4
304.99,2.2
305,2.3
305.01,2.3
305.02,2.3
305.03,0.9
305.04,0.9
305.05,2.3
305.06,1.5
305.07,1.7
305.08,2.7
305.09,1.6
305.1,3.5
305.11,2.9
305.12,3.5
305.13,3.3
305.14,3.6
305.15,1.5
305.16,-0.5
305.17,0
305.18,0.1
305.19,-0.2
305.2,-1.5
305.21,-0.8
305.22,0.5
305.23,1.1
305.24,0
305.25,-0.7
305.26,0.1
305.27,0.8
305.28,0.5
305.29,0.2
305.3,0
305.31,0.3
305.32,1.1
305.33,0.8
305.34,0.2
305.35,1.3
305.36,1.2
305.37,-0.7
305.38,0.6
305.39,0.3
305.4,0.4
305.41,0.9
305.42,0
305.43,0.1
305.44,1
305.45,1.9
305.46,2
305.47,1
305.48,0.5
305.49,0.4
305.5,0.8
305.51,0.4
305.52,0.8
305.53,0.4
305.54,-0.3
305.55,1.1
305.56,1.1
305.57,0.7
305.58,0.4
305.59,1.3
305.6,0.7
305.61,0.8
305.62,1.7
305.63,1.4
305.64,-0.4
305.65,1.3
305.66,1.1
305.67,-0.2
305.68,1.6
305.69,2.4
305.7,0.7
305.71,0.4
305.72,0.9
305.73,1
305.74,0.8
305.75,1.1
305.76,-0.4
305.77,0.8
305.78,2.1
305.79,5.7
305.8,10.5
305.81,17.3
305.82,23.2
305.83,26.7
305.84,33.5
305.85,36.9
305.86,46.9
305.87,61.3
305.88,64.1
305.89,59
305.9,56.7
305.91,62.2
305.92,65
305.93,73.7
305.94,73.3
305.95,63.4
305.96,62.3
305.97,64
305.98,73.7
305.99,79.2
306,76.1
306.01,73
306.02,71.5
306.03,71.7
306.04,84.8
306.05,88.6
306.06,93.4
306.07,90.9
306.08,86.1
306.09,94.6
306.1,99.5
306.11,99.2
306.12,104.8
306.13,92
306.14,94.1
306.15,85.3
306.16,90.3
306.17,94.7
306.18,94.3
306.19,91.4
306.2,86.8
306.21,93.2
306.22,97.4
306.23,104
306.24,108.4
306.25,113.4
306.26,112.9
306.27,124.7
306.28,142.4
306.29,141.6
306.3,132.5
306.31,140.2
306.32,139.2
306.33,140.7
306.34,148.1
306.35,137.6
306.36,130.9
306.37,134.4
306.38,137.9
306.39,135.6
306.4,121.8
306.41,132.8
306.42,133.3
306.43,128.5
306.44,132.2
306.45,124.4
306.46,131.8
306.47,119.5
306.48,129.4
306.49,129.8
306.5,117
306.51,116.6
306.52,129.4
306.53,120.1
306.54,129.7
306.55,131.7
306.56,129.6
306.57,118.5
306.58,120.5
306.59,125.2
306.6,125.9
306.61,126.2
306.62,129.1
306.63,126.5
306.64,126
306.65,126.9
306.66,127.2
306.67,117.9
306.68,118.2
306.69,128.3
306.7,124.2
306.71,117.5
306.72,114.6
306.73,125.7
306.74,128.5
306.75,128
306.76,123.1
306.77,117.4
306.78,124.2
306.79,114
306.8,117.1
306.81,122.5
306.82,125.7
306.83,129.2
306.84,129.1
306.85,128.8
306.86,129.3
306.87,131.8
306.88,129.2
306.89,127.3
306.9,129.1
306.91,130.6
306.92,124.5
306.93,123
306.94,128
306.95,118.6
306.96,121.4
306.97,123.9
306.98,128.2
306.99,129.9
307,124.9
307.01,127.6
307.02,124.2
307.03,125.2
307.04,128.3
307.05,123.2
307.06,118.2
307.07,128.2
307.08,124.4
307.09,127.6
307.1,128.5
307.11,120.8
307.12,115.1
307.13,125.1
307.14,120
307.15,122
307.16,128.3
307.17,122.1
307.18,123.9
307.19,117.4
307.2,122.4
307.21,119.2
307.22,118.3
307.23,120.9
307.24,118.8
307.25,117.3
307.26,124.7
307.27,122.9
307.28,117.5
307.29,117
307.3,128
307.31,125.8
307.32,124.2
307.33,126.1
307.34,129.6
307.35,124.3
307.36,126.9
307.37,122.4
307.38,118.1
307.39,124.9
307.4,130.3
307.41,129.2
307.42,128.5
307.43,127.8
307.44,125.6
307.45,122.8
307.46,123.4
307.47,121.4
307.48,132.3
307.49,127.7
307.5,128.1
307.51,127.9
307.52,118.1
307.53,120.5
307.54,124.1
307.55,121.7
307.56,122.8
307.57,121.9
307.58,127.6
307.59,123.6
307.6,125.9
307.61,118.5
307.62,129.6
307.63,128
307.64,124.5
307.65,120.9
307.66,119.1
307.67,120.4
307.68,122.6
307.69,121.4
307.7,128.5
307.71,126.3
307.72,121
307.73,120.9
307.74,127.7
307.75,128.1
307.76,128.7
307.77,125.2
307.78,127.7
307.79,122.5
307.8,123.1
307.81,120.5
307.82,119.6
307.83,125.1
307.84,125.6
307.85,120.1
307.86,126.2
307.87,117.7
307.88,127.6
307.89,119.5
307.9,129.2
307.91,119.4
307.92,121
307.93,122.3
307.94,120.6
307.95,117.3
307.96,114.6
307.97,115.5
307.98,118.1
307.99,122.5
308,125
308.01,117.9
308.02,124.8
308.03,124.8
308.04,122.1
308.05,120.4
308.06,117.4
308.07,113.9
308.08,114.2
308.09,111.4
308.1,111.4
308.11,111.7
308.12,110.1
308.13,113.3
308.14,116.2
308.15,121.3
308.16,111.2
308.17,115.7
308.18,114.9
308.19,113.8
308.2,112.6
308.21,108.2
308.22,114.6
308.23,116.2
308.24,109.5
308.25,118.2
308.26,109
308.27,115
308.28,109.5
308.29,111
308.3,117.8
308.31,110.3
308.32,111.9
308.33,108.6
308.34,103.5
308.35,112.6
308.36,112.9
308.37,115.6
308.38,107.6
308.39,111.3
308.4,110.3
308.41,113.5
308.42,115.8
308.43,109
308.44,115.1
308.45,110.7
308.46,109.9
308.47,111.5
308.48,108.4
308.49,111.5
308.5,104.7
308.51,107.9
308.52,105.9
308.53,110.5
308.54,110.4
308.55,109.9
308.56,111.5
308.57,108.2
308.58,109.2
308.59,108.3
308.6,115.5
308.61,113.2
308.62,108.5
308.63,107.5
308.64,105.6
308.65,111
308.66,103
308.67,105.1
308.68,107.3
308.69,104.7
308.7,104.4
308.71,104.9
308.72,101.4
308.73,102.5
308.74,106.8
308.75,107.4
308.76,108.6
308.77,108.3
308.78,106.4
308.79,105.4
308.8,102
308.81,102.6
308.82,105.4
308.83,103.7
308.84,106.5
308.85,105.8
308.86,106
308.87,101
308.88,100.8
308.89,103.8
308.9,102.6
308.91,97.2
308.92,98.7
308.93,103.3
308.94,107
308.95,101.2
308.96,100.4
308.97,98
308.98,102.2
308.99,98.8
309,101.4
309.01,102.5
309.02,98.4
309.03,102.7
309.04,98.6
309.05,103.7
309.06,103.2
309.07,106.9
309.08,96.6
309.09,102.8
309.1,98.2
309.11,103.6
309.12,97.6
309.13,103
309.14,98.3
309.15,104.9
309.16,97.6
309.17,100.4
309.18,101.2
309.19,100.6
309.2,99.1
309.21,94.8
309.22,96.8
309.23,98.7
309.24,101.3
309.25,99.8
309.26,97.9
309.27,95.7
309.28,100.5
309.29,94.2
309.3,101.6
309.31,94.2
309.32,98.6
309.33,98.8
309.34,101
309.35,90.7
309.36,66.1
309.37,50.5
309.38,31.6
309.39,9.9
309.4,-0.4
309.41,-4.5
309.42,-9.6
309.43,-8.1
309.44,-10.5
309.45,-13.1
309.46,-21.1
309.47,-27.6
309.48,-28.8
309.49,-23.8
309.5,-19.2
309.51,-12.6
309.52,-15
309.53,-16.2
309.54,-14
309.55,-12.5
309.56,-8.4
309.57,-6.4
309.58,-5.1
309.59,-3.1
309.6,-6.9
309.61,-4
309.62,-2.4
309.63,3.5
309.64,0
309.65,0.4
309.66,2.7
309.67,1.4
309.68,4.5
309.69,2.1
309.7,2.9
309.71,4.4
309.72,2.4
309.73,3.4
309.74,2.6
309.75,1.7
309.76,3.7
309.77,2.9
309.78,5.3
309.79,7.3
309.8,6.4
309.81,6.8
309.82,4.4
309.83,3.2
309.84,3.5
309.85,3.8
309.86,3.6
309.87,3
309.88,2.7
309.89,2.4
309.9,-1
309.91,0.8
309.92,1.5
309.93,0.1
309.94,0.6
309.95,-0.5
309.96,-2.8
309.97,-3.2
309.98,-3
309.99,-5.8
310,-4
310.01,-2.6
310.02,-1.7
310.03,-0.5
310.04,-2.3
310.05,0.5
310.06,0.8
310.07,0.5
310.08,1.5
310.09,1.2
310.1,1.2
310.11,2.7
310.12,1.7
310.13,0.6
310.14,2.1
310.15,1
310.16,0.3
310.17,2.4
310.18,1.7
310.19,1.1
310.2,0.1
310.21,-1.2
310.22,0.6
310.23,0.9
310.24,-0.3
310.25,0.2
310.26,-0.5
310.27,-2
310.28,-0.6
310.29,0
310.3,-0.3
310.31,1.3
310.32,0.8
310.33,0
310.34,1.4
310.35,-0.6
310.36,1.4
310.37,0.5
310.38,1.8
310.39,1.8
310.4,1.6
310.41,0.4
310.42,0.7
310.43,2.6
310.44,2
310.45,2.7
310.46,3.4
310.47,3.5
310.48,6.5
310.49,8.8
310.5,9.1
310.51,9.9
310.52,11.3
310.53,10.8
310.54,11.9
310.55,10.8
310.56,11
310.57,16.6
310.58,17.9
310.59,17.1
310.6,15.7
310.61,14.1
310.62,16.1
310.63,16.1
310.64,13.4
310.65,16.3
310.66,18.7
310.67,20.1
310.68,21.2
310.69,24
310.7,23.6
310.71,30
310.72,35.5
310.73,41.8
310.74,43.4
310.75,45.9
310.76,43.1
310.77,45.5
310.78,48.5
310.79,43.7
310.8,39.5
310.81,37.8
310.82,33.3
310.83,33.2
310.84,32.6
310.85,27.7
310.86,26.4
310.87,25
310.88,20.6
310.89,19
310.9,19.2
310.91,17.9
310.92,17.2
310.93,17.9
310.94,15.1
310.95,13.4
310.96,14.3
310.97,12.8
310.98,14
310.99,15.6
311,12.7
311.01,15
311.02,15.4
311.03,13.3
311.04,15.8
311.05,16.9
311.06,15.6
311.07,21.3
311.08,23.1
311.09,21.1
311.1,23.3
311.11,23.5
311.12,20
311.13,25.8
311.14,27.1
311.15,25.9
311.16,33.3
311.17,35.4
311.18,35.9
311.19,45.3
311.2,51.6
311.21,59.1
311.22,75.9
311.23,82
311.24,86.3
311.25,83.1
311.26,83.6
311.27,84
311.28,89.1
311.29,87.4
311.3,88.1
311.31,84.7
311.32,85.1
311.33,89.6
311.34,93.4
311.35,99.4
311.36,101.4
311.37,95
311.38,93.8
311.39,99.9
311.4,93.5
311.41,95
311.42,102
311.43,106.6
311.44,106.9
311.45,114.1
311.46,130.2
311.47,130.8
311.48,130.8
311.49,142.9
311.5,144.2
311.51,137.4
311.52,141.7
311.53,130.8
311.54,136.2
311.55,137.8
311.56,139.1
311.57,135.1
311.58,137.5
311.59,133.6
311.6,132.9
311.61,129.3
311.62,130.3
311.63,127.4
311.64,130.6
311.65,126.9
311.66,125.2
311.67,122.6
311.68,122.6
311.69,119.8
311.7,126.1
311.71,123.6
311.72,119
311.73,123.4
311.74,122.4
311.75,117.6
311.76,122.2
311.77,123.7
311.78,118.1
311.79,115.5
311.8,107
311.81,93.5
311.82,71.2
311.83,61.1
311.84,46.7
311.85,27.1
311.86,17.5
311.87,11.5
311.88,0.6
311.89,-4.3
311.9,-10.7
311.91,-15.2
311.92,-16.1
311.93,-17.7
311.94,-21.4
311.95,-23.4
311.96,-32.3
311.97,-38.9
311.98,-27.4
311.99,-20.3
312,-21.7
312.01,-17
312.02,-15.9
312.03,-12.1
312.04,-9.8
312.05,-6.5
312.06,-7.7
312.07,-6.7
312.08,-6
312.09,-4.6
312.1,-3.1
312.11,-0.3
312.12,-1.2
312.13,0.5
312.14,0.3
312.15,0.5
312.16,0.7
312.17,3
312.18,2
312.19,2.5
312.2,3
312.21,2.4
312.22,2.5
312.23,2.4
312.24,2.4
312.25,2.6
312.26,9.3
312.27,11.3
312.28,8.7
312.29,6.3
312.3,5.1
312.31,3.7
312.32,4.1
312.33,3.9
312.34,3.4
312.35,2.3
312.36,1.8
312.37,2.4
312.38,-0.2
312.39,0.5
312.4,0.8
312.41,-1.4
312.42,-2.8
312.43,-2.9
312.44,-0.9
312.45,-1.4
312.46,-0.5
312.47,-0.2
312.48,-1.1
312.49,-0.7
312.5,1.5
312.51,0.5
312.52,0
312.53,0.5
312.54,1.9
312.55,0.7
312.56,-0.2
312.57,1.5
312.58,1
312.59,1.2
312.6,1.7
312.61,1.1
312.62,1.1
312.63,0.7
312.64,0.1
312.65,0.9
312.66,0.2
312.67,0
312.68,0.3
312.69,-0.3
312.7,1
312.71,-0.3
312.72,0.6
312.73,1.5
312.74,1.8
312.75,0.1
312.76,0.1
312.77,0.1
312.78,1.1
312.79,-1.3
312.8,-1.4
312.81,-0.9
312.82,-0.3
312.83,-0.1
312.84,-0.6
312.85,0.4
312.86,0.7
312.87,-0.6
312.88,0.2
312.89,1.1
312.9,2.5
312.91,3.3
312.92,5.7
312.93,7.2
312.94,7.2
312.95,7.5
312.96,6.5
312.97,8.3
312.98,8
312.99,5.5
313,7
313.01,7.6
313.02,7.4
313.03,9
313.04,10.7
313.05,12.9
313.06,15.8
313.07,12.8
313.08,11.1
313.09,11.5
313.1,11.4
313.11,14.8
313.12,21.8
313.13,27.2
313.14,38.5
313.15,45.6
313.16,55
313.17,59.2
313.18,62.9
313.19,63.5
313.2,76.4
313.21,76.7
313.22,84.6
313.23,92.6
313.24,89.5
313.25,90.6
313.26,95.3
313.27,94.6
313.28,92.8
313.29,90.6
313.3,89.5
313.31,81.4
313.32,81.4
313.33,76.4
313.34,82.6
313.35,83.2
313.36,85.5
313.37,86.4
313.38,89.4
313.39,86.4
313.4,94.4
313.41,103.1
313.42,113.4
313.43,120.4
313.44,135.2
313.45,133.5
313.46,139.8
313.47,139
313.48,140
313.49,143.3
313.5,149.1
313.51,140.6
313.52,135.6
313.53,134.8
313.54,121
313.55,124.4
313.56,128.4
313.57,132.3
313.58,126.2
313.59,129.3
313.6,126.4
313.61,129.2
313.62,126.3
313.63,124.1
313.64,129.9
313.65,129.2
313.66,121.6
313.67,123.9
313.68,124.6
313.69,128.8
313.7,127
313.71,126.1
313.72,125.9
313.73,124.4
313.74,129.1
313.75,128.9
313.76,126.6
313.77,127.7
313.78,118.8
313.79,126.9
313.8,118.7
313.81,127.6
313.82,121.4
313.83,127.5
313.84,119.9
313.85,127
313.86,125.5
313.87,126.1
313.88,126.6
313.89,128.4
313.9,126.9
313.91,129
313.92,122.1
313.93,120.8
313.94,126.2
313.95,129.7
313.96,124.1
313.97,123.2
313.98,127.7
313.99,125.3
314,127.7
314.01,130.5
314.02,131.5
314.03,129.4
314.04,129.2
314.05,131.7
314.06,131.2
314.07,121.1
314.08,123
314.09,119.6
314.1,118.7
314.11,128.4
314.12,122.7
314.13,120.6
314.14,127.6
314.15,124.8
314.16,118.6
314.17,122.6
314.18,128.7
314.19,117.9
314.2,127.4
314.21,127.4
314.22,126.6
314.23,127.7
314.24,126.8
314.25,127.5
314.26,128.8
314.27,127.6
314.28,119
314.29,126.7
314.3,127.4
314.31,122.2
314.32,119
314.33,126.3
314.34,126.8
314.35,130.3
314.36,123.3
314.37,126.8
314.38,123.7
314.39,127.4
314.4,123.9
314.41,119.3
314.42,125.7
314.43,124.1
314.44,122
314.45,121.4
314.46,122.3
314.47,126.8
314.48,120.5
314.49,129.8
314.5,125.4
314.51,121.9
314.52,126.4
314.53,118.3
314.54,126.1
314.55,125.6
314.56,124.1
314.57,126.2
314.58,127.5
314.59,122.6
314.6,123.1
314.61,118
314.62,121.3
314.63,125.7
314.64,121.3
314.65,126.4
314.66,128.6
314.67,126.8
314.68,118.5
314.69,123.4
314.7,122.2
314.71,121.8
314.72,125.8
314.73,117.9
314.74,123.5
314.75,128
314.76,125.8
314.77,118.5
314.78,127.7
314.79,119.5
314.8,116.3
314.81,118.7
314.82,126.7
314.83,123.3
314.84,118.7
314.85,113.4
314.86,118
314.87,121.8
314.88,122.6
314.89,117.9
314.9,113.9
314.91,121.7
314.92,119.4
314.93,114.1
314.94,117.6
314.95,115.3
314.96,113.4
314.97,117.2
314.98,116.7
314.99,116.7
315,118.9
315.01,121.9
315.02,115.1
315.03,119.2
315.04,114.7
315.05,114.3
315.06,115.1
315.07,110.4
315.08,118.3
315.09,115.7
315.1,107.8
315.11,112.8
315.12,109.2
315.13,118.6
315.14,107.8
315.15,107.6
315.16,112.3
315.17,114.4
315.18,110.4
315.19,107.1
315.2,115.3
315.21,105.1
315.22,106.4
315.23,111.6
315.24,111.8
315.25,110.4
315.26,108.2
315.27,107.4
315.28,107.4
315.29,106.1
315.3,110.5
315.31,107.8
315.32,110.1
315.33,110.9
315.34,104.8
315.35,108.6
315.36,109.1
315.37,112.7
315.38,102.4
315.39,111.5
315.4,111.5
315.41,106.9
315.42,108.1
315.43,104.6
315.44,104.6
315.45,106.7
315.46,110.2
315.47,105.6
315.48,109.4
315.49,107.9
315.5,103
315.51,104.1
315.52,105
315.53,105.9
315.54,106.1
315.55,102.9
315.56,107.1
315.57,105.7
315.58,108.4
315.59,109.4
315.6,104.6
315.61,105.6
315.62,110
315.63,108.3
315.64,105.1
315.65,99.4
315.66,100.3
315.67,101.5
315.68,107.7
315.69,104.8
315.7,102.7
315.71,102.9
315.72,100.2
315.73,102.6
315.74,105.7
315.75,101.5
315.76,101.6
315.77,104.3
315.78,99.9
315.79,103.5
315.8,103.5
315.81,105.6
315.82,101.5
315.83,104.3
315.84,98
315.85,105.6
315.86,99.2
315.87,95.9
315.88,102.3
315.89,96.3
315.9,104.1
315.91,93.7
315.92,102.5
315.93,98
315.94,104.9
315.95,99.4
315.96,96.5
315.97,98
315.98,92.8
315.99,99.6
316,98.6
316.01,95.3
316.02,97.4
316.03,93.4
316.04,93.7
316.05,95.2
316.06,99.5
316.07,96.7
316.08,95.7
316.09,95.5
316.1,100.5
316.11,100.3
316.12,97.5
316.13,101.2
316.14,90.4
316.15,88.6
316.16,81.2
316.17,79.5
316.18,78.9
316.19,78
316.2,77.2
316.21,75.7
316.22,72.4
316.23,72.4
316.24,75.8
316.25,75.8
316.26,65.7
316.27,62
316.28,47.6
316.29,38.3
316.3,33
316.31,33.5
316.32,34.3
316.33,35
316.34,34
316.35,30.1
316.36,28.8
316.37,25
316.38,22.4
316.39,23.2
316.4,21.4
316.41,20.6
316.42,20.7
316.43,14
316.44,11.5
316.45,6.7
316.46,4.8
316.47,-2.8
316.48,-5
316.49,-9.3
316.5,-11.5
316.51,-13.1
316.52,-15.9
316.53,-19.3
316.54,-19.4
316.55,-14
316.56,-9.4
316.57,-7.5
316.58,-9.1
316.59,-6.3
316.6,-5.2
316.61,-4.1
316.62,-0.5
316.63,0.4
316.64,1.7
316.65,1
316.66,3.3
316.67,2.4
316.68,2.7
316.69,4.6
316.7,2.6
316.71,4.2
316.72,2.2
316.73,3.8
316.74,2.7
316.75,2.5
316.76,2.7
316.77,1.1
316.78,3.3
316.79,7.4
316.8,7
316.81,5.5
316.82,3.3
316.83,4.8
316.84,4.1
316.85,1.7
316.86,-2.2
316.87,-6.1
316.88,-7.9
316.89,-4
316.9,-4.1
316.91,-3.3
316.92,-3.5
316.93,-3.7
316.94,-1
316.95,-2.3
316.96,0
316.97,0
316.98,0.2
316.99,0.5
317,-0.2
317.01,1
317.02,0.2
317.03,-0.4
317.04,1.6
317.05,3.6
317.06,7.9
317.07,12
317.08,14.1
317.09,16.4
317.1,22.4
317.11,27.1
317.12,31.2
317.13,48.3
317.14,59.7
317.15,68.3
317.16,62.4
317.17,60.6
317.18,58.3
317.19,55
317.2,57.1
317.21,49
317.22,47.5
317.23,48.8
317.24,46.8
317.25,49.5
317.26,47.8
317.27,46.6
317.28,41.2
317.29,39.4
317.3,40.2
317.31,35.1
317.32,37.5
317.33,37.7
317.34,42.6
317.35,46.9
317.36,47.8
317.37,49.2
317.38,49.9
317.39,51.4
317.4,54.6
317.41,54.5
317.42,58.8
317.43,56
317.44,61.8
317.45,62.2
317.46,66.8
317.47,71
317.48,68.1
317.49,68.7
317.5,66.9
317.51,60.5
317.52,56.8
317.53,50.8
317.54,47.5
317.55,44.4
317.56,44.9
317.57,48.1
317.58,53.9
317.59,56.8
317.6,55.8
317.61,56.2
317.62,53.3
317.63,51.1
317.64,52
317.65,47.4
317.66,47.1
317.67,44.8
317.68,43.6
317.69,47.1
317.7,47.9
317.71,48.9
317.72,43.8
317.73,40.4
317.74,37.1
317.75,33.6
317.76,40.9
317.77,41.8
317.78,45.9
317.79,53.5
317.8,54.2
317.81,58.3
317.82,53.8
317.83,53
317.84,47.1
317.85,41.5
317.86,39.3
317.87,34.5
317.88,29.9
317.89,23.7
317.9,18.2
317.91,17
317.92,16.1
317.93,16.1
317.94,17
317.95,19.1
317.96,22.5
317.97,24.4
317.98,28.4
317.99,32.4
318,41.9
318.01,49.5
318.02,54.8
318.03,68.7
318.04,69.6
318.05,75.8
318.06,84
318.07,83.6
318.08,80.9
318.09,72.8
318.1,70.3
318.11,62.4
318.12,63.9
318.13,64.7
318.14,63.4
318.15,64.8
318.16,61.9
318.17,62.2
318.18,61.6
318.19,57.6
318.2,56.7
318.21,52.8
318.22,56.2
318.23,54.7
318.24,56.5
318.25,56
318.26,49.4
318.27,46.8
318.28,40.7
318.29,38.1
318.3,31.5
318.31,25.1
318.32,21.4
318.33,21.1
318.34,26.3
318.35,31.2
318.36,45
318.37,50.5
318.38,54.2
318.39,63.8
318.4,61.3
318.41,68.6
318.42,68
318.43,70.2
318.44,70.9
318.45,72.1
318.46,74.9
318.47,67.9
318.48,67.2
318.49,65.6
318.5,65.4
318.51,67.1
318.52,67.7
318.53,73.9
318.54,85.8
318.55,97.3
318.56,98.8
318.57,96.9
318.58,99.9
318.59,98.9
318.6,96.4
318.61,94.9
318.62,92.1
318.63,94.3
318.64,94.2
318.65,91.4
318.66,89.2
318.67,84.6
318.68,83.4
318.69,89.8
318.7,91
318.71,90.1
318.72,91.5
318.73,87.3
318.74,90.9
318.75,89.4
318.76,96.5
318.77,93.3
318.78,86.6
318.79,87
318.8,90.1
318.81,85.6
318.82,82.4
318.83,79.7
318.84,69.6
318.85,70.8
318.86,68.3
318.87,74.9
318.88,80.8
318.89,80.8
318.9,76.8
318.91,73.2
318.92,73
318.93,61
318.94,59
318.95,56.5
318.96,57.3
318.97,57.8
318.98,58.7
318.99,58.5
319,56.2
319.01,55.5
319.02,57.6
319.03,57.3
319.04,59.5
319.05,57.2
319.06,55.1
319.07,44.3
319.08,34.5
319.09,24
319.1,12.4
319.11,-2
319.12,-13.7
319.13,-16.7
319.14,-21.1
319.15,-19.3
319.16,-22.6
319.17,-32.5
319.18,-33.3
319.19,-28.6
319.2,-19.5
319.21,-17.3
319.22,-17.6
319.23,-13.4
319.24,-12.8
319.25,-10.8
319.26,-9.8
319.27,-9.9
319.28,-6.2
319.29,-5.2
319.3,-1
319.31,-1.3
319.32,1.2
319.33,2.4
319.34,1.1
319.35,3.8
319.36,3.7
319.37,3.2
319.38,4.8
319.39,4.5
319.4,4
319.41,4
319.42,3.6
319.43,5.6
319.44,5.8
319.45,6.8
319.46,7.2
319.47,5
319.48,5.7
319.49,3.4
319.5,3.9
319.51,4.5
319.52,2.6
319.53,4
319.54,3.5
319.55,1.2
319.56,1.6
319.57,1.7
319.58,0.1
319.59,1.8
319.6,0.4
319.61,0.5
319.62,1.3
319.63,1
319.64,-2.8
319.65,-1.8
319.66,0.6
319.67,2.6
319.68,7.6
319.69,10.2
319.7,13.2
319.71,22.3
319.72,21.7
319.73,29
319.74,32.8
319.75,46.9
319.76,46.6
319.77,38.7
319.78,38.4
319.79,42.3
319.8,43.8
319.81,53.8
319.82,59.1
319.83,61.1
319.84,64.8
319.85,64.3
319.86,62.1
319.87,63.5
319.88,58.8
319.89,60.3
319.9,60.3
319.91,61.2
319.92,63.5
319.93,69.6
319.94,70.8
319.95,75.8
319.96,72.8
319.97,74.1
319.98,77.6
319.99,76.7
320,74.8
320.01,69.1
320.02,68.4
320.03,69.2
320.04,63.9
320.05,64.7
320.06,66.1
320.07,63.4
320.08,63.1
320.09,57.9
320.1,57
320.11,56.1
320.12,57.3
320.13,58.9
320.14,57.8
320.15,54.5
320.16,53.4
320.17,47.1
320.18,44.6
320.19,41.9
320.2,41.5
320.21,40.5
320.22,39.4
320.23,36.8
320.24,37.5
320.25,39.3
320.26,41.7
320.27,43.4
320.28,39.9
320.29,39
320.3,36.5
320.31,30.1
320.32,31.4
320.33,26
320.34,26.3
320.35,27.6
320.36,25.8
320.37,27.6
320.38,25.7
320.39,25.5
320.4,27.6
320.41,22.8
320.42,18.9
320.43,15
320.44,14.3
320.45,12.9
320.46,11.6
320.47,11.6
320.48,11.1
320.49,10.2
320.5,9.9
320.51,9.8
320.52,10.7
320.53,10.3
320.54,11.4
320.55,10.4
320.56,9.6
320.57,11.9
320.58,11.3
320.59,12.2
320.6,13.5
320.61,14.3
320.62,15.4
320.63,15.2
320.64,17.8
320.65,19.7
320.66,19.7
320.67,19.9
320.68,19.7
320.69,20.8
320.7,23.2
320.71,25.3
320.72,27
320.73,27.4
320.74,26.6
320.75,24.6
320.76,23.6
320.77,24.9
320.78,26.6
320.79,26
320.8,24.1
320.81,26.9
320.82,25.4
320.83,29
320.84,30.4
320.85,29.1
320.86,28.7
320.87,24.9
320.88,25.7
320.89,28.1
320.9,30.5
320.91,36.7
320.92,41
320.93,43.5
320.94,44.2
320.95,40.4
320.96,38
320.97,39.6
320.98,35.5
320.99,34.5
321,33.5
321.01,31.1
321.02,32.3
321.03,28
321.04,26.8
321.05,27.4
321.06,20.6
321.07,15.8
321.08,12.3
321.09,4.7
321.1,2.8
321.11,1.7
321.12,1.7
321.13,1.1
321.14,2.4
321.15,1.1
321.16,1.5
321.17,-0.9
321.18,-5.2
321.19,-11.3
321.2,-11.3
321.21,-9.9
321.22,-8.4
321.23,-7.9
321.24,-7.4
321.25,-5.6
321.26,-4.8
321.27,-5.4
321.28,-4.9
321.29,-3.1
321.3,-2.7
321.31,-0.6
321.32,-0.4
321.33,0.7
321.34,1.4
321.35,-0.6
321.36,1.4
321.37,2.2
321.38,0.6
321.39,2.7
321.4,2.6
321.41,2.3
321.42,3
321.43,2
321.44,2.3
321.45,2.7
321.46,2
321.47,1.4
321.48,2
321.49,1.6
321.5,1.1
321.51,2.2
321.52,1.9
321.53,2
321.54,2.1
321.55,3
321.56,0.7
321.57,1.8
321.58,1.9
321.59,0.7
321.6,2.1
321.61,2.4
321.62,1.7
321.63,1.8
321.64,0.9
321.65,1.6
321.66,2.2
321.67,2.6
321.68,1.1
321.69,0
321.7,-0.1
321.71,-2.2
321.72,-3.3
321.73,-2
321.74,2.6
321.75,2.1
321.76,3
321.77,3.7
321.78,3.6
321.79,4.9
321.8,7.3
321.81,6.8
321.82,7.3
321.83,6.4
321.84,7.2
321.85,5.9
321.86,6.8
321.87,5.7
321.88,6.4
321.89,6.2
321.9,5.8
321.91,5.2
321.92,5.3
321.93,4.8
321.94,2.1
321.95,2.9
321.96,4.3
321.97,4.4
321.98,5.7
321.99,10.4
322,13.5
322.01,16.4
322.02,19
322.03,18
322.04,15.9
322.05,17.5
322.06,19.1
322.07,21
322.08,28.2
322.09,27.6
322.1,25.5
322.11,23.8
322.12,22.8
322.13,23.8
322.14,26.7
322.15,27.7
322.16,28.5
322.17,30.2
322.18,28.6
322.19,29.9
322.2,33.1
322.21,33.3
322.22,33.6
322.23,31.7
322.24,30.3
322.25,26.2
322.26,20.2
322.27,17.1
322.28,13.9
322.29,10.6
322.3,12
322.31,10.2
322.32,7.1
322.33,6.1
322.34,5.6
322.35,-2.7
322.36,-4.6
322.37,-4.8
322.38,-7.1
322.39,-7.3
322.4,-6.2
322.41,-5.1
322.42,-6.5
322.43,-5.1
322.44,-9.1
322.45,-12.8
322.46,-13.1
322.47,-5.5
322.48,-0.5
322.49,5.5
322.5,9.2
322.51,16.6
322.52,19.8
322.53,23.9
322.54,30.7
322.55,40.5
322.56,51.5
322.57,49.5
322.58,50.5
322.59,55.4
322.6,61.2
322.61,73.7
322.62,82.1
322.63,82.7
322.64,82.9
322.65,86.4
322.66,84.4
322.67,90.5
322.68,95.6
322.69,97.6
322.7,91.8
322.71,94.5
322.72,96.5
322.73,101.2
322.74,106
322.75,107.5
322.76,107
322.77,117.1
322.78,116.5
322.79,119.9
322.8,120.3
322.81,123.4
322.82,122.9
322.83,123.3
322.84,127.7
322.85,129.8
322.86,130.4
322.87,132.7
322.88,134.4
322.89,135.2
322.9,133.2
322.91,129.4
322.92,127.2
322.93,136.5
322.94,138.2
322.95,136.5
322.96,135.1
322.97,131.8
322.98,132.3
322.99,127
323,124.4
323.01,130.5
323.02,130.7
323.03,121.9
323.04,128.3
323.05,120.4
323.06,118.6
323.07,125.1
323.08,125.6
323.09,121.1
323.1,128
323.11,121
323.12,117.3
323.13,121.6
323.14,125.3
323.15,126.6
323.16,125.1
323.17,127.5
323.18,122.5
323.19,127.6
323.2,118.7
323.21,123.2
323.22,121.3
323.23,122.4
323.24,130.1
323.25,130.3
323.26,126.3
323.27,118.6
323.28,126.4
323.29,124.3
323.3,118
323.31,131.7
323.32,120.5
323.33,129.8
323.34,127.8
323.35,118.9
323.36,118.1
323.37,120.5
323.38,117.3
323.39,125.6
323.4,123.4
323.41,127.6
323.42,122.9
323.43,122
323.44,131.1
323.45,126.6
323.46,124.1
323.47,118.3
323.48,127.8
323.49,127.3
323.5,127.8
323.51,116.6
323.52,110.3
323.53,115.7
323.54,110.6
323.55,115
323.56,110.1
323.57,112.8
323.58,113.2
323.59,119.9
323.6,123.2
323.61,113.9
323.62,118.5
323.63,113.4
323.64,114.9
323.65,108.9
323.66,105.8
323.67,108.4
323.68,116.7
323.69,118.4
323.7,112.7
323.71,107.1
323.72,101
323.73,91.2
323.74,89.5
323.75,90.5
323.76,73.9
323.77,66.6
323.78,60.8
323.79,50.4
323.8,41.8
323.81,29.4
323.82,11.8
323.83,5.7
323.84,2.2
323.85,0
323.86,0.6
323.87,2.9
323.88,5
323.89,6.4
323.9,9.2
323.91,6.1
323.92,8.6
323.93,14.8
323.94,15.9
323.95,19.1
323.96,19.5
323.97,28.9
323.98,33.6
323.99,49.6
324,65.5
324.01,62.4
324.02,56.8
324.03,48.6
324.04,44.9
324.05,39.7
324.06,32.9
324.07,31.9
324.08,29.8
324.09,22.4
324.1,21.1
324.11,17.4
324.12,15
324.13,13.4
324.14,12.8
324.15,12
324.16,8.8
324.17,9
324.18,9.8
324.19,10.2
324.2,11
324.21,11.7
324.22,15.6
324.23,16.6
324.24,14.9
324.25,13.4
324.26,13.1
324.27,12.9
324.28,12.8
324.29,12.8
324.3,15.7
324.31,17.1
324.32,20
324.33,24.2
324.34,30.8
324.35,35.8
324.36,38.8
324.37,44.8
324.38,48.5
324.39,48.6
324.4,54
324.41,51.7
324.42,54.5
324.43,51.3
324.44,53.1
324.45,55.5
324.46,51.2
324.47,51
324.48,47.8
324.49,43.8
324.5,46.1
324.51,40.9
324.52,41.6
324.53,42.4
324.54,42.3
324.55,45.4
324.56,42
324.57,40.5
324.58,39.9
324.59,42.5
324.6,46.8
324.61,48.3
324.62,47.9
324.63,41.9
324.64,40.4
324.65,39.2
324.66,35.6
324.67,38.7
324.68,39.7
324.69,40
324.7,43.3
324.71,41.8
324.72,45.9
324.73,45.4
324.74,42.3
324.75,45.8
324.76,44.2
324.77,45.5
324.78,48.1
324.79,47.1
324.8,49.3
324.81,43.6
324.82,46.2
324.83,42.9
324.84,43.7
324.85,46.8
324.86,44.1
324.87,43.7
324.88,40.9
324.89,41.2
324.9,42.4
324.91,42.7
324.92,46.8
324.93,47.2
324.94,45.9
324.95,47.8
324.96,45.9
324.97,46.2
324.98,44.4
324.99,45.1
325,46.6
325.01,46.2
325.02,50.5
325.03,49.2
325.04,51.4
325.05,50
325.06,51.2
325.07,53.7
325.08,57
325.09,62.2
325.1,64.9
325.11,63.3
325.12,61.4
325.13,61.5
325.14,63.7
325.15,63
325.16,63.2
325.17,58.7
325.18,58.2
325.19,57.7
325.2,59.6
325.21,58.2
325.22,58.4
325.23,58.6
325.24,57.1
325.25,57.9
325.26,59.4
325.27,58.4
325.28,58.2
325.29,56.1
325.3,57.9
325.31,56.9
325.32,55.9
325.33,57.2
325.34,55.4
325.35,56
325.36,57.2
325.37,55.9
325.38,60.1
325.39,59.8
325.4,57.7
325.41,56.3
325.42,53
325.43,56.5
325.44,54.3
325.45,56.7
325.46,54.1
325.47,46
325.48,38.1
325.49,27.3
325.5,16.8
325.51,10.8
325.52,4
325.53,1.3
325.54,-1
325.55,-1.7
325.56,-4.6
325.57,-10
325.58,-10.8
325.59,-22.2
325.6,-23.6
325.61,-26.2
325.62,-20.4
325.63,-14.6
325.64,-14.8
325.65,-11.5
325.66,-10.5
325.67,-9.2
325.68,-4.3
325.69,-4.6
325.7,-3.3
325.71,-2.2
325.72,-3.7
325.73,-0.5
325.74,0.7
325.75,0.8
325.76,3.7
325.77,1.3
325.78,3.4
325.79,3.8
325.8,2.6
325.81,4.2
325.82,2.5
325.83,3.7
325.84,8.9
325.85,11.2
325.86,10.8
325.87,8.3
325.88,6
325.89,6
325.9,7
325.91,5.1
325.92,5.6
325.93,7.1
325.94,6.7
325.95,3.8
325.96,2.6
325.97,1.4
325.98,2.3
325.99,1.7
326,3.2
326.01,1.8
326.02,5.4
326.03,10.7
326.04,8.1
326.05,3.8
326.06,2.8
326.07,3.9
326.08,4.4
326.09,2
326.1,3.2
326.11,1.7
326.12,0.8
326.13,2.5
326.14,5.6
326.15,8.7
326.16,6.2
326.17,4.3
326.18,4
326.19,4.5
326.2,3.3
326.21,3
326.22,7.1
326.23,10.6
326.24,7.6
326.25,6.2
326.26,4.6
326.27,5.6
326.28,4.5
326.29,3.8
326.3,3.6
326.31,1.2
326.32,0.7
326.33,-0.2
326.34,-1.5
326.35,-0.7
326.36,-1.2
326.37,-1.2
326.38,-1.7
326.39,-2.4
326.4,-1.6
326.41,-1.9
326.42,-2.4
326.43,-2.6
326.44,-2.5
326.45,-3
326.46,-3.1
326.47,-3.3
326.48,-6.9
326.49,-8.5
326.5,-7.8
326.51,-7.8
326.52,-9.3
326.53,-9.5
326.54,-9.5
326.55,-9.6
326.56,-5.2
326.57,-1.4
326.58,6.4
326.59,7.1
326.6,7.1
326.61,8.6
326.62,10.3
326.63,9.2
326.64,10.4
326.65,11.6
326.66,11.5
326.67,14.1
326.68,17.5
326.69,16.4
326.7,12.4
326.71,10.6
326.72,9.7
326.73,11
326.74,11.9
326.75,15.1
326.76,14.6
326.77,17.2
326.78,22.6
326.79,26.8
326.8,28.2
326.81,29.7
326.82,29.3
326.83,29.8
326.84,29.7
326.85,28.2
326.86,28.5
326.87,25.7
326.88,22.8
326.89,21.8
326.9,19
326.91,18.5
326.92,16.5
326.93,16.6
326.94,13.5
326.95,13.9
326.96,14
326.97,12.1
326.98,12.8
326.99,10.4
327,11.8
327.01,13.1
327.02,13.1
327.03,12.7
327.04,12.3
327.05,12.6
327.06,9.7
327.07,8.6
327.08,6.7
327.09,4.1
327.1,3.3
327.11,0
327.12,-3.1
327.13,-3.3
327.14,-3
327.15,-4.1
327.16,-3.7
327.17,-2.3
327.18,-1.7
327.19,1
327.2,1.8
327.21,3.8
327.22,5.9
327.23,9
327.24,20.7
327.25,23.7
327.26,24.1
327.27,32.5
327.28,43.3
327.29,60
327.3,56.9
327.31,48.9
327.32,48.6
327.33,50.8
327.34,53.3
327.35,58
327.36,53.5
327.37,45.6
327.38,38
327.39,35.2
327.4,40.3
327.41,41.1
327.42,41.9
327.43,37.5
327.44,34.5
327.45,35.7
327.46,35.9
327.47,39
327.48,41.4
327.49,41.4
327.5,37.5
327.51,40.4
327.52,41.4
327.53,43.6
327.54,47.6
327.55,45.6
327.56,40.4
327.57,36
327.58,34.6
327.59,36.3
327.6,33.8
327.61,32.6
327.62,31.3
327.63,29.9
327.64,31.7
327.65,30.6
327.66,30.3
327.67,32
327.68,32.5
327.69,30.7
327.7,30.5
327.71,31.4
327.72,32.3
327.73,33.6
327.74,33.9
327.75,34.2
327.76,34.3
327.77,34.4
327.78,29.1
327.79,27.3
327.8,25.2
327.81,25.3
327.82,24.8
327.83,22.5
327.84,16.2
327.85,14.7
327.86,9.5
327.87,4.1
327.88,-0.9
327.89,-2.5
327.9,-4.4
327.91,-7.6
327.92,-9.2
327.93,-10.2
327.94,-9.7
327.95,-8.4
327.96,-13.5
327.97,-16.9
327.98,-15.3
327.99,-13.4
328,-8.8
328.01,-9.1
328.02,-5.7
328.03,-4.5
328.04,-4.4
328.05,-3.4
328.06,-2.8
328.07,0
328.08,-0.3
328.09,0
328.1,1.5
328.11,1.6
328.12,1
328.13,1.7
328.14,1.9
328.15,2.4
328.16,1.6
328.17,1.9
328.18,1.5
328.19,2
328.2,1.7
328.21,2.2
328.22,3.8
328.23,0.8
328.24,1.2
328.25,2
328.26,2.5
328.27,2
328.28,1.8
328.29,2.3
328.3,1.3
328.31,2.7
328.32,3.3
328.33,4.8
328.34,9.8
328.35,21.6
328.36,26
328.37,37
328.38,57.4
328.39,64.2
328.4,73.2
328.41,86.5
328.42,88.7
328.43,90.5
328.44,102.5
328.45,100.7
328.46,108.9
328.47,103.4
328.48,93
328.49,99.6
328.5,97.4
328.51,96.5
328.52,101.2
328.53,94
328.54,99.3
328.55,100.5
328.56,111.6
328.57,120.4
328.58,116.5
328.59,129.4
328.6,126.8
328.61,140.4
328.62,142
328.63,136.7
328.64,138.5
328.65,130.2
328.66,119.6
328.67,121.1
328.68,126.9
328.69,140.4
328.7,129.8
328.71,130.9
328.72,127.8
328.73,125.9
328.74,131.1
328.75,127.3
328.76,124.3
328.77,119.2
328.78,129.6
328.79,132.8
328.8,130.7
328.81,122.3
328.82,118.3
328.83,119.9
328.84,118.6
328.85,117.6
328.86,129.9
328.87,128.5
328.88,127.2
328.89,124.7
328.9,118.1
328.91,121.2
328.92,120
328.93,124.3
328.94,123.5
328.95,127.3
328.96,119.6
328.97,118.8
328.98,125.4
328.99,115.3
329,126.9
329.01,124
329.02,125.2
329.03,126.3
329.04,129.8
329.05,132.8
329.06,128.9
329.07,125.1
329.08,112.1
329.09,114.8
329.1,124.6
329.11,126.2
329.12,115.3
329.13,117.5
329.14,109.7
329.15,111
329.16,105.5
329.17,112.9
329.18,107.8
329.19,108.9
329.2,114.9
329.21,114.4
329.22,116
329.23,108
329.24,109.2
329.25,100.7
329.26,97.6
329.27,82.8
329.28,71.9
329.29,66.7
329.3,66.3
329.31,69
329.32,71.1
329.33,69
329.34,67.4
329.35,67.7
329.36,68.4
329.37,72
329.38,77.7
329.39,76.2
329.4,68
329.41,66.1
329.42,66.2
329.43,66.9
329.44,72.6
329.45,69.5
329.46,54.3
329.47,50.5
329.48,47.4
329.49,42.1
329.5,39.4
329.51,38
329.52,37.6
329.53,35
329.54,38.8
329.55,45.7
329.56,51.4
329.57,57.6
329.58,65.9
329.59,69.9
329.6,72.1
329.61,73.2
329.62,68.7
329.63,70.4
329.64,77.6
329.65,81.6
329.66,78
329.67,66.8
329.68,60
329.69,63.9
329.7,63.9
329.71,72.3
329.72,73.8
329.73,69.2
329.74,67.4
329.75,70.3
329.76,71.9
329.77,72.6
329.78,77.4
329.79,75
329.8,68.4
329.81,68.7
329.82,72.8
329.83,75.7
329.84,78.8
329.85,76.6
329.86,73.7
329.87,74.7
329.88,78.2
329.89,81.6
329.9,86.3
329.91,84.5
329.92,75.1
329.93,73.5
329.94,81.1
329.95,83
329.96,77
329.97,80.9
329.98,79.7
329.99,76.2
330,85.1
330.01,90.5
330.02,92.7
330.03,99.3
330.04,103.9
330.05,100.1
330.06,107.2
330.07,101.4
330.08,93.8
330.09,85.6
330.1,83.6
330.11,79.1
330.12,74.8
330.13,68.9
330.14,69
330.15,69.7
330.16,74.7
330.17,81.3
330.18,79.3
330.19,82.8
330.2,82
330.21,81.8
330.22,85.7
330.23,78
330.24,70.3
330.25,71.8
330.26,65.9
330.27,65.1
330.28,63
330.29,57.4
330.3,52.8
330.31,55.3
330.32,51.1
330.33,55.5
330.34,62
330.35,60
330.36,58.3
330.37,53.6
330.38,50.8
330.39,47.9
330.4,46.3
330.41,41.2
330.42,33.1
330.43,31
330.44,26.1
330.45,20.2
330.46,20.3
330.47,19.4
330.48,19.4
330.49,22.8
330.5,23
330.51,25.8
330.52,29.5
330.53,32.9
330.54,34.4
330.55,36.8
330.56,35.6
330.57,31.1
330.58,29.6
330.59,26.8
330.6,18.3
330.61,16.7
330.62,14.9
330.63,11.9
330.64,14.4
330.65,15.7
330.66,14.8
330.67,16.5
330.68,16.7
330.69,16.4
330.7,17.3
330.71,18.5
330.72,18.3
330.73,18.5
330.74,20
330.75,19
330.76,18.7
330.77,20.3
330.78,21.7
330.79,21.9
330.8,22.8
330.81,22.2
330.82,20.4
330.83,22.4
330.84,20.3
330.85,20.9
330.86,19.4
330.87,15
330.88,12.6
330.89,10.6
330.9,9.2
330.91,6.7
330.92,6.5
330.93,6.3
330.94,5.5
330.95,6.4
330.96,6.7
330.97,8.3
330.98,6.9
330.99,9.7
331,10.4
331.01,11.7
331.02,10.8
331.03,12.5
331.04,13.1
331.05,10.1
331.06,11
331.07,11.1
331.08,9.9
331.09,10.8
331.1,13.2
331.11,13.4
331.12,15.2
331.13,13.9
331.14,20.2
331.15,25.5
331.16,33.5
331.17,47.5
331.18,57.2
331.19,64.9
331.2,70.6
331.21,77.2
331.22,80.2
331.23,77.6
331.24,83.2
331.25,81.1
331.26,75.2
331.27,71.3
331.28,70.7
331.29,66.1
331.3,67
331.31,65.6
331.32,68.3
331.33,65.6
331.34,65
331.35,66.1
331.36,72.2
331.37,73.2
331.38,78.9
331.39,75.8
331.4,77.5
331.41,77.8
331.42,73
331.43,76.3
331.44,76.3
331.45,81.7
331.46,86.2
331.47,79
331.48,74.4
331.49,70
331.5,69.5
331.51,74.2
331.52,66.5
331.53,69.8
331.54,65.9
331.55,63.7
331.56,58.1
331.57,55.2
331.58,47.2
331.59,37.7
331.6,34.5
331.61,32.5
331.62,32.1
331.63,36.3
331.64,39.7
331.65,40.4
331.66,43
331.67,44.7
331.68,46.6
331.69,47.5
331.7,45.1
331.71,45.6
331.72,44.8
331.73,47.7
331.74,53.5
331.75,51
331.76,43.6
331.77,36.1
331.78,35
331.79,27.8
331.8,20.1
331.81,19.7
331.82,17
331.83,15.8
331.84,21.4
331.85,21.3
331.86,25.1
331.87,30.4
331.88,34.3
331.89,38.3
331.9,40.9
331.91,41.3
331.92,38.5
331.93,38.9
331.94,36.1
331.95,30.4
331.96,29.6
331.97,26.2
331.98,22.6
331.99,22.9
332,20.6
332.01,18.2
332.02,17.6
332.03,20.2
332.04,21.4
332.05,24.2
332.06,27.6
332.07,28
332.08,29.4
332.09,31.8
332.1,28.9
332.11,29.3
332.12,30.5
332.13,31.2
332.14,32.7
332.15,33.1
332.16,30.4
332.17,31.9
332.18,32.8
332.19,36.9
332.2,39.1
332.21,39.6
332.22,37
332.23,39.4
332.24,42.9
332.25,49.2
332.26,51.1
332.27,51.4
332.28,52.8
332.29,57.4
332.3,57.1
332.31,64
332.32,65.5
332.33,58.9
332.34,52.8
332.35,52.8
332.36,46.5
332.37,38.4
332.38,38.3
332.39,36.3
332.4,40.3
332.41,47
332.42,49.4
332.43,57.4
332.44,60.4
332.45,58.7
332.46,59.9
332.47,60.5
332.48,58.2
332.49,60.4
332.5,57.8
332.51,55.6
332.52,51.3
332.53,49.4
332.54,48.5
332.55,49.5
332.56,49.9
332.57,50.5
332.58,50
332.59,47.7
332.6,48.7
332.61,51
332.62,52.1
332.63,49.7
332.64,56.1
332.65,51.6
332.66,47.8
332.67,47
332.68,46.9
332.69,50.7
332.7,59.4
332.71,55.8
332.72,53.4
332.73,51.1
332.74,48.2
332.75,37.6
332.76,29.6
332.77,24.6
332.78,22.9
332.79,23.3
332.8,24.1
332.81,26
332.82,28.6
332.83,26.4
332.84,29.2
332.85,28.7
332.86,26.5
332.87,26.9
332.88,27
332.89,26.6
332.9,27
332.91,29.6
332.92,29.9
332.93,29.9
332.94,25.5
332.95,19.3
332.96,17.9
332.97,15.8
332.98,14.9
332.99,16.2
333,17.5
333.01,17.9
333.02,18.5
333.03,17.9
333.04,16.9
333.05,18.9
333.06,17.9
333.07,18
333.08,18.8
333.09,19.2
333.1,18.8
333.11,19.4
333.12,19.5
333.13,19.7
333.14,21.7
333.15,23.2
333.16,20.1
333.17,19.8
333.18,18.4
333.19,19.6
333.2,22.5
333.21,24.2
333.22,25.3
333.23,26
333.24,24.6
333.25,25.6
333.26,24.8
333.27,27.9
333.28,25.7
333.29,27
333.3,22.9
333.31,25.4
333.32,29.3
333.33,29.7
333.34,30
333.35,30.9
333.36,26.8
333.37,26.8
333.38,28.4
333.39,28.2
333.4,34.1
333.41,37.3
333.42,41.3
333.43,42.4
333.44,48.8
333.45,50.9
333.46,54.6
333.47,52.1
333.48,48
333.49,48.4
333.5,48.6
333.51,49.5
333.52,48.6
333.53,50.7
333.54,46.4
333.55,47
333.56,47.1
333.57,47.4
333.58,51.1
333.59,48.7
333.6,45.2
333.61,46.8
333.62,43.6
333.63,39.6
333.64,41.5
333.65,40.2
333.66,39.7
333.67,38.7
333.68,39.8
333.69,39.4
333.7,43
333.71,44.5
333.72,44.6
333.73,47.8
333.74,44.3
333.75,39.1
333.76,35.6
333.77,32.7
333.78,30.2
333.79,30.8
333.8,31
333.81,31.8
333.82,34.8
333.83,33.7
333.84,35
333.85,37.2
333.86,38.4
333.87,41.7
333.88,46.5
333.89,45.8
333.9,47.6
333.91,45.6
333.92,44.5
333.93,44.6
333.94,47.3
333.95,46.9
333.96,46.3
333.97,44
333.98,41.5
333.99,45.4
334,46.1
334.01,44.8
334.02,43.5
334.03,39.2
334.04,40.1
334.05,42.4
334.06,43.6
334.07,47.4
334.08,43.5
334.09,42.7
334.1,45
334.11,46
334.12,45
334.13,44.7
334.14,46
334.15,43
334.16,47.8
334.17,49.5
334.18,54.7
334.19,54.2
334.2,53.7
334.21,58.8
334.22,58.1
334.23,55
334.24,55.2
334.25,56.8
334.26,56.1
334.27,58.9
334.28,58
334.29,59
334.3,57
334.31,56.7
334.32,61.8
334.33,65.4
334.34,71
334.35,79.9
334.36,78
334.37,79.6
334.38,78.4
334.39,74.9
334.4,66.9
334.41,62.1
334.42,63.8
334.43,62.1
334.44,61
334.45,61.3
334.46,60.2
334.47,60
334.48,58.2
334.49,58.8
334.5,61.3
334.51,59.6
334.52,58
334.53,58.8
334.54,57.8
334.55,61.4
334.56,68
334.57,68.9
334.58,68.9
334.59,69.3
334.6,71.3
334.61,73.9
334.62,75.8
334.63,79.6
334.64,84.4
334.65,83.2
334.66,89.4
334.67,93.7
334.68,107.7
334.69,124.4
334.7,124.3
334.71,141.1
334.72,147.4
334.73,141
334.74,145.7
334.75,135.9
334.76,141.3
334.77,144.9
334.78,137.5
334.79,147
334.8,136.3
334.81,130.7
334.82,131.7
334.83,122.4
334.84,126.5
334.85,131.5
334.86,132.7
334.87,124.5
334.88,125.8
334.89,120.8
334.9,114.4
334.91,117.2
334.92,118.4
334.93,120.7
334.94,116.8
334.95,110.4
334.96,116.6
334.97,113.9
334.98,110.3
334.99,118.1
335,113.6
335.01,111.9
335.02,108.8
335.03,106.3
335.04,104.7
335.05,112.2
335.06,110.4
335.07,113.9
335.08,107.9
335.09,109.3
335.1,112.6
335.11,117.5
335.12,115.1
335.13,109.1
335.14,97.8
335.15,105.5
335.16,112.3
335.17,111
335.18,114.2
335.19,100.8
335.2,109.6
335.21,115
335.22,113
335.23,111.8
335.24,112.2
335.25,110.5
335.26,106.2
335.27,107
335.28,109.7
335.29,114.1
335.3,107
335.31,102.7
335.32,109.7
335.33,109.9
335.34,109.8
335.35,110.4
335.36,109.7
335.37,104.2
335.38,103.2
335.39,103.9
335.4,104.5
335.41,103.3
335.42,107.2
335.43,103.2
335.44,105
335.45,102.9
335.46,101.1
335.47,106.5
335.48,101.2
335.49,103
335.5,107.7
335.51,101.4
335.52,109.6
335.53,100
335.54,107.8
335.55,107.2
335.56,109.2
335.57,103.5
335.58,100.8
335.59,106.8
335.6,105.9
335.61,108.8
335.62,102.5
335.63,106.7
335.64,103.5
335.65,102.6
335.66,106.3
335.67,103.8
335.68,101.7
335.69,99
335.7,99.6
335.71,96.3
335.72,106.6
335.73,103.2
335.74,101.3
335.75,97.9
335.76,104
335.77,96.1
335.78,102.3
335.79,98.9
335.8,101.7
335.81,96.8
335.82,96.3
335.83,97.7
335.84,99.7
335.85,98.5
335.86,98.2
335.87,88.9
335.88,72.3
335.89,58
335.9,44.3
335.91,29.3
335.92,17.6
335.93,14.3
335.94,7.6
335.95,1.5
335.96,0
335.97,-1.5
335.98,-2.2
335.99,-4.3
336,-3.4
336.01,-7.7
336.02,-6.7
336.03,-12.7
336.04,-14.6
336.05,-16.8
336.06,-16.7
336.07,-12.9
336.08,-11.9
336.09,-7.8
336.1,-10.1
336.11,-8
336.12,-7.7
336.13,-5
336.14,-4.3
336.15,-4.1
336.16,-0.8
336.17,-1.3
336.18,1
336.19,-1.1
336.2,-1.5
336.21,1.4
336.22,-0.3
336.23,3.7
336.24,1.8
336.25,1.6
336.26,2.9
336.27,1.2
336.28,3.4
336.29,1.5
336.3,2.8
336.31,5.2
336.32,8.3
336.33,10
336.34,8.9
336.35,8.1
336.36,7.1
336.37,4.1
336.38,5.7
336.39,4.7
336.4,3.8
336.41,3.4
336.42,2.9
336.43,2
336.44,2.7
336.45,2.7
336.46,1.5
336.47,2.3
336.48,1
336.49,1.1
336.5,2.4
336.51,0.6
336.52,0.6
336.53,1.3
336.54,0.3
336.55,0
336.56,1.4
336.57,1.1
336.58,0.3
336.59,0
336.6,0.1
336.61,1.2
336.62,-0.1
336.63,0.4
336.64,0.3
336.65,2.2
336.66,6
336.67,6.1
336.68,4.3
336.69,2.8
336.7,1.8
336.71,2.4
336.72,3.4
336.73,3.4
336.74,2.8
336.75,1.8
336.76,4.3
336.77,9.5
336.78,15.1
336.79,8.8
336.8,5.9
336.81,6.2
336.82,6.6
336.83,5.8
336.84,3.7
336.85,3.4
336.86,2.6
336.87,1.4
336.88,1.2
336.89,-0.2
336.9,0
336.91,1.5
336.92,4.6
336.93,8.2
336.94,6.6
336.95,4.6
336.96,5
336.97,4.1
336.98,4.3
336.99,3.6
337,2.9
337.01,2.3
337.02,2.1
337.03,0.8
337.04,2.5
337.05,2.4
337.06,2.9
337.07,2.7
337.08,2.8
337.09,2.3
337.1,2.2
337.11,2.3
337.12,1.7
337.13,0
337.14,0.8
337.15,0.2
337.16,-0.7
337.17,-4.5
337.18,-8.9
337.19,-8.4
337.2,-8.5
337.21,-7.9
337.22,-7.7
337.23,-7.8
337.24,-8.2
337.25,-6.6
337.26,-5.7
337.27,-4.6
337.28,-3.8
337.29,-3.9
337.3,-3.8
337.31,-3.6
337.32,-3.6
337.33,-3.5
337.34,-3.3
337.35,-2.1
337.36,-1.6
337.37,-1.1
337.38,0.9
337.39,4.2
337.4,7.2
337.41,17.3
337.42,22.7
337.43,25.5
337.44,35.3
337.45,38.4
337.46,51.1
337.47,70.5
337.48,73.8
337.49,65.9
337.5,64.2
337.51,65.5
337.52,74.5
337.53,72.2
337.54,69.5
337.55,57.9
337.56,43.6
337.57,35.5
337.58,32.3
337.59,25.2
337.6,21.4
337.61,19.4
337.62,21.6
337.63,21.4
337.64,28.1
337.65,36.8
337.66,40.2
337.67,48.8
337.68,53.6
337.69,56.6
337.7,62.1
337.71,69.8
337.72,73.1
337.73,72.6
337.74,67.5
337.75,65.1
337.76,63.6
337.77,55.1
337.78,50.3
337.79,46.4
337.8,46.2
337.81,47.1
337.82,50.6
337.83,55.4
337.84,62.4
337.85,71.6
337.86,79.9
337.87,90.3
337.88,97
337.89,97.8
337.9,94.2
337.91,87.4
337.92,92.4
337.93,90.7
337.94,88.5
337.95,74.5
337.96,70.7
337.97,61.7
337.98,65.8
337.99,69.5
338,68.2
338.01,76.5
338.02,77
338.03,81.6
338.04,93.2
338.05,90.8
338.06,96
338.07,100.3
338.08,96
338.09,91.2
338.1,93.7
338.11,97.2
338.12,97.5
338.13,97
338.14,85.9
338.15,86.3
338.16,93.8
338.17,102.3
338.18,95.8
338.19,105.7
338.2,110.7
338.21,113.8
338.22,116
338.23,125.4
338.24,124
338.25,122.2
338.26,121.3
338.27,129.2
338.28,129.8
338.29,136.8
338.3,130.2
338.31,131
338.32,131.6
338.33,131.1
338.34,123.2
338.35,124.2
338.36,136.6
338.37,129.9
338.38,131
338.39,131.7
338.4,130.9
338.41,124.6
338.42,134.2
338.43,128.8
338.44,128
338.45,124.5
338.46,131.4
338.47,127.2
338.48,125.6
338.49,121
338.5,123.8
338.51,123.4
338.52,126.4
338.53,122.8
338.54,126.6
338.55,125.9
338.56,127.8
338.57,118.1
338.58,122.3
338.59,126.8
338.6,123.5
338.61,130.8
338.62,118.3
338.63,125.6
338.64,129.5
338.65,116.6
338.66,125.7
338.67,125.6
338.68,121.1
338.69,131.1
338.7,129.8
338.71,122.6
338.72,119.7
338.73,126.8
338.74,128
338.75,123
338.76,125
338.77,128.7
338.78,117.2
338.79,128.1
338.8,128.5
338.81,127.8
338.82,119.1
338.83,122.8
338.84,128.1
338.85,122.6
338.86,122.3
338.87,123.6
338.88,121.9
338.89,124.6
338.9,126.5
338.91,127
338.92,127.6
338.93,119.1
338.94,124.8
338.95,127
338.96,121
338.97,125.7
338.98,120.3
338.99,117.8
339,118.7
339.01,117.9
339.02,117.4
339.03,123.6
339.04,127.2
339.05,127.4
339.06,126.9
339.07,127.8
339.08,119.5
339.09,131.3
339.1,131.1
339.11,127.9
339.12,119.8
339.13,125.5
339.14,117
339.15,128
339.16,125
339.17,122.4
339.18,118.5
339.19,127.5
339.2,124.4
339.21,117.9
339.22,127.2
339.23,121.9
339.24,122.6
339.25,123.5
339.26,127.9
339.27,117.9
339.28,115.5
339.29,124
339.3,115.4
339.31,120
339.32,130
339.33,122.8
339.34,121.5
339.35,127.7
339.36,116.8
339.37,117.3
339.38,124.5
339.39,129.1
339.4,126.9
339.41,130.1
339.42,120.2
339.43,126
339.44,125.8
339.45,121.9
339.46,119.7
339.47,130.9
339.48,127.7
339.49,128
339.5,117.3
339.51,123.8
339.52,125.2
339.53,128
339.54,128.8
339.55,128.8
339.56,125.3
339.57,125.6
339.58,114.2
339.59,116.7
339.6,126.6
339.61,122.1
339.62,129.5
339.63,128.5
339.64,125.3
339.65,117.7
339.66,123.9
339.67,126.7
339.68,120.8
339.69,121.8
339.7,127.9
339.71,119.9
339.72,117.1
339.73,126.8
339.74,128.1
339.75,123.8
339.76,125.5
339.77,126.8
339.78,123.8
339.79,129
339.8,118
339.81,124.5
339.82,129.4
339.83,123.1
339.84,122.1
339.85,122.8
339.86,120.1
339.87,129.3
339.88,125.4
339.89,122.3
339.9,120.3
339.91,124
339.92,123.9
339.93,119.1
339.94,123.2
339.95,123.6
339.96,116.6
339.97,116
339.98,114.7
339.99,117.3
340,120.4
340.01,120.6
340.02,111.4
340.03,115.2
340.04,117.3
340.05,113.3
340.06,119.4
340.07,119.3
340.08,118.5
340.09,114.3
340.1,119.7
340.11,119.3
340.12,123
340.13,120.7
340.14,113.9
340.15,111.9
340.16,108.2
340.17,116.1
340.18,117.6
340.19,120.8
340.2,112.6
340.21,117.4
340.22,116.1
340.23,111.1
340.24,118.4
340.25,116.3
340.26,115.8
340.27,113.9
340.28,110.6
340.29,111
340.3,115
340.31,110.5
340.32,107.1
340.33,113.6
340.34,110.1
340.35,114.2
340.36,118.8
340.37,113.3
340.38,109.2
340.39,105.8
340.4,112.4
340.41,109.3
340.42,109.1
340.43,112.2
340.44,105.1
340.45,105.5
340.46,108.7
340.47,114.1
340.48,107.7
340.49,109.6
340.5,104.8
340.51,108.2
340.52,110.2
340.53,106.7
340.54,113.6
340.55,108.8
340.56,100.5
340.57,104.1
340.58,111.4
340.59,111.2
340.6,109.2
340.61,107
340.62,103.6
340.63,110.3
340.64,111.6
340.65,107.2
340.66,109.5
340.67,103.1
340.68,109.4
340.69,102.1
340.7,105.9
340.71,103.7
340.72,110.2
340.73,102.6
340.74,98.1
340.75,100.6
340.76,105.4
340.77,105.9
340.78,99.3
340.79,101.7
340.8,104.9
340.81,106.7
340.82,104.8
340.83,107.2
340.84,106.7
340.85,104.3
340.86,100
340.87,101.5
340.88,107.3
340.89,102.7
340.9,100.7
340.91,104.1
340.92,108.5
340.93,104.8
340.94,100.4
340.95,99.1
340.96,105.1
340.97,102.6
340.98,105.4
340.99,105.4
341,99.4
341.01,98.8
341.02,99.6
341.03,98.4
341.04,96.3
341.05,99.3
341.06,97.6
341.07,100.3
341.08,99.2
341.09,100.6
341.1,98.6
341.11,101.3
341.12,102.6
341.13,97.5
341.14,102.3
341.15,97.6
341.16,99.7
341.17,94.6
341.18,99.1
341.19,96.7
341.2,103.4
341.21,100.3
341.22,98.2
341.23,98.1
341.24,97.9
341.25,97.4
341.26,98.5
341.27,98.8
341.28,98.9
341.29,99.1
341.3,101.5
341.31,95.6
341.32,98.9
341.33,91
341.34,92.2
341.35,89.5
341.36,80.8
341.37,73.4
341.38,66.4
341.39,58.5
341.4,36.6
341.41,28.6
341.42,15
341.43,2.6
341.44,-3.4
341.45,-5.3
341.46,-7.7
341.47,-5.8
341.48,-4.6
341.49,-7.8
341.5,-7.5
341.51,-15
341.52,-19.5
341.53,-20.4
341.54,-17.3
341.55,-15.5
341.56,-10.4
341.57,-12
341.58,-13.6
341.59,-10.4
341.6,-9.6
341.61,-5
341.62,-5.6
341.63,-3.5
341.64,-1.7
341.65,-0.2
341.66,2.5
341.67,0.8
341.68,2.9
341.69,2.4
341.7,1.7
341.71,3.9
341.72,1.6
341.73,2
341.74,2.3
341.75,1.5
341.76,1.7
341.77,0.9
341.78,1.3
341.79,1.1
341.8,0.2
341.81,3.3
341.82,0
341.83,1.9
341.84,1.4
341.85,0.8
341.86,3.4
341.87,1.7
341.88,1.3
341.89,2.6
341.9,0.5
341.91,2.7
341.92,0.8
341.93,0.5
341.94,1.4
341.95,0.7
341.96,1.4
341.97,2.2
341.98,1.7
341.99,2.6
342,1.7
342.01,0.7
342.02,2.5
342.03,1.6
342.04,0.5
342.05,3
342.06,0.5
342.07,1
342.08,1.9
342.09,-0.3
342.1,1.3
342.11,2.1
342.12,-0.6
342.13,-1.5
342.14,-1.5
342.15,-4.1
342.16,-1.7
342.17,-1.3
342.18,-1.8
342.19,-0.6
342.2,-1.5
342.21,0
342.22,0.9
342.23,0
342.24,0.2
342.25,1.5
342.26,0.5
342.27,1.1
342.28,2.6
342.29,2.7
342.3,2.7
342.31,4.8
342.32,4.2
342.33,6.4
342.34,7.5
342.35,6.2
342.36,10.4
342.37,10.1
342.38,12.8
342.39,18.6
342.4,19.8
342.41,22.9
342.42,33.6
342.43,34.3
342.44,30.4
342.45,26.7
342.46,26.4
342.47,29.7
342.48,28.4
342.49,27.1
342.5,29.7
342.51,26.9
342.52,28.9
342.53,31.6
342.54,29
342.55,33.5
342.56,33.2
342.57,33.1
342.58,34
342.59,34.4
342.6,32.9
342.61,31
342.62,29.3
342.63,30.4
342.64,32.2
342.65,34
342.66,34.7
342.67,37.1
342.68,35.4
342.69,31.8
342.7,30.9
342.71,29.7
342.72,32.1
342.73,33.4
342.74,34.2
342.75,38.2
342.76,36.8
342.77,38.4
342.78,37.7
342.79,40.9
342.8,42.2
342.81,46.8
342.82,47.3
342.83,49.5
342.84,50.1
342.85,45.2
342.86,46.1
342.87,50.7
342.88,48.8
342.89,51.7
342.9,52.4
342.91,49.5
342.92,48.1
342.93,49.6
342.94,47.9
342.95,54
342.96,52.8
342.97,46.1
342.98,45
342.99,39.2
343,39.2
343.01,42.2
343.02,41.1
343.03,42.5
343.04,43.1
343.05,41.5
343.06,44.6
343.07,47.9
343.08,49.5
343.09,51.3
343.1,49.2
343.11,45.2
343.12,48
343.13,52.2
343.14,51.3
343.15,51.9
343.16,51.4
343.17,48.3
343.18,51.8
343.19,48
343.2,50.7
343.21,58
343.22,58.6
343.23,69
343.24,73.6
343.25,78
343.26,87.6
343.27,96.9
343.28,100.8
343.29,97.9
343.3,92.2
343.31,89.5
343.32,88.2
343.33,91.4
343.34,99.5
343.35,103.8
343.36,105.1
343.37,107.1
343.38,112
343.39,115.1
343.4,112.2
343.41,107.8
343.42,118
343.43,112.8
343.44,109.8
343.45,109.3
343.46,116.1
343.47,120.4
343.48,121.4
343.49,122.8
343.5,124.7
343.51,130.7
343.52,134.2
343.53,132.9
343.54,134.4
343.55,133
343.56,132.7
343.57,132
343.58,133.9
343.59,125.1
343.6,124.8
343.61,122.7
343.62,125.6
343.63,129.7
343.64,124.2
343.65,123.3
343.66,130
343.67,117.2
343.68,124
343.69,113.6
343.7,114.1
343.71,120.9
343.72,114.1
343.73,116.7
343.74,116.7
343.75,118.4
343.76,117.4
343.77,109.6
343.78,119.4
343.79,116.8
343.8,115.5
343.81,118
343.82,104.2
343.83,87
343.84,71.9
343.85,57.7
343.86,30.7
343.87,11.2
343.88,-3.1
343.89,-20.7
343.9,-25.1
343.91,-25.1
343.92,-36.3
343.93,-44.6
343.94,-49.3
343.95,-38.6
343.96,-28.6
343.97,-29.3
343.98,-30.4
343.99,-24.6
344,-20.8
344.01,-16.2
344.02,-9
344.03,-5
344.04,-2.6
344.05,-1.2
344.06,1
344.07,3.3
344.08,3.7
344.09,4.3
344.1,5.3
344.11,5.6
344.12,4.7
344.13,4.8
344.14,4.6
344.15,4.2
344.16,1.7
344.17,3.2
344.18,3.7
344.19,3.5
344.2,5.1
344.21,8.8
344.22,8.5
344.23,6.8
344.24,5.2
344.25,5.1
344.26,5
344.27,6.7
344.28,11.7
344.29,9.5
344.3,7.1
344.31,6.5
344.32,6
344.33,6.3
344.34,5.7
344.35,4.1
344.36,4.8
344.37,2.4
344.38,2.5
344.39,1.8
344.4,0.6
344.41,0.3
344.42,1.4
344.43,-0.5
344.44,-0.9
344.45,-1.1
344.46,0.3
344.47,-0.7
344.48,-1.4
344.49,-0.1
344.5,-0.4
344.51,-0.4
344.52,0.2
344.53,0.3
344.54,-0.2
344.55,1
344.56,-0.3
344.57,0.3
344.58,0
344.59,0
344.6,0.8
344.61,1.5
344.62,0.1
344.63,-0.8
344.64,-2.1
344.65,-4.1
344.66,-5.6
344.67,-8.7
344.68,-8.4
344.69,-8.3
344.7,-10.9
344.71,-10.4
344.72,-10.4
344.73,-8.1
344.74,-5.4
344.75,-3.2
344.76,5.7
344.77,8.3
344.78,16.7
344.79,18.8
344.8,21.7
344.81,21.1
344.82,23.8
344.83,26.4
344.84,41.8
344.85,51.8
344.86,47.8
344.87,43.8
344.88,45.1
344.89,45.2
344.9,42.8
344.91,45.9
344.92,48.8
344.93,49.6
344.94,50.4
344.95,50.3
344.96,49
344.97,44
344.98,43
344.99,48.3
345,49.5
345.01,48.4
345.02,49.1
345.03,49.6
345.04,50.1
345.05,48.6
345.06,42.9
345.07,39
345.08,36.7
345.09,38.3
345.1,39.1
345.11,41.2
345.12,39.2
345.13,34.1
345.14,26
345.15,17.9
345.16,16.4
345.17,13.6
345.18,8.7
345.19,5.7
345.2,2.5
345.21,-3.4
345.22,-5.2
345.23,-12.2
345.24,-13.4
345.25,-13.4
345.26,-11.8
345.27,-13.8
345.28,-19.4
345.29,-22.5
345.3,-18
345.31,-12.7
345.32,-7.4
345.33,-6.5
345.34,-4.8
345.35,-2
345.36,-4.4
345.37,-0.6
345.38,2.5
345.39,5.4
345.4,9.7
345.41,16.5
345.42,24.9
345.43,29.6
345.44,36.2
345.45,39.7
345.46,44.5
345.47,66.3
345.48,76.2
345.49,69.5
345.5,72.2
345.51,84.4
345.52,88.9
345.53,109.6
345.54,120.6
345.55,110.8
345.56,103.4
345.57,99.3
345.58,99.4
345.59,105.3
345.6,116.9
345.61,113.6
345.62,112.9
345.63,112.6
345.64,132.8
345.65,138.6
345.66,147
345.67,144
345.68,139.5
345.69,138.3
345.7,147
345.71,152.9
345.72,140
345.73,143.5
345.74,141
345.75,139.4
345.76,128.3
345.77,135.7
345.78,133.4
345.79,124.9
345.8,129.5
345.81,121.6
345.82,127.7
345.83,129.4
345.84,124.2
345.85,118.6
345.86,116.5
345.87,123.8
345.88,127.4
345.89,128.3
345.9,123.8
345.91,127.4
345.92,129.9
345.93,123.9
345.94,121.3
345.95,127.9
345.96,116.1
345.97,125.1
345.98,126.4
345.99,126.5
346,127.4
346.01,130.1
346.02,125.1
346.03,117.7
346.04,121.8
346.05,121.1
346.06,128.8
346.07,121.7
346.08,119.2
346.09,130.6
346.1,129.6
346.11,126.4
346.12,120.8
346.13,124.8
346.14,125.2
346.15,128
346.16,129.4
346.17,119.8
346.18,125.8
346.19,129.1
346.2,127
346.21,122.2
346.22,115.6
346.23,125.8
346.24,120.3
346.25,130.4
346.26,125.3
346.27,124.7
346.28,121.3
346.29,120.3
346.3,125.4
346.31,124.5
346.32,120.3
346.33,125.5
346.34,120.2
346.35,129.6
346.36,117.7
346.37,120.2
346.38,124.6
346.39,121
346.4,119.4
346.41,130.6
346.42,130.7
346.43,130.4
346.44,118.4
346.45,117.9
346.46,125.1
346.47,115.5
346.48,118.5
346.49,122.2
346.5,120.3
346.51,129
346.52,122.3
346.53,117.6
346.54,117.3
346.55,128.4
346.56,122.7
346.57,131.7
346.58,130.6
346.59,118.8
346.6,123.4
346.61,122.1
346.62,124.5
346.63,126.7
346.64,123.2
346.65,130.6
346.66,123.3
346.67,127.1
346.68,117.6
346.69,116.9
346.7,118.3
346.71,128.7
346.72,130.5
346.73,127
346.74,127.8
346.75,118.9
346.76,119.5
346.77,120.5
346.78,127.3
346.79,119.4
346.8,125.2
346.81,123.6
346.82,123.5
346.83,119.9
346.84,120.7
346.85,129.9
346.86,124.3
346.87,126
346.88,123.2
346.89,117.7
346.9,118.7
346.91,120.2
346.92,120.3
346.93,126.8
346.94,129.5
346.95,125.2
346.96,120.4
346.97,127.3
346.98,129
346.99,125.7
347,121.7
347.01,118.3
347.02,125
347.03,119.7
347.04,124.6
347.05,128.2
347.06,125.2
347.07,123.5
347.08,118.9
347.09,116
347.1,124.2
347.11,126.4
347.12,126
347.13,122.5
347.14,121.6
347.15,123.3
347.16,122.8
347.17,118.8
347.18,124.2
347.19,113.8
347.2,120.6
347.21,113.6
347.22,112.5
347.23,116.2
347.24,113.6
347.25,120.3
347.26,112
347.27,117.3
347.28,115.6
347.29,111.7
347.3,118.2
347.31,111.2
347.32,110.9
347.33,115.7
347.34,116.6
347.35,113.8
347.36,112.5
347.37,116.3
347.38,114.6
347.39,117.3
347.4,118.5
347.41,109.4
347.42,119.6
347.43,115.9
347.44,107.8
347.45,113.8
347.46,105.3
347.47,111.5
347.48,114.5
347.49,114.5
347.5,108.7
347.51,112.2
347.52,113.8
347.53,115.2
347.54,110.1
347.55,103.5
347.56,112.9
347.57,105.9
347.58,106.6
347.59,110.3
347.6,106.9
347.61,106.3
347.62,104.9
347.63,114.8
347.64,104.5
347.65,110.1
347.66,109.3
347.67,103.4
347.68,109.2
347.69,100
347.7,113.4
347.71,105.6
347.72,109.3
347.73,106.1
347.74,104.7
347.75,106.9
347.76,102.5
347.77,104.7
347.78,103.5
347.79,99.2
347.8,105.7
347.81,111.9
347.82,106.3
347.83,106
347.84,104.9
347.85,107.3
347.86,105
347.87,107.3
347.88,102.6
347.89,106.2
347.9,102.1
347.91,104.4
347.92,104.7
347.93,106.7
347.94,108.7
347.95,106.9
347.96,99.2
347.97,104.5
347.98,108.1
347.99,104.2
348,101.3
348.01,97.2
348.02,101
348.03,101.3
348.04,102.3
348.05,104.4
348.06,102.1
348.07,99
348.08,102
348.09,100.9
348.1,104.8
348.11,98.2
348.12,103.4
348.13,98.8
348.14,102.8
348.15,98.3
348.16,103.1
348.17,103.5
348.18,103
348.19,98.9
348.2,102.7
348.21,95.6
348.22,98.1
348.23,100.7
348.24,99.8
348.25,104.2
348.26,98.8
348.27,99.2
348.28,86.6
348.29,84.7
348.3,75
348.31,66.8
348.32,54.6
348.33,41.4
348.34,33.9
348.35,25.4
348.36,14.8
348.37,10.9
348.38,7.7
348.39,3.6
348.4,5
348.41,3
348.42,4.5
348.43,5.9
348.44,4.2
348.45,4.9
348.46,4.5
348.47,2.7
348.48,0.9
348.49,2.7
348.5,2.3
348.51,7.6
348.52,9
348.53,10.2
348.54,10.9
348.55,11.3
348.56,12.4
348.57,14.8
348.58,20.1
348.59,25.8
348.6,25.3
348.61,21.2
348.62,17
348.63,12.2
348.64,11.1
348.65,6.9
348.66,6.5
348.67,3.4
348.68,2.6
348.69,1.4
348.7,0
348.71,1.8
348.72,-0.5
348.73,1.1
348.74,1
348.75,4.3
348.76,5.6
348.77,5
348.78,4.8
348.79,5.4
348.8,8.8
348.81,6.2
348.82,9.8
348.83,6
348.84,5.8
348.85,4.3
348.86,5.2
348.87,5.6
348.88,5.6
348.89,6.4
348.9,6.2
348.91,7.4
348.92,6
348.93,5.8
348.94,4.5
348.95,4.3
348.96,4.1
348.97,4.4
348.98,7.3
348.99,5.8
349,6.8
349.01,4.9
349.02,5.7
349.03,5.3
349.04,2.4
349.05,4.1
349.06,3.5
349.07,6.6
349.08,3.8
349.09,5.8
349.1,6.5
349.11,7
349.12,7.5
349.13,5.9
349.14,8.5
349.15,6.9
349.16,7.9
349.17,7.7
349.18,9.8
349.19,11.7
349.2,11.3
349.21,13
349.22,12.5
349.23,16.1
349.24,14.6
349.25,16.4
349.26,18.2
349.27,16.4
349.28,22.5
349.29,23
349.3,27.3
349.31,30
349.32,32.9
349.33,33.3
349.34,34.1
349.35,32.3
349.36,29.9
349.37,28.1
349.38,28.2
349.39,28.9
349.4,31.1
349.41,33.7
349.42,36.4
349.43,35.8
349.44,37.8
349.45,37.8
349.46,39.4
349.47,37.8
349.48,35.1
349.49,36.2
349.5,34
349.51,36.7
349.52,38.6
349.53,39.5
349.54,41.8
349.55,39.3
349.56,41.1
349.57,38.5
349.58,38.6
349.59,36.7
349.6,36.8
349.61,39.6
349.62,44.8
349.63,47.6
349.64,48.4
349.65,50.3
349.66,50.5
349.67,51.7
349.68,52.7
349.69,53.7
349.7,55.7
349.71,51.9
349.72,55.1
349.73,54.9
349.74,56.5
349.75,58.1
349.76,62
349.77,61.9
349.78,63.6
349.79,64.6
349.8,66.4
349.81,61.9
349.82,58.3
349.83,58.8
349.84,64.1
349.85,65.5
349.86,67.4
349.87,64.4
349.88,59.2
349.89,59.4
349.9,58.6
349.91,69.1
349.92,73.2
349.93,80
349.94,80.2
349.95,84.2
349.96,84.8
349.97,90.1
349.98,90.9
349.99,88.3
350,94.4
350.01,91.1
350.02,88.7
350.03,88
350.04,83.5
350.05,80.9
350.06,74.3
350.07,73.6
350.08,74
350.09,79.9
350.1,77.8
350.11,80.3
350.12,79.6
350.13,78.7
350.14,82.4
350.15,83.3
350.16,87.1
350.17,84
350.18,87.8
350.19,84
350.2,85.1
350.21,75.3
350.22,71.5
350.23,76.9
350.24,80
350.25,84.6
350.26,82.7
350.27,82.3
350.28,74.7
350.29,73.1
350.3,68.6
350.31,65.1
350.32,66.4
350.33,64.6
350.34,65.7
350.35,65.5
350.36,70.4
350.37,54.6
350.38,43.8
350.39,24.3
350.4,8.1
350.41,-1.3
350.42,-9.4
350.43,-12.5
350.44,-16.4
350.45,-17
350.46,-30.3
350.47,-35.2
350.48,-33.1
350.49,-27
350.5,-21.2
350.51,-19
350.52,-17.5
350.53,-16.7
350.54,-13.8
350.55,-11.3
350.56,-13.6
350.57,-9.8
350.58,-9.2
350.59,-4
350.6,-1.1
350.61,-1.1
350.62,1.5
350.63,-0.1
350.64,2.5
350.65,1.8
350.66,3.4
350.67,4.4
350.68,3.6
350.69,5.8
350.7,3.6
350.71,3.6
350.72,5.6
350.73,3.7
350.74,4.1
350.75,3.2
350.76,3.7
350.77,2.1
350.78,1.6
350.79,3.7
350.8,0.9
350.81,1.9
350.82,2.7
350.83,1.8
350.84,4
350.85,2.5
350.86,3.5
350.87,3
350.88,2.2
350.89,2.3
350.9,2
350.91,1.9
350.92,1.5
350.93,1.3
350.94,2.5
350.95,4.6
350.96,4.9
350.97,5.1
350.98,3.8
350.99,2.2
351,2.4
351.01,3.1
351.02,2.4
351.03,3
351.04,1.7
351.05,0.1
351.06,1.5
351.07,-0.6
351.08,-3.3
351.09,-4.2
351.1,-3.3
351.11,-3.6
351.12,-2.3
351.13,-2.7
351.14,-2.4
351.15,-1.5
351.16,-1
351.17,-2.1
351.18,-1.2
351.19,-1.5
351.2,-2.4
351.21,-0.5
351.22,-0.2
351.23,-0.9
351.24,1.2
351.25,1.2
351.26,-0.3
351.27,1.9
351.28,1.9
351.29,1.1
351.3,2
351.31,0.6
351.32,0
351.33,1.2
351.34,-0.3
351.35,-0.5
351.36,1
351.37,0.2
351.38,-0.5
351.39,1.3
351.4,0.5
351.41,0
351.42,1.8
351.43,1.4
351.44,-0.8
351.45,0.8
351.46,-0.1
351.47,0.7
351.48,0.9
351.49,0.6
351.5,-0.5
351.51,0.9
351.52,0.3
351.53,0
351.54,0.3
351.55,0
351.56,0.6
351.57,0.7
351.58,0.3
351.59,0.7
351.6,1.4
351.61,1.6
351.62,-0.6
351.63,0.5
351.64,0.9
351.65,-1.1
351.66,-0.4
351.67,1.1
351.68,1.1
351.69,0.6
351.7,2.2
351.71,3.2
351.72,5.1
351.73,9.1
351.74,10.3
351.75,13.2
351.76,16.1
351.77,16.5
351.78,18.5
351.79,22.6
351.8,24.8
351.81,35.8
351.82,45.4
351.83,49.2
351.84,46.8
351.85,42.3
351.86,39
351.87,31.4
351.88,30.3
351.89,28.4
351.9,26.6
351.91,25.5
351.92,27.7
351.93,29
351.94,29.6
351.95,29.7
351.96,27.7
351.97,29.3
351.98,30.6
351.99,33.8
352,38.7
352.01,44.2
352.02,43.6
352.03,41.4
352.04,42.5
352.05,40.1
352.06,39.7
352.07,39.4
352.08,37
352.09,36.1
352.1,34.5
352.11,31.9
352.12,33.1
352.13,31.1
352.14,34.9
352.15,36
352.16,39.4
352.17,38.9
352.18,40.7
352.19,39.7
352.2,41.3
352.21,42.9
352.22,46.7
352.23,47.2
352.24,45
352.25,45.9
352.26,44.1
352.27,42.5
352.28,44.8
352.29,45.3
352.3,43.9
352.31,44.8
352.32,44.5
352.33,40.4
352.34,42.2
352.35,41.8
352.36,42.6
352.37,43.8
352.38,41.9
352.39,37.3
352.4,37
352.41,34.6
352.42,35.4
352.43,35.8
352.44,39.1
352.45,35.3
352.46,31.9
352.47,29.9
352.48,28.7
352.49,31.7
352.5,31.5
352.51,28.3
352.52,30.4
352.53,29.8
352.54,28.6
352.55,30.6
352.56,31.2
352.57,31.4
352.58,32.6
352.59,35.3
352.6,31.8
352.61,32.5
352.62,31.9
352.63,33.1
352.64,35.2
352.65,40.5
352.66,40.7
352.67,43.7
352.68,47.3
352.69,46.1
352.7,45.5
352.71,47.7
352.72,48.7
352.73,48.9
352.74,50.6
352.75,48.7
352.76,46.4
352.77,49.3
352.78,48.6
352.79,49.8
352.8,53
352.81,55.8
352.82,56.7
352.83,60.3
352.84,54.5
352.85,51
352.86,44.6
352.87,43.7
352.88,42
352.89,44.7
352.9,46.5
352.91,49.7
352.92,55.5
352.93,52.4
352.94,51.9
352.95,50.9
352.96,49.2
352.97,49
352.98,50.9
352.99,45.8
353,42.7
353.01,42.9
353.02,40.1
353.03,34.8
353.04,31.7
353.05,24.1
353.06,19
353.07,15
353.08,11.9
353.09,10.3
353.1,11.5
353.11,11
353.12,12.6
353.13,17.3
353.14,15.9
353.15,17
353.16,20.3
353.17,20.4
353.18,22.1
353.19,24.9
353.2,24.3
353.21,23
353.22,22.9
353.23,22.8
353.24,23.1
353.25,24.8
353.26,24.4
353.27,23.6
353.28,23.5
353.29,22.3
353.3,20
353.31,21.4
353.32,24.4
353.33,30.3
353.34,36.7
353.35,37
353.36,40.2
353.37,50.5
353.38,57.6
353.39,60.6
353.4,65.4
353.41,60.8
353.42,58.8
353.43,59.9
353.44,63.6
353.45,63.3
353.46,62
353.47,56.4
353.48,57.2
353.49,73.4
353.5,74.8
353.51,85.6
353.52,87.5
353.53,83.2
353.54,76.3
353.55,69.1
353.56,65.9
353.57,58.2
353.58,46
353.59,38.4
353.6,30.5
353.61,27.8
353.62,25.6
353.63,24.6
353.64,24.9
353.65,22.1
353.66,22
353.67,23.2
353.68,21.2
353.69,24.3
353.7,29.8
353.71,32.7
353.72,37.5
353.73,41.3
353.74,40.2
353.75,40
353.76,40.2
353.77,38.5
353.78,36.7
353.79,38.8
353.8,36.6
353.81,36.7
353.82,37.5
353.83,36.3
353.84,37.2
353.85,40
353.86,37.2
353.87,39
353.88,37.7
353.89,34.7
353.9,35.7
353.91,38.8
353.92,38.6
353.93,43.3
353.94,44.9
353.95,42.2
353.96,41.3
353.97,46.9
353.98,48
353.99,51.2
354,50.4
354.01,48.8
354.02,44.5
354.03,47.6
354.04,54.7
354.05,62.6
354.06,69.5
354.07,66.1
354.08,68.5
354.09,73.3
354.1,81.1
354.11,87
354.12,93.7
354.13,92.5
354.14,100.1
354.15,100.8
354.16,98.3
354.17,114.6
354.18,117.6
354.19,122.9
354.2,133.3
354.21,126.5
354.22,135
354.23,145.8
354.24,146.9
354.25,144.3
354.26,140.2
354.27,137.1
354.28,145.9
354.29,146.2
354.3,136
354.31,140.2
354.32,135.3
354.33,130.4
354.34,141.6
354.35,137.1
354.36,135.4
354.37,121.7
354.38,124.2
354.39,123.4
354.4,120.7
354.41,123.1
354.42,118.6
354.43,116.1
354.44,121.6
354.45,125.2
354.46,120
354.47,126.6
354.48,121
354.49,120
354.5,125.2
354.51,124
354.52,118
354.53,122.9
354.54,125.2
354.55,119.7
354.56,120
354.57,115.4
354.58,113.2
354.59,123.3
354.6,118.1
354.61,117.9
354.62,120.4
354.63,118
354.64,114.3
354.65,123.1
354.66,120.6
354.67,114.3
354.68,115.2
354.69,118
354.7,114.2
354.71,115
354.72,119.9
354.73,121.4
354.74,119.8
354.75,115.1
354.76,113
354.77,119.6
354.78,110.6
354.79,111.2
354.8,113.6
354.81,114.4
354.82,114.8
354.83,107.6
354.84,114.2
354.85,120.3
354.86,109.9
354.87,112.7
354.88,107
354.89,116.1
354.9,114.6
354.91,118.2
354.92,110.8
354.93,111.7
354.94,105.3
354.95,107.7
354.96,115.1
354.97,111.1
354.98,111.2
354.99,115.1
355,108.9
355.01,113.4
355.02,106.5
355.03,111
355.04,107.9
355.05,103.1
355.06,109.4
355.07,105
355.08,109.2
355.09,110.7
355.1,111.2
355.11,104.3
355.12,105.3
355.13,110.9
355.14,108.5
355.15,104.4
355.16,97.9
355.17,101.1
355.18,108.3
355.19,111.1
355.2,108.2
355.21,104.8
355.22,105.1
355.23,107.5
355.24,108.1
355.25,104.8
355.26,100.9
355.27,98.7
355.28,99.5
355.29,101.4
355.3,102.6
355.31,102.4
355.32,104.3
355.33,106.6
355.34,104
355.35,105.7
355.36,107.1
355.37,106.1
355.38,100.4
355.39,105.7
355.4,99.7
355.41,105.7
355.42,108.6
355.43,99.7
355.44,104.5
355.45,99.2
355.46,94.9
355.47,81.7
355.48,75.4
355.49,72.2
355.5,60.5
355.51,57.3
355.52,47.8
355.53,33.7
355.54,23.9
355.55,12.6
355.56,-2.5
355.57,-9.4
355.58,-15.4
355.59,-18.9
355.6,-18.8
355.61,-22.7
355.62,-33.6
355.63,-37.6
355.64,-30.5
355.65,-23.7
355.66,-21.6
355.67,-19.9
355.68,-18
355.69,-12.4
355.7,-11.5
355.71,-8.5
355.72,-6.7
355.73,-7
355.74,-5.4
355.75,-2.2
355.76,-0.9
355.77,-0.2
355.78,-1.9
355.79,-2.1
355.8,-1.6
355.81,-0.8
355.82,1.7
355.83,1.9
355.84,1.5
355.85,2
355.86,2.3
355.87,3.7
355.88,1.8
355.89,3.9
355.9,1.9
355.91,1
355.92,4.1
355.93,0.8
355.94,0.5
355.95,-0.1
355.96,-0.4
355.97,0.6
355.98,-0.7
355.99,1.7
356,0.1
356.01,1
356.02,1.8
356.03,0.7
356.04,1.5
356.05,3.5
356.06,3.5
356.07,9.3
356.08,10.7
356.09,13.1
356.1,16.7
356.11,19.1
356.12,18.1
356.13,16.2
356.14,20.5
356.15,17.1
356.16,27.8
356.17,29.3
356.18,24
356.19,18.9
356.2,18.3
356.21,19.4
356.22,18.7
356.23,20.2
356.24,24.7
356.25,22.1
356.26,21.7
356.27,20.9
356.28,21.1
356.29,25.1
356.3,24.5
356.31,27.8
356.32,31.2
356.33,32.3
356.34,34.1
356.35,36.3
356.36,39.6
356.37,38.8
356.38,35.5
356.39,36.5
356.4,33.2
356.41,36.5
356.42,38.8
356.43,41.9
356.44,43.6
356.45,41.2
356.46,43.4
356.47,42.4
356.48,43.6
356.49,44.9
356.5,45.6
356.51,45.6
356.52,43.9
356.53,43.5
356.54,45.7
356.55,45.9
356.56,47.8
356.57,44.1
356.58,42.6
356.59,41.5
356.6,41.1
356.61,42.6
356.62,40.6
356.63,38.8
356.64,39.8
356.65,40.1
356.66,43.6
356.67,42.9
356.68,40.8
356.69,40.7
356.7,41.4
356.71,40.8
356.72,43.6
356.73,44.2
356.74,46
356.75,41.1
356.76,42.9
356.77,40.2
356.78,41.6
356.79,46.2
356.8,47.6
356.81,47.7
356.82,48.7
356.83,50.8
356.84,51.9
356.85,49.4
356.86,52
356.87,49.2
356.88,49.3
356.89,48.5
356.9,49.4
356.91,52.9
356.92,46.8
356.93,43.6
356.94,42.5
356.95,43
356.96,44.5
356.97,41.2
356.98,41.2
356.99,40.5
357,40
357.01,39.8
357.02,39.3
357.03,40.5
357.04,41.1
357.05,39.3
357.06,38.2
357.07,37.4
357.08,40.8
357.09,36.8
357.1,36.7
357.11,33.6
357.12,32.3
357.13,32.6
357.14,30.9
357.15,35.4
357.16,33.5
357.17,36.3
357.18,37.5
357.19,40
357.2,42.3
357.21,38
357.22,40.2
357.23,38.5
357.24,36.2
357.25,39.5
357.26,36.9
357.27,40.7
357.28,40.7
357.29,39.8
357.3,40
357.31,39.9
357.32,40.7
357.33,40
357.34,38.5
357.35,37.9
357.36,31.5
357.37,30.8
357.38,26.6
357.39,26.6
357.4,25.1
357.41,23.5
357.42,26.9
357.43,27.3
357.44,31.1
357.45,27.9
357.46,25.4
357.47,23.8
357.48,16.4
357.49,15.7
357.5,15.1
357.51,14.2
357.52,13.1
357.53,8.6
357.54,3.8
357.55,-0.9
357.56,-4.7
357.57,-9.1
357.58,-10.2
357.59,-8.9
357.6,-8.5
357.61,-7.1
357.62,-4.8
357.63,-11.1
357.64,-13.4
357.65,-11.1
357.66,-8.8
357.67,-4.1
357.68,-4.3
357.69,-4.2
357.7,-3.3
357.71,-2.4
357.72,-1.1
357.73,0.7
357.74,2.2
357.75,6.1
357.76,7
357.77,5.5
357.78,4.7
357.79,4.2
357.8,4.6
357.81,5.2
357.82,4.7
357.83,4.7
357.84,7.1
357.85,5.1
357.86,3.4
357.87,3.6
357.88,2.7
357.89,1.6
357.9,2.4
357.91,2.5
357.92,1.5
357.93,1.8
357.94,1.1
357.95,0
357.96,0.7
357.97,1.5
357.98,1.3
357.99,1.5
358,6.5
358.01,9.7
358.02,5.8
358.03,3.2
358.04,4.2
358.05,4.7
358.06,2.1
358.07,1.1
358.08,-3.4
358.09,-4.2
358.1,-2.4
358.11,-1.6
358.12,-2.7
358.13,-1.2
358.14,3.9
358.15,12.5
358.16,8.4
358.17,3.5
358.18,3.9
358.19,4.5
358.2,-0.6
358.21,-8.3
358.22,-6.5
358.23,-3.3
358.24,-1.3
358.25,-4.3
358.26,-3.1
358.27,-1.1
358.28,-1.7
358.29,0
358.3,1.2
358.31,1.2
358.32,2.2
358.33,2.3
358.34,2.3
358.35,2.4
358.36,1.4
358.37,1.8
358.38,2
358.39,2.4
358.4,0
358.41,-4.7
358.42,-6.1
358.43,-6
358.44,-4.9
358.45,-3.2
358.46,-3.4
358.47,-1.5
358.48,-2.3
358.49,0
358.5,-0.2
358.51,0.4
358.52,1.4
358.53,2.3
358.54,4.7
358.55,5.6
358.56,5.4
358.57,4.7
358.58,5.7
358.59,6.9
358.6,6
358.61,8.6
358.62,8.8
358.63,10.2
358.64,8.9
358.65,8.1
358.66,7.7
358.67,6.4
358.68,4.8
358.69,5.8
358.7,4.9
358.71,5.1
358.72,4.1
358.73,3.3
358.74,4.8
358.75,4.7
358.76,6.2
358.77,5.2
358.78,6
358.79,6.6
358.8,6.3
358.81,6.3
358.82,5.6
358.83,4.9
358.84,6.2
358.85,5.8
358.86,8.5
358.87,11
358.88,12
358.89,14.2
358.9,14.3
358.91,16.8
358.92,18.1
358.93,19.6
358.94,21.8
358.95,21.5
358.96,21.5
358.97,19.5
358.98,18.8
358.99,17.9
359,17.6
359.01,18.8
359.02,19.6
359.03,19.2
359.04,18.1
359.05,19
359.06,18.2
359.07,15.8
359.08,15.8
359.09,14.8
359.1,17.6
359.11,18.9
359.12,18.6
359.13,18.8
359.14,20.6
359.15,18.8
359.16,19.4
359.17,20
359.18,20.2
359.19,18.7
359.2,19.6
359.21,19
359.22,18
359.23,17.3
359.24,15.1
359.25,12.8
359.26,11.9
359.27,11.9
359.28,7.4
359.29,5.4
359.3,2.9
359.31,-0.2
359.32,-1.6
359.33,-3.8
359.34,-4.9
359.35,-5.6
359.36,-4.6
359.37,-4.8
359.38,-3.9
359.39,-4.6
359.4,-4.1
359.41,-6.6
359.42,-10.9
359.43,-11
359.44,-7.9
359.45,-4.7
359.46,-4.2
359.47,-4.5
359.48,-4.5
359.49,-2.3
359.5,-0.3
359.51,0
359.52,-0.2
359.53,1.5
359.54,2.2
359.55,2.9
359.56,2
359.57,2.2
359.58,2.6
359.59,2.7
359.6,2.3
359.61,1.7
359.62,2
359.63,2.7
359.64,1.8
359.65,1.1
359.66,1
359.67,2.1
359.68,1.4
359.69,0.7
359.7,1.1
359.71,0.6
359.72,1.4
359.73,0.3
359.74,0.2
359.75,0
359.76,0.5
359.77,0.7
359.78,0.5
359.79,0.1
359.8,0
359.81,0.6
359.82,0.7
359.83,0.4
359.84,0.7
359.85,0.5
359.86,0.5
359.87,0.8
359.88,0.2
359.89,0
359.9,-0.3
359.91,-0.3
359.92,-0.8
359.93,-0.3
359.94,-0.3
359.95,-1.3
359.96,-1.1
359.97,0.6
359.98,0.2
359.99,-0.6
360,0.3
360.01,0.6
360.02,0.3
360.03,0.3
360.04,0
360.05,0.6
360.06,2.6
360.07,3.2
360.08,5.6
360.09,8.4
360.1,13.4
360.11,16.7
360.12,18.1
360.13,18.9
360.14,19.1
360.15,21.5
360.16,27.9
360.17,25
360.18,12.7
360.19,10.7
360.2,8.9
360.21,9.3
360.22,8.1
360.23,7.6
360.24,7.2
360.25,9.3
360.26,12.7
360.27,15.6
360.28,19.2
360.29,22.1
360.3,24
360.31,26.2
360.32,27.3
360.33,27.4
360.34,27
360.35,28.9
360.36,31.8
360.37,30.5
360.38,33.2
360.39,36.7
360.4,40.5
360.41,43.9
360.42,42.7
360.43,45.7
360.44,42.6
360.45,43.3
360.46,44.1
360.47,51.2
360.48,65.6
360.49,69.3
360.5,77
360.51,78.3
360.52,92.7
360.53,98.7
360.54,103.2
360.55,109.5
360.56,118.2
360.57,107.4
360.58,107.1
360.59,99.3
360.6,112.3
360.61,106
360.62,105.3
360.63,107.6
360.64,103.1
360.65,110.8
360.66,113.2
360.67,126.1
360.68,123.8
360.69,130.6
360.7,130
360.71,140.6
360.72,137.6
360.73,136.4
360.74,144.8
360.75,146.2
360.76,143
360.77,133.2
360.78,126.5
360.79,139.4
360.8,124.4
360.81,127.6
360.82,129.7
360.83,132.8
360.84,133.9
360.85,129.9
360.86,127.9
360.87,128.6
360.88,129.1
360.89,122.8
360.9,124.6
360.91,124.8
360.92,120
360.93,116.4
360.94,121.1
360.95,120.8
360.96,124.3
360.97,121.3
360.98,121.8
360.99,128
361,128.4
361.01,123
361.02,122.7
361.03,122.1
361.04,127.4
361.05,127.8
361.06,128.2
361.07,123
361.08,125.9
361.09,123.4
361.1,125.9
361.11,113.1
361.12,124.6
361.13,131.6
361.14,129.7
361.15,126.2
361.16,113.5
361.17,124.1
361.18,127.4
361.19,130.4
361.2,124.3
361.21,123.2
361.22,120.7
361.23,123
361.24,120.1
361.25,128.2
361.26,121.6
361.27,130.4
361.28,121.4
361.29,124.2
361.3,125.6
361.31,126.6
361.32,119.9
361.33,119.6
361.34,127.2
361.35,121.2
361.36,123.6
361.37,126.2
361.38,120.8
361.39,119.1
361.4,127.4
361.41,127
361.42,127.9
361.43,117.4
361.44,116
361.45,120.5
361.46,125.5
361.47,120.3
361.48,130.5
361.49,125.1
361.5,123.8
361.51,121.4
361.52,121.7
361.53,123.6
361.54,125.3
361.55,122
361.56,112.3
361.57,113.6
361.58,126.4
361.59,127.8
361.6,124.5
361.61,122.3
361.62,116.5
361.63,127.3
361.64,126.7
361.65,131.7
361.66,124.4
361.67,118.7
361.68,117.1
361.69,125.3
361.7,127.6
361.71,124
361.72,122.5
361.73,127.6
361.74,122.4
361.75,124.7
361.76,123.3
361.77,126.7
361.78,120.5
361.79,125.3
361.8,129.8
361.81,123.5
361.82,123.3
361.83,115
361.84,110.3
361.85,125.5
361.86,127.6
361.87,125.1
361.88,124.7
361.89,119.3
361.9,115.6
361.91,118.4
361.92,122.9
361.93,122.3
361.94,120.6
361.95,119.8
361.96,125.1
361.97,116.2
361.98,114.2
361.99,107.6
362,100.2
362.01,93.8
362.02,88.7
362.03,86.2
362.04,85
362.05,83.8
362.06,86.2
362.07,83
362.08,91.4
362.09,89.2
362.1,97.1
362.11,97.3
362.12,95.4
362.13,80.8
362.14,75.4
362.15,67.8
362.16,59.7
362.17,58.5
362.18,50.7
362.19,40.2
362.2,36.5
362.21,33.1
362.22,28.9
362.23,30.4
362.24,28.5
362.25,28.5
362.26,29.6
362.27,28.4
362.28,21.7
362.29,21.3
362.3,20.5
362.31,16.8
362.32,16.3
362.33,16.3
362.34,11.9
362.35,10.6
362.36,9.1
362.37,5.6
362.38,3.9
362.39,4.2
362.4,2
362.41,3.2
362.42,4
362.43,2.9
362.44,4.1
362.45,4.9
362.46,0
362.47,-0.6
362.48,-0.5
362.49,-3.9
362.5,-3.6
362.51,-3.6
362.52,-9.1
362.53,-10.9
362.54,-8.1
362.55,-5.1
362.56,-3.1
362.57,0
362.58,1.3
362.59,1.3
362.6,3.3
362.61,3.5
362.62,2.6
362.63,4.7
362.64,5.4
362.65,5.5
362.66,7.5
362.67,5.8
362.68,4.9
362.69,3.6
362.7,4.6
362.71,3.1
362.72,3.6
362.73,3.2
362.74,4.2
362.75,4.6
362.76,5.8
362.77,5.7
362.78,6.7
362.79,8.9
362.8,8.7
362.81,9.2
362.82,10.1
362.83,11.4
362.84,10.7
362.85,11.1
362.86,13.3
362.87,14.8
362.88,25.4
362.89,29.1
362.9,36.2
362.91,44.3
362.92,51.5
362.93,55.3
362.94,57.3
362.95,59
362.96,54.4
362.97,60
362.98,60.4
362.99,59.1
363,61.4
363.01,59.4
363.02,58.9
363.03,57.9
363.04,57.4
363.05,54.7
363.06,54.1
363.07,55.5
363.08,50.9
363.09,52.3
363.1,52.5
363.11,53.7
363.12,61.9
363.13,61
363.14,63.2
363.15,65.4
363.16,64.3
363.17,61.6
363.18,57.4
363.19,52.2
363.2,44.2
363.21,40.4
363.22,36.9
363.23,35
363.24,39.9
363.25,38.7
363.26,41.6
363.27,49
363.28,50.3
363.29,54.8
363.3,61.8
363.31,64.6
363.32,63.2
363.33,63.8
363.34,61.6
363.35,66.9
363.36,71.2
363.37,73.2
363.38,73.2
363.39,72.3
363.4,68.4
363.41,67.4
363.42,68
363.43,68.3
363.44,67
363.45,68.7
363.46,64.1
363.47,62.2
363.48,66.4
363.49,65.4
363.5,62.7
363.51,66
363.52,63.1
363.53,59.5
363.54,58.8
363.55,58.3
363.56,58.6
363.57,64.5
363.58,67.4
363.59,66.5
363.6,78.8
363.61,81.5
363.62,82.7
363.63,81.9
363.64,80.5
363.65,79.3
363.66,84.4
363.67,83.6
363.68,79.7
363.69,79.1
363.7,72.6
363.71,72.9
363.72,68
363.73,65.7
363.74,60.4
363.75,54.1
363.76,49.4
363.77,43.9
363.78,44.5
363.79,40.4
363.8,35.6
363.81,34.7
363.82,37.9
363.83,35.2
363.84,35.6
363.85,37.9
363.86,43
363.87,45.5
363.88,49.3
363.89,50.6
363.9,53.5
363.91,54.4
363.92,55.6
363.93,51.5
363.94,49.8
363.95,55.2
363.96,55.4
363.97,58.6
363.98,58.6
363.99,58.8
364,58.5
364.01,52.2
364.02,43.9
364.03,40.2
364.04,37.8
364.05,34.8
364.06,33
364.07,32.5
364.08,29
364.09,25.8
364.1,25.7
364.11,24.8
364.12,25.1
364.13,25.7
364.14,28.5
364.15,26.5
364.16,26.4
364.17,28.8
364.18,28.4
364.19,30.6
364.2,32.7
364.21,35.7
364.22,34.4
364.23,32.8
364.24,32.8
364.25,29.1
364.26,29.7
364.27,29.4
364.28,32.6
364.29,39.5
364.3,42.8
364.31,50.7
364.32,63.9
364.33,73.8
364.34,78.1
364.35,94.6
364.36,88.3
364.37,92.7
364.38,87.2
364.39,90.8
364.4,93.2
364.41,88.7
364.42,70.5
364.43,60.7
364.44,53.7
364.45,55.1
364.46,53.3
364.47,49
364.48,43.6
364.49,40
364.5,41.8
364.51,39.8
364.52,34.6
364.53,25.1
364.54,21.8
364.55,20.7
364.56,25.2
364.57,28
364.58,32
364.59,46.9
364.6,56.8
364.61,62.3
364.62,64.9
364.63,67.4
364.64,69.8
364.65,77.1
364.66,78.8
364.67,80.3
364.68,72.4
364.69,69.2
364.7,67
364.71,67.9
364.72,66.6
364.73,65.8
364.74,64.4
364.75,65.5
364.76,67.8
364.77,78.1
364.78,84.1
364.79,88.8
364.8,95.3
364.81,90.5
364.82,85.7
364.83,79.3
364.84,78.1
364.85,87.4
364.86,89.1
364.87,87.2
364.88,85.4
364.89,85.7
364.9,80.6
364.91,81.6
364.92,74.4
364.93,75.1
364.94,75.5
364.95,72.7
364.96,75.1
364.97,72.7
364.98,75.4
364.99,69.5
365,74.9
365.01,71.6
365.02,68.2
365.03,70.3
365.04,70.6
365.05,72.7
365.06,71.1
365.07,66.3
365.08,64.6
365.09,63.9
365.1,53.3
365.11,34.8
365.12,22.1
365.13,18.7
365.14,18.5
365.15,20
365.16,20.9
365.17,25.7
365.18,26.3
365.19,26.8
365.2,29.7
365.21,30.1
365.22,30.3
365.23,30.4
365.24,27.3
365.25,22.9
365.26,22.6
365.27,22.1
365.28,23.7
365.29,26.4
365.3,26.6
365.31,26.4
365.32,24.2
365.33,25.5
365.34,29
365.35,32.4
365.36,32.1
365.37,34.1
365.38,33.5
365.39,30.8
365.4,33.9
365.41,36
365.42,36.9
365.43,36.1
365.44,30.1
365.45,31
365.46,33.4
365.47,35.7
365.48,39.2
365.49,37
365.5,34.4
365.51,35.6
365.52,33.7
365.53,29.3
365.54,30
365.55,31.6
365.56,33
365.57,34.1
365.58,36.3
365.59,37.3
365.6,35.8
365.61,38.7
365.62,39.8
365.63,40.6
365.64,36
365.65,33.5
365.66,31
365.67,35.8
365.68,34.9
365.69,35.9
365.7,39.5
365.71,38.9
365.72,43.7
365.73,41.6
365.74,46.8
365.75,47
365.76,44.9
365.77,44.2
365.78,40.8
365.79,37.1
365.8,35.3
365.81,37.2
365.82,34.5
365.83,41.5
365.84,47.3
365.85,48.4
365.86,51.3
365.87,44.5
365.88,39.1
365.89,36.6
365.9,31.5
365.91,30.8
365.92,31.2
365.93,31.3
365.94,29.8
365.95,30.6
365.96,28.4
365.97,28.5
365.98,28.5
365.99,28.8
366,32.3
366.01,36.9
366.02,38.1
366.03,45.6
366.04,46.3
366.05,46.6
366.06,50.7
366.07,52.8
366.08,55.6
366.09,56.8
366.1,53.8
366.11,53.8
366.12,50.6
366.13,51.4
366.14,51.3
366.15,49.1
366.16,46.6
366.17,46.4
366.18,47.4
366.19,46.9
366.2,51.8
366.21,48.1
366.22,49.1
366.23,53.6
366.24,55.3
366.25,60.4
366.26,60.7
366.27,54.2
366.28,55.1
366.29,55.6
366.3,59.9
366.31,63.9
366.32,64.8
366.33,69.1
366.34,78.4
366.35,78.6
366.36,83.9
366.37,80.1
366.38,80.5
366.39,88.8
366.4,80.2
366.41,79.9
366.42,79
366.43,78.1
366.44,76.7
366.45,82.8
366.46,88
366.47,87.9
366.48,96.5
366.49,105.9
366.5,107.9
366.51,118.8
366.52,117
366.53,116.1
366.54,111.6
366.55,111.8
366.56,109.8
366.57,110.6
366.58,112.1
366.59,110.2
366.6,122.9
366.61,125
366.62,116
366.63,125.8
366.64,123.4
366.65,118.5
366.66,123
366.67,129.6
366.68,133.7
366.69,126.7
366.7,133.6
366.71,132.7
366.72,125.1
366.73,131
366.74,131.9
366.75,130.8
366.76,127.2
366.77,121.1
366.78,120.5
366.79,119.9
366.8,114.9
366.81,115.3
366.82,105.1
366.83,112.8
366.84,112.8
366.85,113.4
366.86,117.5
366.87,110
366.88,109.3
366.89,116.7
366.9,116.6
366.91,112.6
366.92,110.8
366.93,110.7
366.94,106.2
366.95,111.7
366.96,109
366.97,114.8
366.98,111.2
366.99,111.9
367,108.9
367.01,115.5
367.02,111.8
367.03,114.3
367.04,111.4
367.05,110.9
367.06,110.9
367.07,110
367.08,115.8
367.09,109
367.1,106.6
367.11,99.6
367.12,109.5
367.13,113.2
367.14,106.9
367.15,107.1
367.16,104.1
367.17,103.2
367.18,108.6
367.19,107.4
367.2,108.9
367.21,111.9
367.22,105
367.23,99.7
367.24,100.9
367.25,109.5
367.26,110.1
367.27,108.5
367.28,106.3
367.29,101.6
367.3,109.8
367.31,109.3
367.32,110.8
367.33,113.2
367.34,108.4
367.35,109.6
367.36,106.3
367.37,104.7
367.38,104.9
367.39,106.8
367.4,109.5
367.41,110.2
367.42,111.6
367.43,105.2
367.44,107.1
367.45,108.2
367.46,109.2
367.47,100.9
367.48,108.2
367.49,102.6
367.5,99.6
367.51,104.7
367.52,101.9
367.53,99.5
367.54,98.7
367.55,98.2
367.56,94.6
367.57,100.3
367.58,99.2
367.59,102.5
367.6,100.6
367.61,99.2
367.62,99.4
367.63,105.2
367.64,102.9
367.65,98.7
367.66,98.8
367.67,95.7
367.68,100
367.69,105.4
367.7,104.5
367.71,96.8
367.72,97.7
367.73,96.1
367.74,102.2
367.75,100.5
367.76,98.9
367.77,95.3
367.78,95.2
367.79,99
367.8,97.4
367.81,102.6
367.82,94.1
367.83,91.3
367.84,92.4
367.85,94.6
367.86,98
367.87,97.2
367.88,96.7
367.89,101.7
367.9,96.6
367.91,93
367.92,95
367.93,98
367.94,100.7
367.95,97.1
367.96,82.4
367.97,69.7
367.98,47
367.99,37.4
368,25
368.01,13.1
368.02,2.4
368.03,-2.2
368.04,-8.8
368.05,-12
368.06,-13.4
368.07,-17.6
368.08,-17.7
368.09,-21.7
368.1,-30.2
368.11,-37.9
368.12,-36.4
368.13,-24.5
368.14,-18.2
368.15,-17.6
368.16,-17.9
368.17,-13.4
368.18,-12.1
368.19,-9.5
368.2,-7.7
368.21,-8.9
368.22,-4.7
368.23,-2.2
368.24,0.6
368.25,0.3
368.26,1.2
368.27,3.2
368.28,2.7
368.29,4.7
368.3,4.9
368.31,4.2
368.32,5.8
368.33,3.1
368.34,5.4
368.35,5.1
368.36,7.2
368.37,9.2
368.38,8.2
368.39,6.3
368.4,6.1
368.41,4.2
368.42,5.7
368.43,6.5
368.44,5.2
368.45,5.9
368.46,1.4
368.47,3.1
368.48,3.7
368.49,0.2
368.5,2.4
368.51,1.7
368.52,0.6
368.53,1.9
368.54,1.5
368.55,1.1
368.56,1.3
368.57,0.8
368.58,0.1
368.59,1.3
368.6,1.2
368.61,0.5
368.62,1.3
368.63,2.9
368.64,0.7
368.65,0.6
368.66,1.5
368.67,-1
368.68,0.9
368.69,2.2
368.7,1.2
368.71,3
368.72,7.6
368.73,8.2
368.74,6.7
368.75,4.1
368.76,4.3
368.77,3.2
368.78,4.5
368.79,3.4
368.8,2.9
368.81,-1.6
368.82,-1.9
368.83,0.1
368.84,-0.5
368.85,-1.3
368.86,0.1
368.87,4.3
368.88,19
368.89,13.3
368.9,6
368.91,5.3
368.92,6.4
368.93,4.5
368.94,-6.5
368.95,-6.5
368.96,-4.7
368.97,-3.3
368.98,-3.9
368.99,-3.3
369,4
369.01,11.9
369.02,9
369.03,4.9
369.04,4
369.05,5.9
369.06,4.4
369.07,0
369.08,-6.1
369.09,-7.3
369.1,-5.3
369.11,-4.4
369.12,-4.3
369.13,-4.8
369.14,-3.3
369.15,-2.8
369.16,-1.8
369.17,0.3
369.18,0.7
369.19,-0.1
369.2,1.6
369.21,1.6
369.22,2.1
369.23,1.3
369.24,2
369.25,1.5
369.26,1.6
369.27,-0.3
369.28,-3.3
369.29,-4.9
369.3,-5.1
369.31,-5
369.32,-3.6
369.33,-2.7
369.34,-2
369.35,-2.1
369.36,-0.7
369.37,0.9
369.38,1.2
369.39,0.3
369.4,1.5
369.41,2
369.42,2.1
369.43,1.4
369.44,1.9
369.45,1.8
369.46,1.9
369.47,1.8
369.48,2
369.49,3.3
369.5,4.3
369.51,4.8
369.52,10.5
369.53,15.1
369.54,24.6
369.55,26.9
369.56,33.1
369.57,43.4
369.58,41.4
369.59,35.6
369.6,31.5
369.61,29.3
369.62,25.3
369.63,25.4
369.64,18.4
369.65,8
369.66,2.3
369.67,1.5
369.68,-1.6
369.69,-1.2
369.7,-2.6
369.71,-4.1
369.72,-5.4
369.73,-8.9
369.74,-12
369.75,-14.9
369.76,-12.2
369.77,-10.5
369.78,-7.8
369.79,-7.5
369.8,-7.1
369.81,-4.8
369.82,-5.5
369.83,-3.6
369.84,-2.7
369.85,-2.3
369.86,-1.9
369.87,-2.1
369.88,0.3
369.89,3.1
369.9,9.9
369.91,15.4
369.92,23.5
369.93,35.3
369.94,37.4
369.95,48.7
369.96,70.5
369.97,76.2
369.98,71.2
369.99,62.7
370,63
370.01,71.2
370.02,79.3
370.03,77.2
370.04,70.9
370.05,60.9
370.06,60.1
370.07,58.5
370.08,64
370.09,68.5
370.1,61
370.11,55.5
370.12,47.2
370.13,48.2
370.14,61.6
370.15,64.3
370.16,69.1
370.17,62.7
370.18,60.6
370.19,65.8
370.2,74.5
370.21,85.7
370.22,88.8
370.23,97
370.24,99.9
370.25,105.6
370.26,113
370.27,131.1
370.28,134
370.29,130.9
370.3,130
370.31,129.8
370.32,133.3
370.33,138.8
370.34,131.5
370.35,118.9
370.36,127.4
370.37,123.9
370.38,130.2
370.39,126.5
370.4,128.9
370.41,123.2
370.42,134.9
370.43,122.6
370.44,136
370.45,133.6
370.46,127.8
370.47,130.2
370.48,121.8
370.49,129.7
370.5,127.4
370.51,125.9
370.52,127.9
370.53,118.9
370.54,126.6
370.55,133
370.56,122.9
370.57,125.8
370.58,127.4
370.59,117.1
370.6,129.5
370.61,127.9
370.62,120.6
370.63,119.6
370.64,119.2
370.65,115.4
370.66,128.5
370.67,119.3
370.68,126.2
370.69,117.4
370.7,123.8
370.71,118.2
370.72,123.7
370.73,126.4
370.74,116.6
370.75,120
370.76,128.9
370.77,129.8
370.78,128.1
370.79,121.9
370.8,117.8
370.81,117.7
370.82,120.1
370.83,129.6
370.84,122
370.85,124.3
370.86,127.7
370.87,125.3
370.88,121.2
370.89,131.3
370.9,126
370.91,120.3
370.92,121
370.93,117.7
370.94,116.7
370.95,124
370.96,128.3
370.97,122.8
370.98,129.6
370.99,125.7
371,119.1
371.01,118.2
371.02,126.6
371.03,136.2
371.04,122.9
371.05,118.6
371.06,126.3
371.07,125
371.08,127
371.09,132.1
371.1,127.7
371.11,130.7
371.12,118.9
371.13,116.5
371.14,116.9
371.15,120.5
371.16,118.6
371.17,125.6
371.18,126.7
371.19,127.8
371.2,128.4
371.21,121.7
371.22,125.7
371.23,124.6
371.24,121.2
371.25,119.2
371.26,129
371.27,120.4
371.28,116.5
371.29,116.6
371.3,118.2
371.31,118.8
371.32,122
371.33,132.6
371.34,121.1
371.35,126.7
371.36,122.6
371.37,116.1
371.38,127.5
371.39,123.9
371.4,128
371.41,123.5
371.42,128.5
371.43,126.2
371.44,122.2
371.45,124.9
371.46,124.4
371.47,125.9
371.48,130.1
371.49,123.2
371.5,129.1
371.51,117.4
371.52,125.9
371.53,125.5
371.54,117.2
371.55,129.3
371.56,118.2
371.57,126.5
371.58,128.3
371.59,124.4
371.6,119.3
371.61,117.9
371.62,117.7
371.63,125.3
371.64,131.5
371.65,122.7
371.66,120
371.67,116
371.68,120.2
371.69,117.2
371.7,127.4
371.71,120.9
371.72,120.3
371.73,125.5
371.74,125
371.75,121.5
371.76,121.1
371.77,128.6
371.78,129.1
371.79,123
371.8,127.1
371.81,120.8
371.82,118.7
371.83,120.7
371.84,122.8
371.85,128.9
371.86,123.3
371.87,118.3
371.88,118.9
371.89,124.2
371.9,126
371.91,126.9
371.92,122.6
371.93,124.7
371.94,126.9
371.95,124.4
371.96,117.7
371.97,127.4
371.98,123.8
371.99,119.2
372,125.2
372.01,124.9
372.02,127.6
372.03,120.5
372.04,122
372.05,123.8
372.06,121.9
372.07,126.7
372.08,118.8
372.09,122.9
372.1,116.3
372.11,114.6
372.12,115.5
372.13,122.4
372.14,113.4
372.15,115.9
372.16,118.4
372.17,122.3
372.18,116
372.19,112.1
372.2,118.2
372.21,114
372.22,117.6
372.23,110.7
372.24,112.2
372.25,113.3
372.26,117.2
372.27,113.1
372.28,114.7
372.29,114.5
372.3,113.7
372.31,115.2
372.32,120.4
372.33,110.8
372.34,113.8
372.35,119.1
372.36,116.5
372.37,109.1
372.38,105.7
372.39,114.1
372.4,113.3
372.41,113.8
372.42,110.3
372.43,109.6
372.44,108.9
372.45,109.4
372.46,107.5
372.47,106.6
372.48,107.5
372.49,106
372.5,107.5
372.51,108.6
372.52,107.4
372.53,110.4
372.54,109.2
372.55,114.1
372.56,116.5
372.57,113
372.58,113.8
372.59,102.9
372.6,111.4
372.61,111.9
372.62,109.7
372.63,110.8
372.64,106.8
372.65,103.9
372.66,109.4
372.67,115.1
372.68,109.3
372.69,107.4
372.7,106.6
372.71,107.7
372.72,103.1
372.73,106.2
372.74,108.5
372.75,107.8
372.76,109.1
372.77,103.9
372.78,104.3
372.79,109
372.8,107.7
372.81,105.2
372.82,108.1
372.83,102.5
372.84,104.1
372.85,104.2
372.86,105.4
372.87,100.4
372.88,103.7
372.89,106.3
372.9,101.7
372.91,109.3
372.92,104.4
372.93,100.6
372.94,104.7
372.95,106.3
372.96,104.1
372.97,102.3
372.98,106.3
372.99,103.5
373,106.7
373.01,105
373.02,105.1
373.03,106.6
373.04,100.5
373.05,105.2
373.06,104.5
373.07,104.5
373.08,104.6
373.09,100.2
373.1,104.5
373.11,103.8
373.12,101.3
373.13,98
373.14,99.3
373.15,101.1
373.16,102.8
373.17,101.2
373.18,102.5
373.19,99.9
373.2,105.3
373.21,102.7
373.22,99.2
373.23,97.5
373.24,100
373.25,101.4
373.26,98.5
373.27,100.9
373.28,100.4
373.29,104.2
373.3,97.8
373.31,99.2
373.32,100.9
373.33,103.9
373.34,100
373.35,95.8
373.36,94.3
373.37,96.7
373.38,100.8
373.39,102.6
373.4,96
373.41,97.6
373.42,93.5
373.43,96.6
373.44,91.3
373.45,91.7
373.46,83.1
373.47,68.8
373.48,59.3
373.49,50.2
373.5,27.6
373.51,15.1
373.52,1.4
373.53,-13.9
373.54,-14.7
373.55,-18.7
373.56,-18.5
373.57,-25
373.58,-32.2
373.59,-31.8
373.6,-26.5
373.61,-18.8
373.62,-15.9
373.63,-14.3
373.64,-17.4
373.65,-16.4
373.66,-16
373.67,-10.8
373.68,-9.4
373.69,-9.1
373.7,-6.7
373.71,-3.8
373.72,-1.7
373.73,-1.9
373.74,0.8
373.75,1.1
373.76,1.7
373.77,2.4
373.78,1.6
373.79,3.2
373.8,2.2
373.81,4.2
373.82,3.3
373.83,4.1
373.84,5
373.85,2.5
373.86,4.9
373.87,2.2
373.88,3.3
373.89,2.7
373.9,1.9
373.91,3.4
373.92,1.9
373.93,2.8
373.94,4.1
373.95,4.9
373.96,4.7
373.97,2.9
373.98,3.2
373.99,3.7
374,2.8
374.01,3.7
374.02,2.7
374.03,1.3
374.04,2.1
374.05,0.3
374.06,1.4
374.07,1.6
374.08,0.1
374.09,2.3
374.1,2
374.11,0.5
374.12,0.6
374.13,0
374.14,1.7
374.15,1.1
374.16,-3.7
374.17,-4.4
374.18,-3.6
374.19,-3.7
374.2,-0.8
374.21,-1.3
374.22,-1.1
374.23,0.1
374.24,-0.6
374.25,0.3
374.26,0.4
374.27,0.9
374.28,0.9
374.29,1.5
374.3,-0.2
374.31,0.8
374.32,0.3
374.33,-1
374.34,2.1
374.35,1.1
374.36,0.8
374.37,1.4
374.38,-0.5
374.39,-0.5
374.4,0.3
374.41,-0.5
374.42,0.9
374.43,0.8
374.44,-0.6
374.45,0.8
374.46,0.5
374.47,0.5
374.48,2
374.49,1.1
374.5,0.6
374.51,2.9
374.52,3.5
374.53,3.1
374.54,5
374.55,6.9
374.56,9.4
374.57,13.1
374.58,18.5
374.59,23.9
374.6,28
374.61,33.7
374.62,44.6
374.63,57.3
374.64,59.9
374.65,55.2
374.66,45.2
374.67,41
374.68,41.4
374.69,41.1
374.7,42.6
374.71,39.4
374.72,39.1
374.73,39
374.74,41.3
374.75,40.3
374.76,38.7
374.77,37.8
374.78,37
374.79,33.2
374.8,32.5
374.81,34.5
374.82,33.7
374.83,31.9
374.84,35.2
374.85,32.1
374.86,32.9
374.87,37.7
374.88,36.6
374.89,35.4
374.9,36.2
374.91,31.2
374.92,32
374.93,34.3
374.94,34.6
374.95,36.9
374.96,39.7
374.97,38
374.98,35.9
374.99,35.7
375,35.1
375.01,40.1
375.02,35.6
375.03,33.5
375.04,31.4
375.05,31.1
375.06,30.1
375.07,32.4
375.08,33.2
375.09,33.5
375.1,30.3
375.11,27
375.12,28.2
375.13,29.3
375.14,30.8
375.15,36.7
375.16,37
375.17,36.7
375.18,36.3
375.19,36.7
375.2,37
375.21,43.3
375.22,41.6
375.23,44.1
375.24,47.3
375.25,50
375.26,54.4
375.27,63
375.28,65
375.29,70.2
375.3,73.5
375.31,77.1
375.32,79.2
375.33,80.4
375.34,78.4
375.35,78.6
375.36,74.5
375.37,77.4
375.38,73.3
375.39,74.7
375.4,77.5
375.41,85.6
375.42,92.1
375.43,89.5
375.44,84.9
375.45,88.4
375.46,88.6
375.47,89
375.48,83.4
375.49,79.7
375.5,80.7
375.51,84.7
375.52,89.6
375.53,100.9
375.54,106.3
375.55,109.9
375.56,114.1
375.57,109.1
375.58,115.8
375.59,117.2
375.6,119.1
375.61,117.6
375.62,114.2
375.63,121
375.64,128.9
375.65,130.3
375.66,140.7
375.67,137.7
375.68,130.4
375.69,131.5
375.7,136.7
375.71,128.1
375.72,135.2
375.73,131.5
375.74,137.9
375.75,125.1
375.76,132.3
375.77,121.6
375.78,119.6
375.79,122.9
375.8,124.8
375.81,118.2
375.82,123.3
375.83,114.5
375.84,111.7
375.85,114.9
375.86,119.7
375.87,101.7
375.88,100.6
375.89,84
375.9,53.8
375.91,42.5
375.92,25.5
375.93,3.4
375.94,-6.4
375.95,-17.7
375.96,-22.9
375.97,-22.4
375.98,-24.8
375.99,-38.3
376,-40.8
376.01,-36.6
376.02,-18.3
376.03,-21.9
376.04,-23
376.05,-21.8
376.06,-20
376.07,-17
376.08,-11.5
376.09,-8.9
376.1,-8.1
376.11,-4.3
376.12,-2.6
376.13,-0.3
376.14,1
376.15,2.7
376.16,2.6
376.17,1.4
376.18,-1.5
376.19,-2.9
376.2,-4.5
376.21,0
376.22,0.9
376.23,0
376.24,0.2
376.25,0
376.26,-1.3
376.27,-0.2
376.28,0
376.29,1.3
376.3,1.4
376.31,2.2
376.32,1.1
376.33,2.4
376.34,2
376.35,1.4
376.36,2
376.37,2.8
376.38,2.4
376.39,3.5
376.4,2.7
376.41,1.1
376.42,2.6
376.43,2.8
376.44,2.6
376.45,2.3
376.46,1.8
376.47,1.9
376.48,2
376.49,1.3
376.5,2.3
376.51,0.9
376.52,0.4
376.53,1.1
376.54,1.3
376.55,1.3
376.56,0.9
376.57,1.8
376.58,1.3
376.59,1.1
376.6,1.1
376.61,2.1
376.62,0.8
376.63,-0.8
376.64,1
376.65,1.3
376.66,0.8
376.67,0.3
376.68,1.6
376.69,1.4
376.7,-0.3
376.71,-1
376.72,-1.4
376.73,-1
376.74,-1.5
376.75,0
376.76,0.3
376.77,-1.2
376.78,-0.6
376.79,-0.3
376.8,0.8
376.81,1.7
376.82,4.2
376.83,8.7
376.84,10.1
376.85,13
376.86,15.9
376.87,16.4
376.88,17.3
376.89,22.4
376.9,24.5
376.91,36.3
376.92,51
376.93,48.2
376.94,44.7
376.95,45.7
376.96,50.1
376.97,53.1
376.98,53.4
376.99,48.9
377,44.1
377.01,40
377.02,40.3
377.03,42.5
377.04,42.8
377.05,39.9
377.06,35.3
377.07,29.2
377.08,27.8
377.09,27.5
377.1,26
377.11,26.3
377.12,23.3
377.13,17.4
377.14,15.4
377.15,10.7
377.16,6.2
377.17,3.5
377.18,-0.1
377.19,-3.5
377.2,-6.3
377.21,-10.3
377.22,-9.8
377.23,-9
377.24,-10.4
377.25,-13.6
377.26,-17.9
377.27,-15.1
377.28,-12.2
377.29,-9.2
377.3,-8.1
377.31,-5.5
377.32,-6.2
377.33,-5.1
377.34,-4.2
377.35,-3.2
377.36,-3
377.37,-2.4
377.38,-0.7
377.39,1.4
377.4,0.9
377.41,2.1
377.42,1
377.43,2.3
377.44,2.4
377.45,1.7
377.46,3.2
377.47,3
377.48,3.5
377.49,5.9
377.5,7.8
377.51,15.5
377.52,22
377.53,26.6
377.54,38.3
377.55,55.8
377.56,61.3
377.57,62.1
377.58,66.6
377.59,68.4
377.6,76.2
377.61,93
377.62,93.7
377.63,97.5
377.64,98
377.65,96.5
377.66,92.9
377.67,94.7
377.68,95.4
377.69,94.2
377.7,88.4
377.71,86.9
377.72,89.8
377.73,88.6
377.74,97.2
377.75,93.3
377.76,111.5
377.77,117.5
377.78,127.4
377.79,132.6
377.8,138.3
377.81,137
377.82,139.5
377.83,151.2
377.84,141.5
377.85,137.9
377.86,143.1
377.87,144
377.88,128.7
377.89,131.9
377.9,130
377.91,125.5
377.92,124.7
377.93,132.9
377.94,122.2
377.95,127.9
377.96,132.4
377.97,131
377.98,124
377.99,122.3
378,128.6
378.01,119.6
378.02,117.6
378.03,116.6
378.04,118.8
378.05,126
378.06,122.3
378.07,117.1
378.08,125.4
378.09,120.7
378.1,120.3
378.11,123.5
378.12,124.9
378.13,119.2
378.14,119.9
378.15,128
378.16,129.4
378.17,125.9
378.18,119.7
378.19,125.2
378.2,127.9
378.21,125.9
378.22,119
378.23,127
378.24,125.3
378.25,129.2
378.26,122.1
378.27,127.6
378.28,126.1
378.29,117.8
378.3,128.5
378.31,126.6
378.32,127.1
378.33,131.3
378.34,120.7
378.35,130
378.36,126.1
378.37,116.3
378.38,118.2
378.39,119.9
378.4,127.6
378.41,122.2
378.42,124.7
378.43,122.2
378.44,117.2
378.45,114.9
378.46,126.6
378.47,127.5
378.48,130.6
378.49,131.5
378.5,122.4
378.51,120.4
378.52,120.3
378.53,126.3
378.54,127.1
378.55,123
378.56,123.6
378.57,129.8
378.58,129.7
378.59,127.4
378.6,124.9
378.61,125.5
378.62,118.3
378.63,126
378.64,119.9
378.65,128.6
378.66,126.2
378.67,120.7
378.68,117.2
378.69,118.5
378.7,118.3
378.71,119
378.72,131.5
378.73,125.4
378.74,121.6
378.75,125.9
378.76,126
378.77,124.4
378.78,129
378.79,122.4
378.8,121.7
378.81,125.6
378.82,126.3
378.83,121.1
378.84,119.1
378.85,124.4
378.86,127.4
378.87,122
378.88,127.2
378.89,125.8
378.9,120.5
378.91,124
378.92,124.6
378.93,126.5
378.94,121.1
378.95,121.3
378.96,127.5
378.97,126.4
378.98,121
378.99,128.2
379,128.1
379.01,116.3
379.02,126
379.03,117.2
379.04,123.3
379.05,128.5
379.06,118.4
379.07,127.7
379.08,123.2
379.09,126.9
379.1,123.8
379.11,124.5
379.12,127.7
379.13,126.1
379.14,122.8
379.15,122
379.16,116.1
379.17,122.6
379.18,125.6
379.19,121.7
379.2,114.8
379.21,118.1
379.22,120.1
379.23,122.8
379.24,116.1
379.25,118
379.26,119.7
379.27,111.8
379.28,112.3
379.29,117.3
379.3,120
379.31,118.8
379.32,111.5
379.33,119.4
379.34,116.3
379.35,118.9
379.36,110.5
379.37,116.3
379.38,113.1
379.39,113.7
379.4,111.3
379.41,109
379.42,116.8
379.43,116.6
379.44,111.9
379.45,110.2
379.46,117.9
379.47,111
379.48,116.1
379.49,115
379.5,113.3
379.51,111.6
379.52,110.1
379.53,109.2
379.54,116.3
379.55,113.1
379.56,111.9
379.57,111.9
379.58,109.1
379.59,109.5
379.6,105.8
379.61,110.9
379.62,110.7
379.63,104.8
379.64,110.9
379.65,106.6
379.66,106.3
379.67,105.8
379.68,105.6
379.69,105.6
379.7,114.2
379.71,108.8
379.72,104.3
379.73,105.7
379.74,108.9
379.75,109.5
379.76,105.9
379.77,107.8
379.78,106.1
379.79,100.7
379.8,106.4
379.81,105.4
379.82,109.5
379.83,103.2
379.84,101.9
379.85,105.3
379.86,106.4
379.87,105.4
379.88,110.4
379.89,104.3
379.9,101.6
379.91,101.9
379.92,103.9
379.93,104.2
379.94,103.3
379.95,102
379.96,100.9
379.97,103.6
379.98,108.6
379.99,101.2
380,101.8
380.01,97.7
380.02,106.3
380.03,102.7
380.04,102.6
380.05,104.8
380.06,103.4
380.07,98.5
380.08,98.5
380.09,103.4
380.1,104.3
380.11,104.5
380.12,100.6
380.13,105.9
380.14,102.7
380.15,102.7
380.16,99.6
380.17,100.7
380.18,102.9
380.19,104.6
380.2,98.6
380.21,101
380.22,100.3
380.23,103.2
380.24,100.4
380.25,86.8
380.26,84.3
380.27,72
380.28,66.7
380.29,60.5
380.3,55.5
380.31,43.5
380.32,36.7
380.33,30.4
380.34,28
380.35,32.1
380.36,35.1
380.37,44.9
380.38,50.3
380.39,60.1
380.4,67.9
380.41,71.3
380.42,67.6
380.43,66.3
380.44,66.1
380.45,62.5
380.46,55
380.47,52.9
380.48,42.6
380.49,39.8
380.5,39.8
380.51,43
380.52,47.5
380.53,48.3
380.54,50.2
380.55,52.4
380.56,51
380.57,47.6
380.58,47.3
380.59,43.8
380.6,45.7
380.61,45.6
380.62,45.9
380.63,41.4
380.64,38.1
380.65,36.9
380.66,36.9
380.67,34.6
380.68,34.4
380.69,31.4
380.7,28.3
380.71,31.3
380.72,30.5
380.73,30.3
380.74,27.5
380.75,30.4
380.76,27.9
380.77,30.6
380.78,31.1
380.79,29.3
380.8,24.7
380.81,23.3
380.82,21.6
380.83,19.2
380.84,18.9
380.85,15.5
380.86,16.3
380.87,15.8
380.88,17.1
380.89,15.4
380.9,17
380.91,16.4
380.92,16.6
380.93,18.1
380.94,18.4
380.95,19.4
380.96,17.4
380.97,16.6
380.98,14.3
380.99,17.3
381,13.7
381.01,16.6
381.02,16.5
381.03,17.8
381.04,20.9
381.05,20
381.06,21.7
381.07,20.1
381.08,21.6
381.09,19.7
381.1,23.8
381.11,21.4
381.12,20.9
381.13,21.2
381.14,21.4
381.15,22.6
381.16,22.2
381.17,22.7
381.18,23.2
381.19,24.7
381.2,22.7
381.21,25.7
381.22,23.6
381.23,23.1
381.24,23.4
381.25,22.7
381.26,26.2
381.27,26.6
381.28,29.2
381.29,24.8
381.3,25.6
381.31,25.7
381.32,26.2
381.33,26.8
381.34,26.3
381.35,28.8
381.36,30.8
381.37,34.4
381.38,32.5
381.39,34.7
381.4,32.6
381.41,32.8
381.42,32.5
381.43,32.3
381.44,34.2
381.45,31.2
381.46,34.5
381.47,34.8
381.48,37.2
381.49,36.6
381.5,36.1
381.51,34.5
381.52,32.8
381.53,36.4
381.54,33.9
381.55,38
381.56,35.4
381.57,35.5
381.58,34.5
381.59,37
381.6,37.1
381.61,34.4
381.62,35.5
381.63,31.9
381.64,36.7
381.65,34.4
381.66,37.1
381.67,37
381.68,35.3
381.69,36.7
381.7,36.7
381.71,39.1
381.72,33
381.73,32.8
381.74,31
381.75,32.7
381.76,34.9
381.77,35.4
381.78,38.3
381.79,39.5
381.8,39.6
381.81,35.9
381.82,37.9
381.83,35.2
381.84,33.8
381.85,37.6
381.86,35.1
381.87,38.3
381.88,34.7
381.89,39.2
381.9,39
381.91,41.1
381.92,41.9
381.93,44.8
381.94,44.6
381.95,41.8
381.96,43.1
381.97,43.2
381.98,43.4
381.99,47.6
382,46.3
382.01,48.3
382.02,45.2
382.03,50.1
382.04,54.4
382.05,58.6
382.06,58.8
382.07,63.2
382.08,66.7
382.09,71.8
382.1,71.9
382.11,71.7
382.12,74.1
382.13,71.5
382.14,75.6
382.15,74.7
382.16,70.8
382.17,70.3
382.18,67.3
382.19,69
382.2,66.8
382.21,71.3
382.22,72.5
382.23,70.3
382.24,70.2
382.25,67.4
382.26,67.9
382.27,68
382.28,71
382.29,65.3
382.3,65.5
382.31,61.1
382.32,55.3
382.33,50.7
382.34,46.1
382.35,46.7
382.36,49.1
382.37,55.8
382.38,54.2
382.39,55.5
382.4,49.8
382.41,46.9
382.42,43.5
382.43,41.2
382.44,37.2
382.45,40.9
382.46,43.2
382.47,43.7
382.48,46.2
382.49,41.6
382.5,38
382.51,31.7
382.52,29.9
382.53,30.2
382.54,30.7
382.55,31.4
382.56,24.6
382.57,24.8
382.58,19
382.59,11.4
382.6,7.8
382.61,2.4
382.62,0.7
382.63,-2.4
382.64,-0.7
382.65,-6.4
382.66,-8.3
382.67,-8.8
382.68,-10.7
382.69,-11.6
382.7,-18
382.71,-15.4
382.72,-11.1
382.73,-7.8
382.74,-6.5
382.75,-8.9
382.76,-5.7
382.77,-3.8
382.78,-4.4
382.79,0.8
382.8,0
382.81,0
382.82,1.3
382.83,1.1
382.84,3.2
382.85,1.1
382.86,3.2
382.87,3
382.88,1.8
382.89,3.2
382.9,3.6
382.91,1.6
382.92,3.9
382.93,1
382.94,2.5
382.95,2.3
382.96,2
382.97,3.3
382.98,1.5
382.99,2.1
383,3.5
383.01,2.4
383.02,1.8
383.03,2.6
383.04,0.1
383.05,2.4
383.06,1.7
383.07,0.8
383.08,2.6
383.09,2
383.1,3.5
383.11,6.9
383.12,3.9
383.13,1.9
383.14,3.3
383.15,3.1
383.16,2.3
383.17,3.8
383.18,3.2
383.19,1.8
383.2,1.3
383.21,1.2
383.22,0
383.23,1.1
383.24,2.1
383.25,-0.3
383.26,0.7
383.27,1.1
383.28,0.8
383.29,-0.1
383.3,1
383.31,1.1
383.32,-0.8
383.33,-1.2
383.34,-0.5
383.35,-1
383.36,-0.2
383.37,0.6
383.38,-0.4
383.39,0.2
383.4,0.1
383.41,0.2
383.42,0.3
383.43,0.4
383.44,1.8
383.45,1
383.46,0.3
383.47,1.4
383.48,1.3
383.49,0.2
383.5,2.2
383.51,2.2
383.52,2.2
383.53,5
383.54,6.8
383.55,6.7
383.56,4.3
383.57,4.6
383.58,6.4
383.59,7.8
383.6,8.8
383.61,8.3
383.62,5.9
383.63,4.7
383.64,4
383.65,2.4
383.66,2.6
383.67,1.1
383.68,1
383.69,0.5
383.7,-1.5
383.71,-4
383.72,-9.1
383.73,-7.5
383.74,-6.3
383.75,-4.8
383.76,-4.7
383.77,-4.5
383.78,-5.9
383.79,-5
383.8,-4.6
383.81,-4.5
383.82,-4.2
383.83,-3.1
383.84,0
383.85,1.3
383.86,3.2
383.87,3.6
383.88,11.3
383.89,17.1
383.9,21.3
383.91,24.7
383.92,28.8
383.93,28.3
383.94,33.5
383.95,45.6
383.96,42.7
383.97,35.2
383.98,32.2
383.99,31
384,27.9
384.01,31
384.02,30.5
384.03,21.7
384.04,18.6
384.05,16.3
384.06,12.5
384.07,10.7
384.08,8.7
384.09,5.5
384.1,3.9
384.11,3.8
384.12,1.4
384.13,1.7
384.14,2.2
384.15,0.8
384.16,1.4
384.17,3.8
384.18,5.6
384.19,7.4
384.2,9.3
384.21,8.9
384.22,11.7
384.23,10.2
384.24,13.5
384.25,13.4
384.26,14.3
384.27,13.8
384.28,19.6
384.29,26.6
384.3,31.2
384.31,30.8
384.32,32.3
384.33,39.3
384.34,44.6
384.35,51.5
384.36,63.3
384.37,70.3
384.38,73.4
384.39,83.8
384.4,88.3
384.41,90
384.42,94.3
384.43,87.4
384.44,89.2
384.45,84.2
384.46,79.3
384.47,83
384.48,76.7
384.49,77.1
384.5,80
384.51,78.8
384.52,83
384.53,81.6
384.54,87.7
384.55,84.3
384.56,88.9
384.57,84.1
384.58,82.8
384.59,86.3
384.6,85.1
384.61,80.8
384.62,83.1
384.63,86.8
384.64,84.8
384.65,88.3
384.66,91
384.67,85.3
384.68,84.3
384.69,86.6
384.7,90
384.71,90.8
384.72,85.3
384.73,90.4
384.74,82.7
384.75,83.3
384.76,86.3
384.77,83.3
384.78,78.6
384.79,80.3
384.8,75
384.81,73.1
384.82,74.9
384.83,77.2
384.84,76.6
384.85,77.4
384.86,79.5
384.87,85.3
384.88,86.8
384.89,85.2
384.9,88.4
384.91,84.3
384.92,88.2
384.93,83.7
384.94,86.8
384.95,86
384.96,83.3
384.97,86.2
384.98,87.3
384.99,84.7
385,84.6
385.01,83.7
385.02,83.1
385.03,82.2
385.04,75.8
385.05,68.4
385.06,66.5
385.07,66.6
385.08,71
385.09,74.3
385.1,74.3
385.11,76.8
385.12,80.4
385.13,92.9
385.14,99.1
385.15,98.8
385.16,105.8
385.17,101.3
385.18,104.7
385.19,100
385.2,95.9
385.21,93.4
385.22,91.1
385.23,76.9
385.24,69
385.25,65.4
385.26,66.4
385.27,62.4
385.28,68.4
385.29,70.5
385.3,71.3
385.31,73.7
385.32,80.3
385.33,77.3
385.34,82.3
385.35,81.5
385.36,88.4
385.37,85.9
385.38,89.1
385.39,87.4
385.4,81.4
385.41,78.5
385.42,75
385.43,69
385.44,65
385.45,66.9
385.46,62
385.47,64.2
385.48,61.6
385.49,64.4
385.5,67
385.51,70.7
385.52,77.6
385.53,82.7
385.54,81.4
385.55,88.1
385.56,89
385.57,89.2
385.58,88.8
385.59,91.5
385.6,93.3
385.61,95.7
385.62,92.6
385.63,92.1
385.64,84.3
385.65,71.6
385.66,65.3
385.67,70.6
385.68,71.3
385.69,69.8
385.7,74.2
385.71,73.9
385.72,78.5
385.73,82.7
385.74,103.3
385.75,108
385.76,122.1
385.77,122.1
385.78,110.8
385.79,118.4
385.8,107.8
385.81,112
385.82,101.7
385.83,91.7
385.84,84.6
385.85,82.6
385.86,90.2
385.87,84
385.88,82.3
385.89,82.4
385.9,79.6
385.91,81
385.92,84.3
385.93,78.9
385.94,80.6
385.95,85.6
385.96,79.9
385.97,80.5
385.98,84.5
385.99,83.9
386,81
386.01,80.8
386.02,77.3
386.03,76.7
386.04,70.7
386.05,69.3
386.06,68.6
386.07,70.8
386.08,71.1
386.09,70.1
386.1,78
386.11,78.9
386.12,85.9
386.13,90.1
386.14,85.1
386.15,83
386.16,89.6
386.17,85.7
386.18,95.7
386.19,88.6
386.2,84.3
386.21,79.4
386.22,73.1
386.23,75.3
386.24,77.8
386.25,73
386.26,68.9
386.27,74.7
386.28,73.7
386.29,78.8
386.3,87.5
386.31,81.6
386.32,79.9
386.33,75.9
386.34,76.6
386.35,82.4
386.36,83
386.37,81
386.38,84.6
386.39,86.3
386.4,94.3
386.41,98.8
386.42,98.3
386.43,101.2
386.44,99.3
386.45,93.5
386.46,96.9
386.47,101.4
386.48,99
386.49,107.3
386.5,109.1
386.51,117.8
386.52,117
386.53,125.4
386.54,127.1
386.55,128.6
386.56,124.6
386.57,121.5
386.58,117.3
386.59,114.3
386.6,124.8
386.61,118.1
386.62,122.5
386.63,123
386.64,125.2
386.65,133.7
386.66,132.8
386.67,124.2
386.68,126.9
386.69,136.3
386.7,125.2
386.71,132.4
386.72,123.6
386.73,131.6
386.74,125.6
386.75,123.5
386.76,121.3
386.77,120.9
386.78,117.9
386.79,114.6
386.8,118
386.81,123.4
386.82,124.1
386.83,124.5
386.84,123.1
386.85,120.9
386.86,123.8
386.87,114.4
386.88,114
386.89,115.7
386.9,119.3
386.91,115.6
386.92,111.1
386.93,113.9
386.94,118.6
386.95,117.8
386.96,114.4
386.97,116.5
386.98,116.8
386.99,116.7
387,110.2
387.01,119.3
387.02,107.7
387.03,110.7
387.04,112
387.05,107.8
387.06,110
387.07,111.2
387.08,118
387.09,109
387.1,115.2
387.11,114.7
387.12,115.5
387.13,117.6
387.14,111.2
387.15,109.7
387.16,110.9
387.17,108.7
387.18,113.3
387.19,113.6
387.2,114.8
387.21,105.7
387.22,109.6
387.23,106.6
387.24,107.5
387.25,113.9
387.26,103.4
387.27,105.9
387.28,106.3
387.29,108.8
387.3,107
387.31,104.8
387.32,105.2
387.33,109.9
387.34,105.7
387.35,106.2
387.36,109
387.37,102.6
387.38,102.8
387.39,99.9
387.4,106.5
387.41,111.1
387.42,108.5
387.43,108.1
387.44,108.2
387.45,110.5
387.46,104.3
387.47,102.2
387.48,106.4
387.49,105.6
387.5,102
387.51,101.4
387.52,108
387.53,101.5
387.54,102.3
387.55,101.8
387.56,107.7
387.57,105.6
387.58,106.7
387.59,104
387.6,105.6
387.61,100.5
387.62,100.7
387.63,101.2
387.64,104.1
387.65,102.7
387.66,100.3
387.67,103.1
387.68,99.7
387.69,83.7
387.7,71.1
387.71,54.7
387.72,31.2
387.73,19.7
387.74,10.4
387.75,-4.1
387.76,-8.1
387.77,-12.8
387.78,-10.6
387.79,-16.8
387.8,-24
387.81,-28
387.82,-24.2
387.83,-16.6
387.84,-10.1
387.85,-9.5
387.86,-7.9
387.87,-4.9
387.88,-4
387.89,-1.5
387.9,-2.7
387.91,-3.6
387.92,-2.9
387.93,-4.5
387.94,-4.4
387.95,-2.2
387.96,-3.9
387.97,-6
387.98,-3.8
387.99,6.2
388,10
388.01,15
388.02,15.8
388.03,19.2
388.04,18.7
388.05,25.8
388.06,32.7
388.07,40
388.08,31.6
388.09,23.4
388.1,21.8
388.11,22.2
388.12,23.5
388.13,18.7
388.14,17.5
388.15,17
388.16,13.1
388.17,14.4
388.18,12.7
388.19,13.3
388.2,13.7
388.21,12.6
388.22,12.7
388.23,18.3
388.24,20
388.25,17.3
388.26,15.8
388.27,14
388.28,15.9
388.29,15.3
388.3,14.7
388.31,14.7
388.32,13.6
388.33,14
388.34,12.7
388.35,14.4
388.36,13.2
388.37,13.1
388.38,12.8
388.39,13
388.4,13.5
388.41,13.1
388.42,14.8
388.43,13.4
388.44,13.6
388.45,11.9
388.46,11.9
388.47,12.1
388.48,12.8
388.49,13.8
388.5,14.5
388.51,15.9
388.52,17.4
388.53,18.2
388.54,17.4
388.55,15.3
388.56,16.3
388.57,14.8
388.58,17.4
388.59,15.1
388.6,17.4
388.61,20.2
388.62,20.3
388.63,24.3
388.64,23
388.65,24.8
388.66,22.3
388.67,22.9
388.68,22.4
388.69,22.6
388.7,25.8
388.71,23.7
388.72,27
388.73,26.9
388.74,29.3
388.75,31.1
388.76,28.2
388.77,25.5
388.78,22.1
388.79,22.7
388.8,21.2
388.81,20.8
388.82,20.6
388.83,19.1
388.84,21.3
388.85,20
388.86,22.1
388.87,20.4
388.88,20
388.89,21.3
388.9,20
388.91,21
388.92,20.1
388.93,23.4
388.94,24.9
388.95,25.4
388.96,26.6
388.97,28
388.98,30.6
388.99,30.4
389,30.2
389.01,27.5
389.02,27
389.03,29.7
389.04,27
389.05,29.3
389.06,28.4
389.07,26
389.08,28
389.09,25.1
389.1,26.6
389.11,24.9
389.12,24.6
389.13,21.2
389.14,20.9
389.15,21.8
389.16,20
389.17,23.3
389.18,21.3
389.19,24.2
389.2,25.7
389.21,26
389.22,28.6
389.23,26.6
389.24,26.1
389.25,24.3
389.26,26.2
389.27,27.3
389.28,26.9
389.29,30.9
389.3,30.1
389.31,33.5
389.32,35.9
389.33,38.9
389.34,38.6
389.35,36.8
389.36,39.2
389.37,35.5
389.38,38.7
389.39,37.8
389.4,38.9
389.41,38.5
389.42,35.6
389.43,32.4
389.44,32.5
389.45,31
389.46,26
389.47,24.2
389.48,23.5
389.49,17.6
389.5,17
389.51,13.7
389.52,9.9
389.53,9.5
389.54,4.9
389.55,1.2
389.56,-2.2
389.57,-4.4
389.58,-7.5
389.59,-9.6
389.6,-7.6
389.61,-15.6
389.62,-21.1
389.63,-19.9
389.64,-13.9
389.65,-7.9
389.66,-9.8
389.67,-6.6
389.68,-7.4
389.69,-4.8
389.7,-3.1
389.71,-1.8
389.72,1.2
389.73,4.2
389.74,5.1
389.75,5.1
389.76,4.5
389.77,6
389.78,5.3
389.79,5.4
389.8,5.5
389.81,5.6
389.82,7.7
389.83,5.8
389.84,4
389.85,4.3
389.86,5
389.87,4
389.88,2.2
389.89,2.4
389.9,1.5
389.91,2.9
389.92,2.7
389.93,0.4
389.94,2.2
389.95,5.1
389.96,9.8
389.97,8
389.98,3.2
389.99,3.6
390,5.4
390.01,4.7
390.02,3.8
390.03,2.1
390.04,2.9
390.05,1.5
390.06,0.6
390.07,1.3
390.08,0.5
390.09,-0.7
390.1,0.9
390.11,1.2
390.12,0.2
390.13,0.5
390.14,5
390.15,8.8
390.16,6.6
390.17,2.1
390.18,5
390.19,3.7
390.2,2.7
390.21,2
390.22,-0.6
390.23,0
390.24,-1.7
390.25,-0.3
390.26,-0.5
390.27,0
390.28,-1.1
390.29,-0.6
390.3,1.5
390.31,5.2
390.32,6.4
390.33,2.6
390.34,3.3
390.35,3.6
390.36,3
390.37,3.4
390.38,2
390.39,2.1
390.4,-0.3
390.41,0
390.42,-2.9
390.43,-2
390.44,-1.8
390.45,-0.9
390.46,-1.2
390.47,-0.9
390.48,-1.1
390.49,-2.9
390.5,-3.5
390.51,-5
390.52,-4.4
390.53,-1.6
390.54,-1.1
390.55,-2.3
390.56,-0.6
390.57,0
390.58,1.5
390.59,0.6
390.6,0.1
390.61,2
390.62,-1.5
390.63,-1.9
390.64,-4.5
390.65,-4.7
390.66,-5.4
390.67,-2.6
390.68,-1.8
390.69,-1.6
390.7,-0.7
390.71,-1.6
390.72,0.2
390.73,-0.2
390.74,1.7
390.75,1.3
390.76,1.4
390.77,1.3
390.78,2
390.79,1
390.8,1.8
390.81,1
390.82,2.3
390.83,1.8
390.84,1.6
390.85,1.5
390.86,2.2
390.87,2
390.88,1.2
390.89,2
390.9,1.1
390.91,1.9
390.92,2
390.93,2.2
390.94,2
390.95,4
390.96,6.3
390.97,8.4
390.98,10.4
390.99,15.2
391,18.8
391.01,18.2
391.02,20
391.03,22.1
391.04,26.2
391.05,34
391.06,36.3
391.07,33
391.08,26.8
391.09,24
391.1,24.3
391.11,24.3
391.12,24.9
391.13,25.8
391.14,25.3
391.15,22.4
391.16,18.8
391.17,12.4
391.18,13.2
391.19,11.5
391.2,12.2
391.21,13.1
391.22,12.7
391.23,13.1
391.24,13.7
391.25,13.5
391.26,12.8
391.27,12.2
391.28,12.3
391.29,12.4
391.3,13.7
391.31,12.3
391.32,14.9
391.33,14.6
391.34,15.1
391.35,14.4
391.36,15.9
391.37,15.2
391.38,15.7
391.39,14.6
391.4,13.7
391.41,16.4
391.42,16.2
391.43,16.1
391.44,13.3
391.45,13.1
391.46,12.8
391.47,10.1
391.48,7.8
391.49,6.7
391.5,4.6
391.51,3.4
391.52,1.2
391.53,-0.1
391.54,-0.8
391.55,-0.9
391.56,-1.4
391.57,-0.6
391.58,-0.6
391.59,-0.5
391.6,0
391.61,1
391.62,-0.4
391.63,1
391.64,0.4
391.65,-1.4
391.66,-2.8
391.67,-3.1
391.68,-3.9
391.69,-2.8
391.7,-0.6
391.71,1.4
391.72,1.3
391.73,2.9
391.74,4.9
391.75,5.5
391.76,9.5
391.77,13.3
391.78,16.7
391.79,19.8
391.8,33
391.81,39.7
391.82,44.7
391.83,41.6
391.84,39
391.85,38.9
391.86,41.1
391.87,45.7
391.88,45.7
391.89,38.8
391.9,33.3
391.91,33.2
391.92,36
391.93,41.2
391.94,41.7
391.95,34.3
391.96,26.9
391.97,22.5
391.98,18.6
391.99,19.6
392,18.8
392.01,17.1
392.02,16.9
392.03,14.1
392.04,13.8
392.05,13.3
392.06,13.6
392.07,13.1
392.08,11.7
392.09,9.8
392.1,11.4
392.11,11.5
392.12,11.6
392.13,10.8
392.14,11.7
392.15,10.5
392.16,12.8
392.17,12.5
392.18,12
392.19,7.5
392.2,8
392.21,4.8
392.22,0.9
392.23,-0.6
392.24,-2.6
392.25,-3
392.26,-3.1
392.27,-3
392.28,0.3
392.29,3.6
392.3,7.8
392.31,14.3
392.32,19
392.33,21.9
392.34,23.4
392.35,23.3
392.36,27.9
392.37,30.6
392.38,41.3
392.39,47
392.4,46.9
392.41,40
392.42,39.6
392.43,41.8
392.44,46.5
392.45,52.1
392.46,54.4
392.47,47.1
392.48,40.7
392.49,39.4
392.5,41.3
392.51,46.3
392.52,57.1
392.53,60.5
392.54,61.4
392.55,58.1
392.56,60.9
392.57,62.1
392.58,78.2
392.59,86.5
392.6,90.1
392.61,80.4
392.62,73.3
392.63,75.4
392.64,82.9
392.65,97.8
392.66,102.3
392.67,104.9
392.68,94.5
392.69,98.7
392.7,104
392.71,102.6
392.72,107.4
392.73,117.6
392.74,105.5
392.75,107.6
392.76,125.4
392.77,137.8
392.78,144.8
392.79,146.3
392.8,144.4
392.81,134.1
392.82,144.3
392.83,145
392.84,143.9
392.85,140.6
392.86,139
392.87,125
392.88,121.8
392.89,123.9
392.9,129.6
392.91,124.7
392.92,129.3
392.93,132.8
392.94,128.4
392.95,127
392.96,129.7
392.97,124.2
392.98,129.8
392.99,117.6
393,127
393.01,127.1
393.02,119.1
393.03,127.3
393.04,126.8
393.05,127.1
393.06,128.8
393.07,122
393.08,117.3
393.09,127.2
393.1,114.4
393.11,129.1
393.12,126.7
393.13,120
393.14,130.3
393.15,126.1
393.16,127.9
393.17,118.9
393.18,127.6
393.19,127.5
393.2,129.2
393.21,127.9
393.22,125.2
393.23,114.7
393.24,122.2
393.25,126.2
393.26,131.3
393.27,123.5
393.28,121.7
393.29,123.9
393.3,127
393.31,129.5
393.32,121.6
393.33,118.5
393.34,117.9
393.35,126.5
393.36,122
393.37,130.8
393.38,137
393.39,131.3
393.4,124.5
393.41,109.5
393.42,108.6
393.43,109.3
393.44,112.6
393.45,108.8
393.46,108.7
393.47,107.6
393.48,106
393.49,105.4
393.5,105.6
393.51,102.7
393.52,107
393.53,101.6
393.54,93.5
393.55,95.2
393.56,96.8
393.57,101.5
393.58,99
393.59,92.5
393.6,74.8
393.61,72.8
393.62,73.3
393.63,73.7
393.64,82.8
393.65,79.9
393.66,78.2
393.67,72.7
393.68,74.5
393.69,87.3
393.7,88.3
393.71,88.8
393.72,84.9
393.73,81.1
393.74,80
393.75,81.4
393.76,91
393.77,92.1
393.78,81.1
393.79,72.6
393.8,75.7
393.81,79.2
393.82,75.5
393.83,74.9
393.84,63.6
393.85,58.6
393.86,60.2
393.87,57.5
393.88,58.9
393.89,65.1
393.9,68.4
393.91,66.1
393.92,69.4
393.93,69
393.94,69.1
393.95,72.7
393.96,75.1
393.97,76.8
393.98,76.2
393.99,73.2
394,70.8
394.01,69.2
394.02,74.7
394.03,78.8
394.04,77.8
394.05,73
394.06,74.4
394.07,70.1
394.08,73.1
394.09,75.8
394.1,74.8
394.11,77.7
394.12,74.1
394.13,71.9
394.14,73.6
394.15,72.5
394.16,74.9
394.17,71.3
394.18,66.1
394.19,60.9
394.2,54.1
394.21,50.8
394.22,46.6
394.23,39.1
394.24,37.9
394.25,35.7
394.26,36.4
394.27,39
394.28,40.9
394.29,44.3
394.3,47.5
394.31,47.7
394.32,50.7
394.33,52
394.34,54.5
394.35,50.2
394.36,50.7
394.37,48.7
394.38,41.4
394.39,46.2
394.4,46.5
394.41,48.1
394.42,47.1
394.43,46.3
394.44,42.3
394.45,38.5
394.46,37.9
394.47,33.9
394.48,35.2
394.49,29.7
394.5,23.5
394.51,19.8
394.52,18.1
394.53,15.2
394.54,15.3
394.55,17
394.56,17.2
394.57,17.5
394.58,22
394.59,21.1
394.6,22.7
394.61,24.5
394.62,24.7
394.63,27.2
394.64,28.8
394.65,30.8
394.66,29.6
394.67,32.2
394.68,31
394.69,30.3
394.7,32
394.71,32.3
394.72,32.2
394.73,31
394.74,30.9
394.75,30.3
394.76,31.5
394.77,34.1
394.78,34.9
394.79,40.6
394.8,41.8
394.81,39.9
394.82,41.6
394.83,40.8
394.84,38.5
394.85,41
394.86,38.7
394.87,35.7
394.88,31.8
394.89,29.2
394.9,28.6
394.91,28.2
394.92,29.6
394.93,31.1
394.94,30.5
394.95,29.3
394.96,25.8
394.97,27
394.98,26.4
394.99,27
395,25.7
395.01,25.6
395.02,25.3
395.03,26.5
395.04,27
395.05,24.6
395.06,25.7
395.07,25.7
395.08,28.1
395.09,26.4
395.1,30
395.11,30.7
395.12,27.2
395.13,29.8
395.14,26.9
395.15,27.1
395.16,26.9
395.17,28.3
395.18,26.6
395.19,23
395.2,20
395.21,14.9
395.22,11.6
395.23,9.4
395.24,7.9
395.25,5.3
395.26,6.4
395.27,5
395.28,2.9
395.29,0.6
395.3,-0.9
395.31,-3.4
395.32,-4.7
395.33,-4.7
395.34,-6.3
395.35,-7
395.36,-8.3
395.37,-10.3
395.38,-11.3
395.39,-10.7
395.4,-8.1
395.41,-6.8
395.42,-5.1
395.43,-4
395.44,-3.7
395.45,-2.4
395.46,3.5
395.47,3.7
395.48,3.4
395.49,4.9
395.5,6.3
395.51,5.3
395.52,8.6
395.53,11.8
395.54,13.6
395.55,13.9
395.56,17.6
395.57,18.1
395.58,19.5
395.59,27.9
395.6,38.6
395.61,44.2
395.62,43.3
395.63,43.4
395.64,45.7
395.65,51.7
395.66,54.9
395.67,52.5
395.68,46.7
395.69,42.8
395.7,40.8
395.71,40.8
395.72,47.4
395.73,54.3
395.74,59.4
395.75,55.1
395.76,42.7
395.77,39.3
395.78,33.3
395.79,26.9
395.8,25.9
395.81,25.5
395.82,26.8
395.83,28.7
395.84,33.4
395.85,36.1
395.86,36.1
395.87,38.1
395.88,40.3
395.89,41
395.9,44.1
395.91,45.8
395.92,46.4
395.93,44.7
395.94,48.8
395.95,46.9
395.96,45
395.97,46.6
395.98,49.9
395.99,45.3
396,44.1
396.01,40.6
396.02,40.6
396.03,43.3
396.04,44.8
396.05,44.8
396.06,40.4
396.07,38.2
396.08,36.9
396.09,39.1
396.1,41.6
396.11,41.7
396.12,37.2
396.13,37.1
396.14,33.1
396.15,30.4
396.16,29.6
396.17,31.1
396.18,29.8
396.19,29.6
396.2,33.4
396.21,30.6
396.22,28.9
396.23,29.1
396.24,29.5
396.25,28.6
396.26,28.6
396.27,26.8
396.28,24
396.29,25.1
396.3,21.8
396.31,19.8
396.32,17.5
396.33,17.8
396.34,15.9
396.35,16.7
396.36,20.3
396.37,26.1
396.38,27.8
396.39,36.4
396.4,38.8
396.41,38.6
396.42,45.5
396.43,48.5
396.44,46.8
396.45,47.6
396.46,47.1
396.47,43.8
396.48,46.9
396.49,46.1
396.5,44.5
396.51,42.7
396.52,45.7
396.53,45.8
396.54,51.7
396.55,51.2
396.56,45.6
396.57,44.4
396.58,48.7
396.59,51.6
396.6,56.5
396.61,52.4
396.62,45.6
396.63,44.4
396.64,48.5
396.65,51.6
396.66,51.7
396.67,49.6
396.68,47.6
396.69,47.4
396.7,51.8
396.71,52.9
396.72,51.9
396.73,51.4
396.74,50.8
396.75,54.3
396.76,57.2
396.77,60
396.78,61.6
396.79,68.1
396.8,73.4
396.81,74.9
396.82,76.4
396.83,79
396.84,75.3
396.85,77.5
396.86,81.8
396.87,80.7
396.88,75.1
396.89,72
396.9,68.4
396.91,66.4
396.92,68
396.93,67
396.94,63.8
396.95,64.9
396.96,67.1
396.97,71.9
396.98,69.8
396.99,73.3
397,70.7
397.01,73
397.02,72.5
397.03,66.6
397.04,63.6
397.05,64.4
397.06,71.1
397.07,74.1
397.08,69.8
397.09,69.9
397.1,65.7
397.11,61.8
397.12,57.5
397.13,58.3
397.14,56.1
397.15,57.1
397.16,61.8
397.17,63.6
397.18,70.6
397.19,73.1
397.2,73.2
397.21,72.2
397.22,67.1
397.23,55.9
397.24,53.8
397.25,57.9
397.26,56.9
397.27,51.3
397.28,47.1
397.29,39.7
397.3,44.6
397.31,45.8
397.32,47.1
397.33,44.5
397.34,41.6
397.35,37
397.36,39.9
397.37,37.1
397.38,36.4
397.39,37.7
397.4,35.5
397.41,34.5
397.42,36
397.43,36.4
397.44,35.3
397.45,37.5
397.46,37.7
397.47,38.7
397.48,40.8
397.49,37.8
397.5,34.4
397.51,34.8
397.52,32.7
397.53,31.2
397.54,30.8
397.55,32.6
397.56,32.8
397.57,33.6
397.58,31.2
397.59,32.9
397.6,29.4
397.61,27.3
397.62,27.4
397.63,28.6
397.64,18.6
397.65,14.7
397.66,13.4
397.67,11.6
397.68,12.2
397.69,10.1
397.7,9.8
397.71,9.1
397.72,9
397.73,7
397.74,7.5
397.75,9.5
397.76,8.6
397.77,9.7
397.78,9.9
397.79,11.9
397.8,18.2
397.81,20
397.82,20
397.83,22.9
397.84,24.3
397.85,22
397.86,23.8
397.87,22.4
397.88,22.8
397.89,28.6
397.9,30.4
397.91,34.5
397.92,41.2
397.93,44.6
397.94,44.2
397.95,45
397.96,41.9
397.97,44
397.98,39.7
397.99,37.4
398,36.6
398.01,33.7
398.02,28.2
398.03,26.3
398.04,27.6
398.05,27.1
398.06,33.2
398.07,35.8
398.08,35
398.09,32.6
398.1,32.9
398.11,30.7
398.12,27.9
398.13,27.7
398.14,25.5
398.15,27.3
398.16,25.1
398.17,26
398.18,27.2
398.19,27.6
398.2,28.9
398.21,29.6
398.22,27.8
398.23,26.6
398.24,31.3
398.25,31.7
398.26,32.8
398.27,36.7
398.28,35.5
398.29,33.9
398.3,33.7
398.31,34.3
398.32,35.8
398.33,38.1
398.34,37
398.35,37.4
398.36,34.8
398.37,37.2
398.38,35.6
398.39,38
398.4,36.5
398.41,39.3
398.42,39.4
398.43,36.8
398.44,38.8
398.45,40.6
398.46,46.3
398.47,50.3
398.48,50.2
398.49,48.5
398.5,47.8
398.51,46.5
398.52,51.2
398.53,54.8
398.54,55.6
398.55,63.4
398.56,65.7
398.57,76
398.58,82.7
398.59,77.9
398.6,77.9
398.61,83.3
398.62,84.6
398.63,79.9
398.64,74.5
398.65,70
398.66,70.8
398.67,73.6
398.68,70.4
398.69,83.3
398.7,91.9
398.71,96.3
398.72,99.4
398.73,94.1
398.74,93.5
398.75,101.2
398.76,105.8
398.77,102.6
398.78,111.1
398.79,109.5
398.8,107.2
398.81,116.6
398.82,116.9
398.83,121.2
398.84,120.2
398.85,127.5
398.86,130.8
398.87,127.5
398.88,135.8
398.89,129.7
398.9,133.9
398.91,132.4
398.92,132.3
398.93,128.2
398.94,130.2
398.95,132.2
398.96,135.3
398.97,132.5
398.98,125.2
398.99,123.5
399,123.8
399.01,122.2
399.02,123.2
399.03,122.7
399.04,118.5
399.05,112.7
399.06,112.5
399.07,121.9
399.08,119
399.09,115.3
399.1,110.5
399.11,112.6
399.12,117.3
399.13,120
399.14,113.7
399.15,116.6
399.16,114.6
399.17,116.4
399.18,114.7
399.19,117.1
399.2,118.7
399.21,111.8
399.22,110.7
399.23,110.8
399.24,116.9
399.25,114.3
399.26,111.4
399.27,118.4
399.28,110.9
399.29,117.8
399.3,116.4
399.31,113.3
399.32,114
399.33,119.3
399.34,113.9
399.35,104.7
399.36,111.1
399.37,106.7
399.38,113.7
399.39,110.4
399.4,116.6
399.41,110.8
399.42,108
399.43,109.2
399.44,107.2
399.45,108.1
399.46,109.5
399.47,101
399.48,98
399.49,105.8
399.5,105.6
399.51,110.4
399.52,101
399.53,103.7
399.54,106.1
399.55,105.9
399.56,112.1
399.57,109.4
399.58,100.4
399.59,97.5
399.6,99.4
399.61,110
399.62,108.7
399.63,103.8
399.64,104.5
399.65,100.4
399.66,105.1
399.67,106.3
399.68,108.8
399.69,105.3
399.7,101.1
399.71,102.2
399.72,105.6
399.73,101.7
399.74,102.2
399.75,100.6
399.76,107.9
399.77,106.9
399.78,100
399.79,101.2
399.8,100.9
399.81,102.6
399.82,110.1
399.83,108.1
399.84,99.2
399.85,101.8
399.86,99.8
399.87,108.4
399.88,105.9
399.89,102.4
399.9,101.7
399.91,103.4
399.92,103.1
399.93,103.2
399.94,111.4
399.95,102.8
399.96,103.7
399.97,103.2
399.98,105.5
399.99,107.6
400,102
400.01,101.4
400.02,101.5
400.03,97.9
400.04,103.4
400.05,105
400.06,101
400.07,99.4
400.08,101.1
400.09,98.6
400.1,100.9
400.11,97
400.12,98.5
400.13,98.5
400.14,100.2
400.15,99.8
400.16,95.2
400.17,97.9
400.18,101.5
400.19,102.4
400.2,90.9
400.21,83.5
400.22,68.3
400.23,41.7
400.24,28.4
400.25,10.8
400.26,-8.5
400.27,-16.1
400.28,-22.8
400.29,-27.6
400.3,-37.9
400.31,-46.7
400.32,-48.7
400.33,-37.2
400.34,-30.8
400.35,-28.4
400.36,-29.1
400.37,-28.3
400.38,-25.3
400.39,-26.1
400.4,-18.9
400.41,-13.9
400.42,-8.8
400.43,-6
400.44,-4.1
400.45,-3
400.46,-1
400.47,2.7
400.48,3.5
400.49,4.3
400.5,6.5
400.51,4.1
400.52,6.5
400.53,6
400.54,5.2
400.55,5
400.56,4.7
400.57,5.7
400.58,4.1
400.59,5.7
400.6,7.3
400.61,10.2
400.62,8.1
400.63,5.8
400.64,6.8
400.65,5.6
400.66,4.9
400.67,4.5
400.68,2.4
400.69,4.7
400.7,6.2
400.71,2.9
400.72,3
400.73,2.9
400.74,2.4
400.75,3.2
400.76,1.8
400.77,2.4
400.78,5.3
400.79,5.2
400.8,3.1
400.81,2
400.82,1.8
400.83,1.9
400.84,2.2
400.85,2
400.86,0.5
400.87,2.4
400.88,0.6
400.89,2.1
400.9,0.9
400.91,3.9
400.92,7.9
400.93,9.6
400.94,9.7
400.95,5.5
400.96,4.1
400.97,4.8
400.98,5.9
400.99,5.6
401,6.3
401.01,6.4
401.02,5.3
401.03,4.6
401.04,3
401.05,1.2
401.06,2.4
401.07,5.6
401.08,6.8
401.09,7.2
401.1,7.1
401.11,6.1
401.12,5.6
401.13,5.9
401.14,6.1
401.15,7.3
401.16,6.5
401.17,5
401.18,4.1
401.19,3.5
401.2,3
401.21,2.6
401.22,1.7
401.23,0.7
401.24,0.2
401.25,-0.4
401.26,0
401.27,-0.7
401.28,-0.8
401.29,-1
401.3,-0.9
401.31,-2.3
401.32,-4.6
401.33,-6.3
401.34,-5.1
401.35,-4.1
401.36,-3.5
401.37,-3.1
401.38,-2.3
401.39,-2.9
401.4,-2.6
401.41,-1.1
401.42,0.2
401.43,1.2
401.44,0.5
401.45,0.5
401.46,-2.5
401.47,-6.4
401.48,-9.1
401.49,-6.1
401.5,-5.2
401.51,-3.5
401.52,-4.3
401.53,-5.1
401.54,-6.7
401.55,-5.6
401.56,-5
401.57,-3.9
401.58,-2.7
401.59,-1.5
401.6,-1.6
401.61,-3.2
401.62,-2.7
401.63,-1.8
401.64,0
401.65,0.3
401.66,0.3
401.67,0.3
401.68,1.1
401.69,1.6
401.7,2.2
401.71,2.6
401.72,4.8
401.73,9.9
401.74,17.4
401.75,20.8
401.76,25.5
401.77,27
401.78,32.8
401.79,34.8
401.8,29.7
401.81,19.4
401.82,9.7
401.83,8.9
401.84,5.7
401.85,1.4
401.86,0.1
401.87,-1.2
401.88,0
401.89,0.1
401.9,0
401.91,0.7
401.92,2
401.93,4.6
401.94,8.6
401.95,14.1
401.96,16
401.97,15.3
401.98,15.8
401.99,15.9
402,15.3
402.01,20.6
402.02,24.7
402.03,22.8
402.04,20
402.05,17.9
402.06,19
402.07,22.7
402.08,25.1
402.09,32.2
402.1,35.6
402.11,37.6
402.12,38.4
402.13,35.9
402.14,39.3
402.15,41
402.16,43.2
402.17,42.3
402.18,44.1
402.19,40.6
402.2,39.6
402.21,40.8
402.22,40.4
402.23,38.2
402.24,40.1
402.25,40.6
402.26,40.5
402.27,46.2
402.28,48.8
402.29,53.7
402.3,59.3
402.31,61.1
402.32,59.9
402.33,59.7
402.34,56.4
402.35,59.7
402.36,58.1
402.37,54.5
402.38,53.2
402.39,51.7
402.4,52.2
402.41,49.9
402.42,53.4
402.43,55.1
402.44,60.9
402.45,59.4
402.46,62.3
402.47,70.9
402.48,82.4
402.49,87.9
402.5,93.8
402.51,90.7
402.52,89.4
402.53,101.3
402.54,96.4
402.55,100.3
402.56,95.5
402.57,92.9
402.58,97.8
402.59,91.4
402.6,95
402.61,105.5
402.62,109.9
402.63,118.2
402.64,124.1
402.65,127
402.66,139.1
402.67,138.1
402.68,144.8
402.69,147
402.7,142.9
402.71,145.9
402.72,148.4
402.73,131.1
402.74,140.6
402.75,139.3
402.76,136.7
402.77,121
402.78,130
402.79,124.4
402.8,130.8
402.81,131.8
402.82,123
402.83,125.6
402.84,123.3
402.85,119.4
402.86,121.4
402.87,117.2
402.88,124.9
402.89,124.1
402.9,124.5
402.91,119.5
402.92,126.7
402.93,128.3
402.94,115.6
402.95,127.4
402.96,120.1
402.97,125.6
402.98,131.1
402.99,120.6
403,121.9
403.01,126.8
403.02,118.3
403.03,126.2
403.04,126.9
403.05,115.5
403.06,115.5
403.07,123.2
403.08,124.5
403.09,124.3
403.1,120.6
403.11,126.4
403.12,124.9
403.13,120.5
403.14,127.8
403.15,120.5
403.16,126.8
403.17,122.8
403.18,130.1
403.19,126.9
403.2,127.7
403.21,128.6
403.22,129.4
403.23,126.7
403.24,126.9
403.25,129
403.26,121.6
403.27,129.3
403.28,125.3
403.29,117.1
403.3,121.6
403.31,124.6
403.32,129
403.33,119.9
403.34,130.7
403.35,121.7
403.36,118.9
403.37,119
403.38,121
403.39,123.7
403.4,126.1
403.41,128.4
403.42,129.7
403.43,127.2
403.44,126.2
403.45,116.6
403.46,118.4
403.47,126.3
403.48,126.5
403.49,117
403.5,119.3
403.51,127.9
403.52,129.5
403.53,120.4
403.54,124.5
403.55,120.4
403.56,126
403.57,127.7
403.58,127.7
403.59,122.3
403.6,124.7
403.61,129.1
403.62,126.2
403.63,122.9
403.64,123.1
403.65,126.2
403.66,120.1
403.67,130.5
403.68,123.4
403.69,121.1
403.7,128.4
403.71,116.2
403.72,124.4
403.73,116.3
403.74,124.4
403.75,130.2
403.76,124.2
403.77,127.9
403.78,117.9
403.79,126.6
403.8,124
403.81,118.5
403.82,130.3
403.83,128
403.84,130.8
403.85,123.8
403.86,128.1
403.87,125.6
403.88,126.3
403.89,128.2
403.9,125.1
403.91,121.4
403.92,129.1
403.93,123.5
403.94,118.9
403.95,115.9
403.96,120
403.97,120.6
403.98,123.4
403.99,124.5
404,128.3
404.01,116
404.02,116.6
404.03,118.1
404.04,120.9
404.05,128.7
404.06,126.6
404.07,124.6
404.08,129.2
404.09,121.3
404.1,119.6
404.11,128.7
404.12,123.2
404.13,123.6
404.14,128.5
404.15,119.6
404.16,124.2
404.17,117.4
404.18,118.3
404.19,124.1
404.2,119.9
404.21,120
404.22,124.6
404.23,126
404.24,120.3
404.25,122.4
404.26,121.7
404.27,119.4
404.28,121.4
404.29,121.3
404.3,118.3
404.31,122.8
404.32,125.4
404.33,120.7
404.34,118.7
404.35,117.8
404.36,120.9
404.37,122.5
404.38,114.8
404.39,118
404.4,115.1
404.41,120.1
404.42,128.1
404.43,116.7
404.44,113.1
404.45,114.3
404.46,122.2
404.47,115.6
404.48,116.1
404.49,113.9
404.5,120.5
404.51,111.8
404.52,117.8
404.53,116.8
404.54,121.5
404.55,122.2
404.56,118.3
404.57,112.8
404.58,112.4
404.59,108.8
404.6,112.9
404.61,112.3
404.62,113.4
404.63,114.6
404.64,108.1
404.65,115.1
404.66,111.2
404.67,118
404.68,113.6
404.69,107.5
404.7,111.3
404.71,111
404.72,115.3
404.73,108.5
404.74,112.5
404.75,113.7
404.76,115.4
404.77,114.7
404.78,107.6
404.79,117.4
404.8,113.3
404.81,109.6
404.82,110.1
404.83,104.4
404.84,107.9
404.85,109.5
404.86,108.4
404.87,110.3
404.88,116
404.89,114.8
404.9,112.3
404.91,108.8
404.92,110.9
404.93,111.8
404.94,106.7
404.95,109.6
404.96,111.6
404.97,114.2
404.98,111.6
404.99,110.8
405,112.9
405.01,108.4
405.02,115.2
405.03,105.9
405.04,109
405.05,105.7
405.06,108.4
405.07,108.1
405.08,103.4
405.09,108.3
405.1,110.1
405.11,105.9
405.12,102.4
405.13,102.4
405.14,103.8
405.15,100.8
405.16,102.2
405.17,101.5
405.18,111.2
405.19,108
405.2,105
405.21,107.5
405.22,106.6
405.23,108.4
405.24,102.6
405.25,108.6
405.26,102.6
405.27,102.5
405.28,105.1
405.29,102.2
405.3,108.2
405.31,104
405.32,104.4
405.33,99.6
405.34,107.3
405.35,102.4
405.36,102.5
405.37,100.9
405.38,104.9
405.39,100.1
405.4,98.6
405.41,108.9
405.42,107.8
405.43,100.3
405.44,102.5
405.45,96.7
405.46,98.2
405.47,105.6
405.48,102.4
405.49,100.9
405.5,101.2
405.51,102.8
405.52,102.9
405.53,102.4
405.54,97.6
405.55,103.9
405.56,102.8
405.57,104.8
405.58,98.6
405.59,101.7
405.6,100.5
405.61,100.1
405.62,98.6
405.63,100.3
405.64,104
405.65,94.3
405.66,98.8
405.67,101.4
405.68,101.1
405.69,94.1
405.7,92.2
405.71,85.5
405.72,78.7
405.73,68.4
405.74,59.2
405.75,38.9
405.76,25.6
405.77,13.8
405.78,-2.2
405.79,-8.3
405.8,-16.1
405.81,-13.3
405.82,-14.3
405.83,-12.4
405.84,-14.3
405.85,-20.8
405.86,-23.5
405.87,-23.8
405.88,-16.8
405.89,-13.5
405.9,-6.7
405.91,-8.9
405.92,-7.7
405.93,-8.2
405.94,-5.8
405.95,-3.9
405.96,-2.8
405.97,-2.6
405.98,-1.9
405.99,2.9
406,1.5
406.01,0
406.02,3.2
406.03,2.6
406.04,4.2
406.05,3.7
406.06,3
406.07,2.9
406.08,2.4
406.09,3.4
406.1,1.9
406.11,3.2
406.12,2.6
406.13,2.6
406.14,2.9
406.15,1.4
406.16,1.3
406.17,1.7
406.18,1.7
406.19,1.9
406.2,1.5
406.21,0.5
406.22,2.6
406.23,0.9
406.24,2
406.25,1.6
406.26,0.6
406.27,1
406.28,0.4
406.29,1.2
406.3,1.1
406.31,1.1
406.32,1.1
406.33,1.8
406.34,-1.2
406.35,-0.7
406.36,-2.2
406.37,-3.5
406.38,-1.1
406.39,-0.7
406.4,-0.3
406.41,-0.1
406.42,-0.5
406.43,1.1
406.44,4
406.45,2.7
406.46,6.8
406.47,7.6
406.48,9.7
406.49,12.7
406.5,11.8
406.51,12
406.52,12.1
406.53,14.1
406.54,17.1
406.55,20.1
406.56,21.8
406.57,21.8
406.58,19.4
406.59,17.2
406.6,17.2
406.61,16.2
406.62,17.9
406.63,17.4
406.64,17.7
406.65,17.7
406.66,15.6
406.67,15.8
406.68,15.3
406.69,14.4
406.7,16.5
406.71,18.6
406.72,18.5
406.73,19.7
406.74,16.7
406.75,15
406.76,15.2
406.77,12.6
406.78,15
406.79,15
406.8,13.4
406.81,16.4
406.82,12.7
406.83,11.8
406.84,13.1
406.85,12.4
406.86,12
406.87,11.7
406.88,11.6
406.89,13.1
406.9,13.4
406.91,12.2
406.92,15.3
406.93,17.1
406.94,16.4
406.95,18.9
406.96,20.1
406.97,22.8
406.98,25.1
406.99,26.4
407,26
407.01,27.7
407.02,26.3
407.03,27.8
407.04,27.4
407.05,27.4
407.06,26.5
407.07,25.3
407.08,23.9
407.09,26.4
407.1,22.9
407.11,25.2
407.12,26.5
407.13,23.5
407.14,22.9
407.15,21.3
407.16,21.8
407.17,23.8
407.18,25
407.19,22.2
407.2,22.3
407.21,20.8
407.22,20.8
407.23,21.6
407.24,22.2
407.25,22.7
407.26,23
407.27,23.1
407.28,21.9
407.29,23.1
407.3,22.5
407.31,23.6
407.32,22.8
407.33,20.6
407.34,19.1
407.35,20
407.36,17.9
407.37,20.3
407.38,23
407.39,23.5
407.4,26.5
407.41,23.5
407.42,23.3
407.43,23.8
407.44,23.8
407.45,25
407.46,32.1
407.47,32.5
407.48,32.3
407.49,35.6
407.5,34.1
407.51,34
407.52,37.1
407.53,37.2
407.54,38.7
407.55,38.7
407.56,34.4
407.57,37.9
407.58,44.9
407.59,52.5
407.6,62.4
407.61,67.4
407.62,70.7
407.63,70.4
407.64,67.8
407.65,75.8
407.66,74.9
407.67,79.3
407.68,86.1
407.69,83.2
407.7,86.6
407.71,96.4
407.72,95
407.73,100.2
407.74,95.1
407.75,98.9
407.76,98.6
407.77,97.5
407.78,97.1
407.79,94.8
407.8,96.1
407.81,90.8
407.82,100.3
407.83,96.9
407.84,95.6
407.85,105.6
407.86,108.7
407.87,107.1
407.88,111.7
407.89,112.5
407.9,118.4
407.91,123
407.92,127.3
407.93,134.5
407.94,137.6
407.95,142.2
407.96,143.7
407.97,137.7
407.98,132.8
407.99,128.5
408,130.3
408.01,128.3
408.02,125.9
408.03,126.5
408.04,124.1
408.05,121.2
408.06,123.2
408.07,125.9
408.08,128.2
408.09,124.4
408.1,118
408.11,117.7
408.12,107
408.13,105
408.14,98.1
408.15,78
408.16,72.5
408.17,55.4
408.18,29.5
408.19,13.6
408.2,-2.3
408.21,-21.5
408.22,-31.2
408.23,-37.1
408.24,-49.4
408.25,-62.3
408.26,-63.4
408.27,-48.6
408.28,-35.9
408.29,-34
408.3,-34.6
408.31,-28.8
408.32,-25.5
408.33,-22.4
408.34,-20.3
408.35,-12.6
408.36,-7.4
408.37,-7
408.38,-3.8
408.39,-2.9
408.4,-0.9
408.41,2.1
408.42,2.4
408.43,4.7
408.44,5.3
408.45,2.6
408.46,5.8
408.47,6.6
408.48,3.5
408.49,5.3
408.5,4.2
408.51,3.8
408.52,5.4
408.53,4.6
408.54,6.5
408.55,8.1
408.56,7.6
408.57,6.7
408.58,6.8
408.59,6.3
408.6,6.5
408.61,7.3
408.62,8.1
408.63,6.5
408.64,5.2
408.65,5.8
408.66,3.7
408.67,3.1
408.68,3.7
408.69,2.9
408.7,2
408.71,-0.5
408.72,1.7
408.73,0.9
408.74,-1.8
408.75,-5
408.76,-7.8
408.77,-5.8
408.78,-5.1
408.79,-4.1
408.8,-3.5
408.81,-2.9
408.82,-0.3
408.83,-0.2
408.84,-0.8
408.85,2.4
408.86,6.7
408.87,4.9
408.88,2.1
408.89,2.4
408.9,4.4
408.91,4.1
408.92,1.6
408.93,3.4
408.94,3.2
408.95,2
408.96,2.9
408.97,3.9
408.98,4.6
408.99,4.3
409,4.1
409.01,3.8
409.02,7.6
409.03,8.9
409.04,12.6
409.05,18.1
409.06,20.1
409.07,22.1
409.08,29.2
409.09,34.9
409.1,46.7
409.11,48.7
409.12,40.2
409.13,35.7
409.14,35.8
409.15,37.2
409.16,39.2
409.17,38.3
409.18,34
409.19,27.2
409.2,21.8
409.21,23.2
409.22,22.5
409.23,22.7
409.24,19.7
409.25,18.1
409.26,17.1
409.27,16.9
409.28,18
409.29,20.7
409.3,23.5
409.31,24.2
409.32,24.4
409.33,25.4
409.34,23
409.35,18.9
409.36,17
409.37,14
409.38,12.9
409.39,10.4
409.4,9.7
409.41,8.5
409.42,7.7
409.43,6.1
409.44,5.7
409.45,6.1
409.46,6.5
409.47,6.2
409.48,7.2
409.49,8
409.5,7.9
409.51,9.2
409.52,10.3
409.53,13.8
409.54,16.4
409.55,18.3
409.56,23.6
409.57,25.9
409.58,32.3
409.59,43.8
409.6,52.7
409.61,61.1
409.62,74.7
409.63,81.7
409.64,93.1
409.65,94
409.66,95.2
409.67,101.9
409.68,95.1
409.69,93.6
409.7,82.6
409.71,74.8
409.72,66.8
409.73,62.7
409.74,60.2
409.75,61.4
409.76,62.6
409.77,70.6
409.78,75.7
409.79,82.1
409.8,94.8
409.81,96.4
409.82,113.1
409.83,122.5
409.84,120.5
409.85,127.4
409.86,128.7
409.87,133.7
409.88,134.9
409.89,127.6
409.9,132.2
409.91,123.5
409.92,135.2
409.93,122.7
409.94,137.5
409.95,144.2
409.96,130.8
409.97,137
409.98,128
409.99,137.9
410,130.2
410.01,132.5
410.02,138
410.03,133.6
410.04,120.2
410.05,129.3
410.06,129.7
410.07,131.9
410.08,129.6
410.09,120.3
410.1,127.3
410.11,119.3
410.12,120.8
410.13,121.6
410.14,127.4
410.15,119.7
410.16,118
410.17,123.5
410.18,130.5
410.19,125.2
410.2,123
410.21,124.6
410.22,118.8
410.23,116.5
410.24,121
410.25,129.7
410.26,126.1
410.27,120.2
410.28,125.2
410.29,117.1
410.3,125.5
410.31,128.6
410.32,127.4
410.33,131.3
410.34,130.9
410.35,121.9
410.36,129.7
410.37,115.5
410.38,117.6
410.39,124.8
410.4,117.9
410.41,128
410.42,122.8
410.43,122.3
410.44,119.1
410.45,125.1
410.46,121.6
410.47,126
410.48,126.9
410.49,129.9
410.5,120.4
410.51,128.8
410.52,127.4
410.53,121
410.54,121.6
410.55,124.1
410.56,126.6
410.57,124.8
410.58,120.4
410.59,120.4
410.6,125.3
410.61,118.3
410.62,123.3
410.63,129.5
410.64,129.2
410.65,122.9
410.66,123.6
410.67,125.6
410.68,116
410.69,116.9
410.7,120.1
410.71,124.5
410.72,120.3
410.73,126.8
410.74,120.8
410.75,125
410.76,126.5
410.77,127.9
410.78,121.6
410.79,128
410.8,122.5
410.81,118.6
410.82,124.9
410.83,123.1
410.84,120
410.85,128.7
410.86,125.7
410.87,121
410.88,117.6
410.89,127.5
410.9,124.7
410.91,124.5
410.92,132.7
410.93,124.2
410.94,117.9
410.95,127.1
410.96,124.1
410.97,124.4
410.98,126.4
410.99,119
411,129.1
411.01,118.1
411.02,127.3
411.03,121.6
411.04,123.2
411.05,128.1
411.06,120
411.07,123.5
411.08,119.2
411.09,116.4
411.1,124.7
411.11,127.1
411.12,124.3
411.13,124.7
411.14,123.3
411.15,113.3
411.16,124.7
411.17,118.5
411.18,120
411.19,119.5
411.2,120.6
411.21,123.2
411.22,115.4
411.23,118.6
411.24,117.1
411.25,112.2
411.26,114.1
411.27,110
411.28,111.6
411.29,116.9
411.3,119
411.31,120.3
411.32,114.5
411.33,118.6
411.34,120.7
411.35,112.1
411.36,119.5
411.37,110.3
411.38,115.9
411.39,113.8
411.4,110.5
411.41,114.1
411.42,115.7
411.43,116.5
411.44,111.5
411.45,115.4
411.46,109
411.47,109.7
411.48,114.2
411.49,113.3
411.5,111.8
411.51,105.2
411.52,108.3
411.53,110.9
411.54,110.7
411.55,113.1
411.56,112
411.57,109.9
411.58,112.7
411.59,109.3
411.6,104.6
411.61,107.5
411.62,109
411.63,106.7
411.64,114.2
411.65,105.9
411.66,106.1
411.67,107.1
411.68,102.3
411.69,112.1
411.7,112.7
411.71,107.7
411.72,100.3
411.73,108.9
411.74,101.2
411.75,108.9
411.76,108.3
411.77,109.9
411.78,102.7
411.79,101.3
411.8,107.7
411.81,104.2
411.82,106.8
411.83,101.9
411.84,108
411.85,108.2
411.86,103.5
411.87,106.9
411.88,103.8
411.89,103.8
411.9,101.2
411.91,102.5
411.92,103.8
411.93,107.8
411.94,99.6
411.95,101.3
411.96,98.3
411.97,105.1
411.98,100.9
411.99,102.9
412,101.2
412.01,103
412.02,105.2
412.03,104.5
412.04,107.1
412.05,100.9
412.06,101.3
412.07,104.1
412.08,100.9
412.09,103.4
412.1,105.4
412.11,101.1
412.12,101.4
412.13,98.7
412.14,103
412.15,100.6
412.16,100.9
412.17,102.3
412.18,102.1
412.19,100.2
412.2,98.1
412.21,97.9
412.22,97.8
412.23,94
412.24,99.1
412.25,97.4
412.26,94.3
412.27,98.2
412.28,93.7
412.29,85.3
412.3,83.4
412.31,76.3
412.32,76.3
412.33,77.7
412.34,77.6
412.35,70.2
412.36,67.5
412.37,62.4
412.38,69.1
412.39,72.2
412.4,69.9
412.41,65.8
412.42,61.3
412.43,58.5
412.44,54.4
412.45,51.6
412.46,47.9
412.47,37
412.48,35.6
412.49,33.2
412.5,32.3
412.51,33.9
412.52,32.8
412.53,37.1
412.54,36.2
412.55,39.2
412.56,42
412.57,45.1
412.58,43.9
412.59,46.4
412.6,46.3
412.61,45.3
412.62,41.3
412.63,44.9
412.64,43.9
412.65,47.2
412.66,45.2
412.67,43
412.68,42.2
412.69,44
412.7,48.4
412.71,49
412.72,50
412.73,44.2
412.74,46.9
412.75,43.4
412.76,46.1
412.77,43.4
412.78,44.9
412.79,42.2
412.8,43.8
412.81,42.3
412.82,39.6
412.83,32.3
412.84,29.8
412.85,29
412.86,27.3
412.87,30.1
412.88,28.2
412.89,28.9
412.9,27.5
412.91,29.5
412.92,25.3
412.93,27.4
412.94,20
412.95,15
412.96,13
412.97,13.5
412.98,10.6
412.99,10.1
413,10
413.01,7.6
413.02,10.4
413.03,8.1
413.04,8.3
413.05,8.7
413.06,6.2
413.07,3.9
413.08,3.9
413.09,3.7
413.1,3.8
413.11,5.5
413.12,4.5
413.13,6.2
413.14,4.9
413.15,6.7
413.16,3.7
413.17,4.2
413.18,2.5
413.19,0.7
413.2,2.4
413.21,-0.1
413.22,0.2
413.23,-2.8
413.24,1
413.25,5.1
413.26,7.3
413.27,10.7
413.28,7.4
413.29,7
413.3,4.9
413.31,6.1
413.32,5.1
413.33,8.7
413.34,10.1
413.35,13.3
413.36,15.6
413.37,23
413.38,28.2
413.39,36.1
413.4,40.5
413.41,36.1
413.42,35.5
413.43,34.2
413.44,39.9
413.45,44.1
413.46,51.2
413.47,50
413.48,49.9
413.49,49.6
413.5,54.6
413.51,60.9
413.52,67.5
413.53,66
413.54,59.2
413.55,58.1
413.56,54.8
413.57,56.1
413.58,58.7
413.59,59.1
413.6,58.6
413.61,55.2
413.62,59.7
413.63,59.5
413.64,62.4
413.65,60.3
413.66,61.2
413.67,51.4
413.68,50.9
413.69,45.4
413.7,47.5
413.71,50.9
413.72,51.4
413.73,63.1
413.74,64.9
413.75,69.1
413.76,63
413.77,64.6
413.78,63.6
413.79,66
413.8,63.5
413.81,63.4
413.82,62.7
413.83,63.6
413.84,65.6
413.85,66.8
413.86,67.9
413.87,65.7
413.88,62.2
413.89,64.6
413.9,61.2
413.91,57.4
413.92,51.4
413.93,55.7
413.94,53.4
413.95,55.7
413.96,53.7
413.97,46
413.98,47.5
413.99,43.1
414,43.9
414.01,40.9
414.02,44.5
414.03,42.9
414.04,43.8
414.05,42.7
414.06,39.6
414.07,37.4
414.08,31.4
414.09,22.2
414.1,16.7
414.11,14.3
414.12,10.7
414.13,9.9
414.14,8.9
414.15,8.3
414.16,9.3
414.17,11.9
414.18,13.7
414.19,14.5
414.2,16.8
414.21,17
414.22,17.2
414.23,20
414.24,22.3
414.25,31.1
414.26,35.5
414.27,43.7
414.28,41.9
414.29,39.4
414.3,31.9
414.31,29.1
414.32,33.1
414.33,33.6
414.34,40.6
414.35,41.9
414.36,51.8
414.37,52.2
414.38,49.2
414.39,50.2
414.4,47
414.41,49.6
414.42,48.2
414.43,51.1
414.44,48.3
414.45,49.8
414.46,44.1
414.47,41.4
414.48,31.4
414.49,26.2
414.5,23.4
414.51,16.1
414.52,16.7
414.53,13.7
414.54,11.5
414.55,7.4
414.56,2.9
414.57,-3.9
414.58,-7.1
414.59,-10.2
414.6,-11.7
414.61,-11.6
414.62,-8.6
414.63,-9.7
414.64,-14.9
414.65,-19.2
414.66,-18.8
414.67,-13.5
414.68,-9.1
414.69,-6.8
414.7,-7.7
414.71,-6.8
414.72,-3.3
414.73,-3.3
414.74,-0.4
414.75,1.3
414.76,1.8
414.77,3.5
414.78,2
414.79,4.3
414.8,2.6
414.81,4.7
414.82,4.4
414.83,2.6
414.84,3.5
414.85,3.2
414.86,2.7
414.87,3.4
414.88,2.7
414.89,4.3
414.9,2.5
414.91,3.5
414.92,4.7
414.93,5.5
414.94,4.4
414.95,3.1
414.96,2.6
414.97,4.4
414.98,4
414.99,0.7
415,2.4
415.01,2.1
415.02,1.3
415.03,1.9
415.04,2.4
415.05,2.1
415.06,2.9
415.07,1.7
415.08,1.1
415.09,2.9
415.1,1.2
415.11,1.2
415.12,1.2
415.13,2.6
415.14,1.5
415.15,0.9
415.16,0.9
415.17,0.1
415.18,0.8
415.19,0.6
415.2,0
415.21,0.6
415.22,-1.8
415.23,-2.2
415.24,-2.2
415.25,-2.4
415.26,-2.5
415.27,-2.8
415.28,0.2
415.29,-1.4
415.3,-1
415.31,-0.1
415.32,-0.3
415.33,-0.5
415.34,0.8
415.35,3.3
415.36,4
415.37,5.8
415.38,5.8
415.39,9.2
415.4,11.3
415.41,12.9
415.42,14.8
415.43,15.3
415.44,17.8
415.45,19.4
415.46,26.1
415.47,33.3
415.48,32.9
415.49,28.8
415.5,19.8
415.51,21.4
415.52,21.6
415.53,18.7
415.54,17.3
415.55,12.7
415.56,8.6
415.57,8.1
415.58,7.7
415.59,4.4
415.6,3.5
415.61,4
415.62,3.2
415.63,4.2
415.64,6.1
415.65,9.5
415.66,10.7
415.67,16.1
415.68,19.8
415.69,21.9
415.7,27.8
415.71,32
415.72,33.4
415.73,34.5
415.74,34.8
415.75,34.6
415.76,36
415.77,39
415.78,35.6
415.79,39.8
415.8,42.6
415.81,40.5
415.82,42.9
415.83,42.9
415.84,42.2
415.85,41.5
415.86,39.1
415.87,37.8
415.88,38.4
415.89,39.1
415.9,38.2
415.91,34.8
415.92,34.9
415.93,32.1
415.94,29.5
415.95,31.1
415.96,29.2
415.97,29.2
415.98,29
415.99,26.4
416,25.6
416.01,26.7
416.02,25.6
416.03,24
416.04,26.7
416.05,26.1
416.06,26.8
416.07,24.2
416.08,23.7
416.09,21.8
416.1,20.5
416.11,24.8
416.12,25
416.13,28.9
416.14,32.8
416.15,33.5
416.16,32
416.17,31.2
416.18,32.3
416.19,29.1
416.2,30.3
416.21,30
416.22,31
416.23,31.4
416.24,31.3
416.25,30.2
416.26,30.4
416.27,31.3
416.28,32.6
416.29,35.8
416.3,36.8
416.31,39.5
416.32,41.4
416.33,45.8
416.34,48
416.35,50.7
416.36,52.8
416.37,49.9
416.38,47.9
416.39,49.2
416.4,47.9
416.41,48.6
416.42,51.5
416.43,53.2
416.44,49.4
416.45,49
416.46,45.4
416.47,48.7
416.48,50.2
416.49,50.7
416.5,49.5
416.51,44.8
416.52,39.1
416.53,38.8
416.54,42.1
416.55,42.7
416.56,39.3
416.57,38.4
416.58,32.8
416.59,32.7
416.6,32.8
416.61,33.7
416.62,30.5
416.63,29.4
416.64,28.1
416.65,28.2
416.66,29.3
416.67,29
416.68,28.1
416.69,26.9
416.7,28.1
416.71,28
416.72,31
416.73,32.1
416.74,31.7
416.75,34.4
416.76,38.2
416.77,39.7
416.78,40.8
416.79,44.4
416.8,41.4
416.81,43.6
416.82,44.1
416.83,43.7
416.84,41.3
416.85,41.1
416.86,40.2
416.87,43.3
416.88,47.5
416.89,45.3
416.9,44.8
416.91,47.6
416.92,48.5
416.93,50.1
416.94,52.6
416.95,50.6
416.96,48.7
416.97,43.2
416.98,40.5
416.99,36
417,34.6
417.01,33.7
417.02,36.3
417.03,41.6
417.04,40.2
417.05,39.8
417.06,37.9
417.07,33.7
417.08,34.9
417.09,33.8
417.1,35.5
417.11,34.3
417.12,32.3
417.13,27.5
417.14,26.5
417.15,24.1
417.16,24.8
417.17,23
417.18,22.6
417.19,21.6
417.2,20.9
417.21,19.1
417.22,18.4
417.23,18.5
417.24,20.9
417.25,25.4
417.26,26.9
417.27,31.3
417.28,34.2
417.29,34
417.3,37.6
417.31,37.7
417.32,40.1
417.33,40.5
417.34,42.2
417.35,42.2
417.36,42.6
417.37,44.4
417.38,40.5
417.39,40.8
417.4,41.2
417.41,40.2
417.42,41.8
417.43,43.1
417.44,42.3
417.45,43.1
417.46,43.4
417.47,44.9
417.48,51.4
417.49,54.9
417.5,61.5
417.51,68.9
417.52,70.7
417.53,69.7
417.54,71.6
417.55,72.5
417.56,69.1
417.57,75.3
417.58,81.4
417.59,80.2
417.6,86.2
417.61,84.4
417.62,92.5
417.63,99.7
417.64,98.3
417.65,93.7
417.66,85.4
417.67,77.9
417.68,69.5
417.69,61.8
417.7,57
417.71,57.6
417.72,59.7
417.73,58.7
417.74,59.5
417.75,64.2
417.76,65.7
417.77,67
417.78,70.5
417.79,71.3
417.8,68.1
417.81,72.8
417.82,70
417.83,76.7
417.84,79.1
417.85,80.1
417.86,74.5
417.87,69.2
417.88,61.3
417.89,61
417.9,58.2
417.91,55.3
417.92,57.3
417.93,54.4
417.94,53.7
417.95,55.4
417.96,57.6
417.97,59.6
417.98,60.5
417.99,60
418,57.9
418.01,57.6
418.02,59.6
418.03,63.3
418.04,66.8
418.05,69.7
418.06,72.3
418.07,69.2
418.08,74.8
418.09,80.8
418.1,83.6
418.11,81.2
418.12,84.4
418.13,79.5
418.14,90.5
418.15,96
418.16,96.5
418.17,107.4
418.18,110.4
418.19,114.2
418.2,121
418.21,134.3
418.22,141.7
418.23,140.5
418.24,147.1
418.25,142.5
418.26,147.8
418.27,148.4
418.28,146.1
418.29,134.5
418.3,140.2
418.31,128.4
418.32,133.4
418.33,135.3
418.34,132.8
418.35,128.8
418.36,124.9
418.37,123.9
418.38,123.5
418.39,125.8
418.4,119.1
418.41,122.4
418.42,124.9
418.43,122
418.44,124
418.45,123.6
418.46,118.8
418.47,113.3
418.48,123.4
418.49,125.7
418.5,116.1
418.51,126.4
418.52,116.6
418.53,118.6
418.54,118.9
418.55,119.8
418.56,115.9
418.57,125.5
418.58,117.6
418.59,121.7
418.6,117.9
418.61,121.1
418.62,111.4
418.63,117.3
418.64,121.7
418.65,114.5
418.66,117.3
418.67,113.9
418.68,116.7
418.69,120.7
418.7,117.3
418.71,117.4
418.72,118.1
418.73,111.4
418.74,115.7
418.75,109.9
418.76,115.2
418.77,109.8
418.78,111
418.79,112.7
418.8,111.7
418.81,116.7
418.82,116.1
418.83,110.3
418.84,110.8
418.85,115.7
418.86,108.7
418.87,107.6
418.88,108.8
418.89,109.9
418.9,109.1
418.91,107.6
418.92,106.8
418.93,109.3
418.94,105.3
418.95,111.8
418.96,110.3
418.97,107
418.98,111.7
418.99,106.5
419,108.3
419.01,107.9
419.02,103.9
419.03,104.4
419.04,112
419.05,105.2
419.06,107.6
419.07,104.8
419.08,104.8
419.09,103.9
419.1,102.3
419.11,108
419.12,101.2
419.13,104.6
419.14,108.2
419.15,110.7
419.16,109.6
419.17,103.7
419.18,110.4
419.19,102.1
419.2,106.3
419.21,105.5
419.22,101
419.23,106.3
419.24,103.6
419.25,106
419.26,105.7
419.27,107.2
419.28,99.1
419.29,100.3
419.3,105.4
419.31,105.9
419.32,100
419.33,103.8
419.34,98.6
419.35,100
419.36,101.3
419.37,103.4
419.38,98.1
419.39,102
419.4,98.8
419.41,102.2
419.42,101.6
419.43,98.2
419.44,99.8
419.45,99.3
419.46,97.6
419.47,97.4
419.48,106.4
419.49,96.1
419.5,102.5
419.51,97.1
419.52,98.9
419.53,99.5
419.54,101.2
419.55,99.1
419.56,101.2
419.57,100.9
419.58,100.7
419.59,98.2
419.6,99.8
419.61,98.2
419.62,90.1
419.63,85.7
419.64,71.2
419.65,66.5
419.66,60
419.67,58.9
419.68,55.8
419.69,54.4
419.7,50.4
419.71,52.2
419.72,52
419.73,60
419.74,64.8
419.75,67.1
419.76,62.1
419.77,67.3
419.78,70.7
419.79,74.7
419.8,72.7
419.81,69
419.82,56.9
419.83,52.5
419.84,45.3
419.85,31.4
419.86,26.3
419.87,19.3
419.88,14.7
419.89,7.9
419.9,1.9
419.91,-6.5
419.92,-8.4
419.93,-16
419.94,-14.2
419.95,-19.1
419.96,-28.6
419.97,-34.6
419.98,-31.4
419.99,-24.7
420,-16.6
420.01,-15.4
420.02,-17.3
420.03,-11.1
420.04,-11.1
420.05,-4.8
420.06,-6.5
420.07,-5.3
420.08,-6.1
420.09,-1.7
420.1,0.5
420.11,1
420.12,-0.1
420.13,2.4
420.14,3.1
420.15,4.1
420.16,4.4
420.17,3.7
420.18,5.2
420.19,2.9
420.2,5.4
420.21,4.3
420.22,4.9
420.23,3.6
420.24,8.3
420.25,9.5
420.26,9.5
420.27,7.7
420.28,5.1
420.29,6.6
420.3,3.1
420.31,5.3
420.32,4.6
420.33,2.2
420.34,2
420.35,1.7
420.36,1.7
420.37,1.1
420.38,-0.8
420.39,-1.1
420.4,-2.9
420.41,-3.5
420.42,-2.9
420.43,-1.4
420.44,-0.8
420.45,-1.1
420.46,0
420.47,0.3
420.48,-0.5
420.49,0.8
420.5,0.5
420.51,1.1
420.52,0.8
420.53,1.5
420.54,2.5
420.55,1.8
420.56,2.6
420.57,5.4
420.58,10.9
420.59,12
420.6,3.4
420.61,4.1
420.62,5.9
420.63,5.7
420.64,3
420.65,-2.6
420.66,-11.6
420.67,-6.5
420.68,-5
420.69,-3.3
420.7,-3.6
420.71,-3.9
420.72,-3.4
420.73,-1.2
420.74,-0.5
420.75,0.3
420.76,-2
420.77,-1.7
420.78,1.9
420.79,3
420.8,9.5
420.81,16.4
420.82,22.3
420.83,25.9
420.84,28.5
420.85,30.9
420.86,37.2
420.87,48.2
420.88,52.4
420.89,44.2
420.9,37.2
420.91,37.7
420.92,42.1
420.93,48
420.94,49.1
420.95,47.8
420.96,43.2
420.97,36.9
420.98,36.5
420.99,35.9
421,36.3
421.01,34.6
421.02,32.3
421.03,34.5
421.04,34.2
421.05,34.3
421.06,39
421.07,36.2
421.08,35.2
421.09,33.1
421.1,32.3
421.11,33.6
421.12,35
421.13,35.5
421.14,40.5
421.15,39.4
421.16,40.3
421.17,42
421.18,41.4
421.19,43.3
421.2,42.3
421.21,41.8
421.22,41.1
421.23,38.6
421.24,41.3
421.25,42.7
421.26,45.3
421.27,47.9
421.28,45.8
421.29,48.7
421.3,47.2
421.31,46.8
421.32,50.8
421.33,47.1
421.34,46.9
421.35,44.8
421.36,45.4
421.37,48.1
421.38,49.5
421.39,51.4
421.4,51.5
421.41,51.2
421.42,52.6
421.43,52.6
421.44,50.9
421.45,51.8
421.46,50.5
421.47,50.4
421.48,47.7
421.49,49
421.5,47.7
421.51,47.3
421.52,49.4
421.53,39.5
421.54,37.9
421.55,31.9
421.56,22.6
421.57,19.7
421.58,13.5
421.59,7.1
421.6,3
421.61,-1.6
421.62,-7.9
421.63,-10.9
421.64,-14.9
421.65,-12
421.66,-15.1
421.67,-23.5
421.68,-23.3
421.69,-22.3
421.7,-17
421.71,-11.1
421.72,-12.4
421.73,-10.1
421.74,-8.2
421.75,-5.5
421.76,-4.1
421.77,-1.7
421.78,0
421.79,1.8
421.8,1.8
421.81,2.9
421.82,4.2
421.83,1.9
421.84,6
421.85,6.4
421.86,6.5
421.87,4.9
421.88,5.2
421.89,5.1
421.9,5.4
421.91,5.1
421.92,2.8
421.93,2.3
421.94,0.7
421.95,1.8
421.96,0.6
421.97,2.2
421.98,1.6
421.99,0
422,2.9
422.01,6.4
422.02,1.9
422.03,2.2
422.04,1
422.05,3.3
422.06,1.1
422.07,-2.9
422.08,-8.1
422.09,-8.8
422.1,-3.5
422.11,-2.6
422.12,-4
422.13,-2.4
422.14,-1.2
422.15,-1.8
422.16,0
422.17,0.8
422.18,1.2
422.19,0.9
422.2,1.9
422.21,2.3
422.22,2.1
422.23,1.3
422.24,1.8
422.25,1.5
422.26,1.8
422.27,1.7
422.28,1.1
422.29,1.1
422.3,2.6
422.31,2.2
422.32,0.9
422.33,2.4
422.34,2.5
422.35,2
422.36,1.4
422.37,2.7
422.38,2.3
422.39,2.1
422.4,2.6
422.41,2.4
422.42,2
422.43,1.6
422.44,2.4
422.45,2.4
422.46,2.5
422.47,-0.1
422.48,0.5
422.49,2.3
422.5,0.8
422.51,1.1
422.52,1.1
422.53,0.8
422.54,0.5
422.55,0.9
422.56,-0.1
422.57,1.6
422.58,2
422.59,1.3
422.6,0.9
422.61,1.2
422.62,0.5
422.63,-0.7
422.64,-1.6
422.65,-2.3
422.66,-2
422.67,-2
422.68,-1.2
422.69,-0.5
422.7,-0.4
422.71,-1.6
422.72,-0.6
422.73,0.3
422.74,0
422.75,0.8
422.76,2.1
422.77,1.8
422.78,2.1
422.79,0.7
422.8,0.7
422.81,1.1
422.82,1.2
422.83,0
422.84,0
422.85,-0.2
422.86,2.5
422.87,2.3
422.88,2.3
422.89,5.2
422.9,4.5
422.91,4.4
422.92,4.4
422.93,4.1
422.94,4.9
422.95,4.7
422.96,4
422.97,3.7
422.98,4
422.99,3.6
423,3.5
423.01,3.6
423.02,5.2
423.03,5
423.04,6
423.05,4.8
423.06,4.5
423.07,5.3
423.08,3
423.09,3.8
423.1,4.3
423.11,3.3
423.12,3.5
423.13,4.4
423.14,4.1
423.15,3.8
423.16,3.9
423.17,3.5
423.18,3.4
423.19,2.9
423.2,2.7
423.21,5.2
423.22,4.5
423.23,5.9
423.24,6.2
423.25,5.6
423.26,4.8
423.27,5.3
423.28,6
423.29,6
423.3,5.4
423.31,4.4
423.32,5.6
423.33,7
423.34,7.4
423.35,8
423.36,5.6
423.37,6.2
423.38,6.3
423.39,7
423.4,5.1
423.41,6.2
423.42,6.9
423.43,6.7
423.44,7.2
423.45,7.4
423.46,9.7
423.47,11.3
423.48,14.8
423.49,19.9
423.5,26.7
423.51,32
423.52,37.6
423.53,41.3
423.54,47.4
423.55,49.8
423.56,50.7
423.57,46.2
423.58,42.7
423.59,47.1
423.6,43.6
423.61,42.1
423.62,41.3
423.63,42.1
423.64,41.1
423.65,39.5
423.66,36.6
423.67,34.4
423.68,34.6
423.69,33.2
423.7,33.3
423.71,36.3
423.72,38.7
423.73,39.3
423.74,40.1
423.75,38.5
423.76,37.8
423.77,37.9
423.78,36
423.79,36.3
423.8,37.9
423.81,37.9
423.82,35.5
423.83,30.8
423.84,26
423.85,23.2
423.86,16.7
423.87,10.3
423.88,9.3
423.89,8.3
423.9,6.4
423.91,3.5
423.92,4.7
423.93,3.3
423.94,2.6
423.95,1.7
423.96,1.6
423.97,0.5
423.98,-1.2
423.99,-3.2
424,-2.3
424.01,-2.8
424.02,-1.1
424.03,-1.1
424.04,-0.9
424.05,1.8
424.06,5.4
424.07,5.5
424.08,6.2
424.09,5.6
424.1,5
424.11,7.1
424.12,8.9
424.13,10.3
424.14,13.2
424.15,15.5
424.16,18
424.17,20.8
424.18,27.1
424.19,35.8
424.2,41.8
424.21,37.8
424.22,35.5
424.23,35.1
424.24,35.1
424.25,42.4
424.26,49.6
424.27,55.1
424.28,62.1
424.29,68.6
424.3,69
424.31,73.7
424.32,84
424.33,80.8
424.34,83.4
424.35,79.6
424.36,70
424.37,67.2
424.38,71.8
424.39,73.7
424.4,74.4
424.41,75.5
424.42,68.2
424.43,68.5
424.44,63.5
424.45,67.9
424.46,70.9
424.47,69.7
424.48,74.4
424.49,78.6
424.5,85.5
424.51,89.9
424.52,97.3
424.53,111
424.54,106.7
424.55,111.2
424.56,110.9
424.57,113.7
424.58,115.9
424.59,114.3
424.6,106.3
424.61,100.4
424.62,105.4
424.63,104.3
424.64,109.6
424.65,117.2
424.66,110.6
424.67,126
424.68,131.6
424.69,130
424.7,129.3
424.71,143.6
424.72,144.4
424.73,139
424.74,139.7
424.75,138
424.76,131.4
424.77,135.8
424.78,134.5
424.79,124.8
424.8,131.2
424.81,133.4
424.82,135.7
424.83,122.6
424.84,119.5
424.85,122.9
424.86,120.9
424.87,121.4
424.88,122
424.89,119.1
424.9,123.3
424.91,122.8
424.92,118.5
424.93,127.2
424.94,122.3
424.95,125.1
424.96,126.3
424.97,119.5
424.98,114.5
424.99,119.2
425,128.5
425.01,127.7
425.02,118.8
425.03,124.1
425.04,121.3
425.05,125.7
425.06,122.3
425.07,118.1
425.08,120.9
425.09,124.4
425.1,124.6
425.11,126.9
425.12,117.2
425.13,129.6
425.14,121.8
425.15,120.3
425.16,119.1
425.17,110.1
425.18,112.6
425.19,119.2
425.2,122.5
425.21,109.7
425.22,108.7
425.23,107.1
425.24,100.9
425.25,95.8
425.26,95.1
425.27,96.4
425.28,87.9
425.29,86.3
425.3,77.1
425.31,71.1
425.32,71
425.33,66
425.34,55.5
425.35,42.6
425.36,35.6
425.37,32.5
425.38,30.5
425.39,33.7
425.4,41.4
425.41,46.4
425.42,50.1
425.43,52.5
425.44,54.5
425.45,58.5
425.46,66.4
425.47,71.5
425.48,67.1
425.49,68.6
425.5,65.9
425.51,70.4
425.52,75.5
425.53,75.9
425.54,69.9
425.55,63.3
425.56,64.1
425.57,64.1
425.58,65.9
425.59,68.6
425.6,67.5
425.61,66.1
425.62,66.4
425.63,62.7
425.64,61.4
425.65,64.6
425.66,64.6
425.67,63.4
425.68,57.9
425.69,52.6
425.7,46.2
425.71,48.2
425.72,50.5
425.73,49.5
425.74,43.5
425.75,35.2
425.76,30.9
425.77,31.9
425.78,31.8
425.79,35.8
425.8,37.6
425.81,37.7
425.82,37.7
425.83,39.2
425.84,39.4
425.85,46.4
425.86,53.9
425.87,53.1
425.88,50.6
425.89,48.6
425.9,50.1
425.91,49.9
425.92,49.8
425.93,49.8
425.94,48.4
425.95,48.4
425.96,48
425.97,45.3
425.98,47.2
425.99,48.6
426,48.5
426.01,53.5
426.02,54.6
426.03,58.5
426.04,61.9
426.05,60.2
426.06,63.4
426.07,61.6
426.08,58.9
426.09,59.5
426.1,56.8
426.11,56
426.12,62.6
426.13,58.8
426.14,55.9
426.15,51
426.16,53.9
426.17,52.1
426.18,58.6
426.19,57.9
426.2,54.2
426.21,53.4
426.22,48.4
426.23,46.3
426.24,48.8
426.25,50.1
426.26,46.9
426.27,43.6
426.28,43.9
426.29,43.1
426.3,39.4
426.31,39.1
426.32,38.8
426.33,34.6
426.34,37
426.35,37.4
426.36,34.4
426.37,35.9
426.38,34.7
426.39,34.1
426.4,35.6
426.41,36.7
426.42,31
426.43,25.6
426.44,24.8
426.45,20.6
426.46,17.8
426.47,17
426.48,18.9
426.49,17.5
426.5,17.9
426.51,19.7
426.52,17.8
426.53,19.7
426.54,17.3
426.55,17.1
426.56,16
426.57,20.1
426.58,19.7
426.59,19.7
426.6,21
426.61,21.2
426.62,18.6
426.63,16.9
426.64,16.5
426.65,12.8
426.66,12.2
426.67,12.7
426.68,12.8
426.69,11.3
426.7,13.1
426.71,14.1
426.72,17.4
426.73,20.6
426.74,22.5
426.75,22.1
426.76,25.5
426.77,26.5
426.78,23.7
426.79,23.9
426.8,25.6
426.81,24.4
426.82,24.9
426.83,26.6
426.84,31.4
426.85,34.3
426.86,37.4
426.87,38.8
426.88,39.1
426.89,44.3
426.9,47.7
426.91,46.5
426.92,45.7
426.93,43.1
426.94,39.2
426.95,40
426.96,47.8
426.97,47.2
426.98,51.9
426.99,57.3
427,53.5
427.01,53.8
427.02,57.3
427.03,61.9
427.04,61.1
427.05,61.1
427.06,59.5
427.07,55.2
427.08,56.4
427.09,58.4
427.1,56.2
427.11,55
427.12,53.6
427.13,52.7
427.14,53.7
427.15,52.1
427.16,46.2
427.17,48.7
427.18,46.6
427.19,42.6
427.2,40.3
427.21,38.4
427.22,37.7
427.23,40.4
427.24,42
427.25,41.4
427.26,40.9
427.27,40.6
427.28,41.2
427.29,42
427.3,44.3
427.31,42.6
427.32,41.8
427.33,44.1
427.34,44.1
427.35,44.7
427.36,44.9
427.37,40.1
427.38,33.7
427.39,30.5
427.4,29.8
427.41,26.5
427.42,27.8
427.43,28.7
427.44,28.3
427.45,29.8
427.46,31.2
427.47,26.9
427.48,31.2
427.49,34
427.5,39.8
427.51,44.5
427.52,43.7
427.53,37
427.54,37.3
427.55,40.1
427.56,41.2
427.57,43.2
427.58,44.6
427.59,41
427.6,43.8
427.61,49.2
427.62,50.4
427.63,46.9
427.64,43
427.65,40.9
427.66,40.7
427.67,44.7
427.68,45.1
427.69,47
427.7,47.1
427.71,43.9
427.72,46.6
427.73,51.4
427.74,56
427.75,56.5
427.76,53.7
427.77,52.5
427.78,53.1
427.79,56.4
427.8,60.8
427.81,59.4
427.82,55
427.83,56.3
427.84,53.4
427.85,52.9
427.86,49.2
427.87,49.1
427.88,48.2
427.89,53.9
427.9,52
427.91,54
427.92,54.6
427.93,53.4
427.94,56.4
427.95,58.1
427.96,60.1
427.97,61.2
427.98,60
427.99,55.3
428,51.4
428.01,44.7
428.02,40.6
428.03,40.4
428.04,40.1
428.05,37.2
428.06,38.7
428.07,35.1
428.08,35.1
428.09,33.9
428.1,37.3
428.11,36.7
428.12,36.8
428.13,36.2
428.14,34
428.15,30.8
428.16,28.1
428.17,25.2
428.18,22.1
428.19,17.6
428.2,13.1
428.21,9.8
428.22,7.4
428.23,5.2
428.24,4.1
428.25,5.7
428.26,6.9
428.27,8.7
428.28,14.8
428.29,18.2
428.3,22.1
428.31,29.4
428.32,36.2
428.33,39.6
428.34,58.7
428.35,65.6
428.36,67
428.37,67.9
428.38,67.2
428.39,68.7
428.4,75
428.41,78.8
428.42,76.7
428.43,59.7
428.44,45.4
428.45,38.2
428.46,36.8
428.47,34.9
428.48,36.7
428.49,42.1
428.5,41.2
428.51,43.6
428.52,45.6
428.53,46.5
428.54,49.1
428.55,54.4
428.56,50
428.57,50
428.58,52.6
428.59,48.8
428.6,54.2
428.61,56.6
428.62,58.2
428.63,56.5
428.64,56.2
428.65,54.9
428.66,60.3
428.67,61.3
428.68,61.3
428.69,57.7
428.7,56.1
428.71,56.1
428.72,52.1
428.73,46.2
428.74,45.5
428.75,46.6
428.76,52.5
428.77,54.5
428.78,53.7
428.79,46.9
428.8,47
428.81,43.4
428.82,38.7
428.83,35.3
428.84,36.4
428.85,36.8
428.86,37.2
428.87,42.5
428.88,46.2
428.89,47.3
428.9,48.2
428.91,47.9
428.92,50.5
428.93,52.4
428.94,51.6
428.95,52.9
428.96,51.2
428.97,48.7
428.98,50
428.99,50.4
429,49.6
429.01,50.1
429.02,50.6
429.03,47.6
429.04,42.9
429.05,45.4
429.06,44.9
429.07,47
429.08,47.7
429.09,45.4
429.1,43.9
429.11,46
429.12,43.7
429.13,44.3
429.14,44.2
429.15,45.6
429.16,45.2
429.17,44.8
429.18,44.7
429.19,48.2
429.2,48.5
429.21,53.2
429.22,54.7
429.23,55.5
429.24,46.2
429.25,46.1
429.26,44
429.27,46.5
429.28,49.2
429.29,50.7
429.3,46
429.31,41.1
429.32,43.1
429.33,48
429.34,51.3
429.35,46.3
429.36,38.3
429.37,34.5
429.38,35.5
429.39,41.5
429.4,47.7
429.41,48.7
429.42,44.5
429.43,41.1
429.44,35
429.45,34.8
429.46,32.5
429.47,33.8
429.48,39.1
429.49,39.8
429.5,41.3
429.51,47.6
429.52,48.9
429.53,49.3
429.54,50.4
429.55,49.1
429.56,44.4
429.57,38.4
429.58,38
429.59,39
429.6,45.5
429.61,46.3
429.62,45.1
429.63,44.5
429.64,49.3
429.65,53.3
429.66,54.6
429.67,55
429.68,50.8
429.69,44.9
429.7,42.6
429.71,39.6
429.72,40.7
429.73,42.1
429.74,45.1
429.75,48.4
429.76,53.3
429.77,57.2
429.78,53.8
429.79,45.9
429.8,41.5
429.81,36.2
429.82,36.2
429.83,35.9
429.84,32.6
429.85,32.5
429.86,29
429.87,26.6
429.88,28.2
429.89,27
429.9,25.6
429.91,26.7
429.92,22
429.93,20.3
429.94,20.3
429.95,21.7
429.96,25.6
429.97,28.1
429.98,24.8
429.99,27.8
430,25.7
430.01,24.1
430.02,29.6
430.03,28
430.04,27.6
430.05,32.9
430.06,32.2
430.07,31
430.08,31.4
430.09,30.1
430.1,29.8
430.11,29.7
430.12,30.7
430.13,31.5
430.14,34
430.15,33.6
430.16,37.7
430.17,42.8
430.18,43.7
430.19,44.7
430.2,40.5
430.21,39.7
430.22,43.3
430.23,49.3
430.24,55.2
430.25,61.8
430.26,67.4
430.27,76
430.28,87.3
430.29,91.3
430.3,97.6
430.31,93.6
430.32,98.8
430.33,96.1
430.34,89.6
430.35,80
430.36,72.8
430.37,71.5
430.38,66.4
430.39,67.6
430.4,67.7
430.41,65.3
430.42,65
430.43,63
430.44,66.2
430.45,65.7
430.46,68.7
430.47,75.8
430.48,81.8
430.49,88.9
430.5,105.9
430.51,113.8
430.52,128.6
430.53,140.9
430.54,140.3
430.55,142.8
430.56,145.2
430.57,146.1
430.58,151.7
430.59,145.9
430.6,150
430.61,141
430.62,146.6
430.63,145.4
430.64,140.5
430.65,138.4
430.66,133.7
430.67,133.9
430.68,124.6
430.69,131.6
430.7,129.7
430.71,127.7
430.72,124.2
430.73,126.7
430.74,126.4
430.75,117.3
430.76,115
430.77,109.3
430.78,117.8
430.79,122.7
430.8,110.3
430.81,109.2
430.82,112.5
430.83,117
430.84,117.8
430.85,113.1
430.86,112
430.87,108.6
430.88,108.4
430.89,113.1
430.9,116.6
430.91,115.4
430.92,115.4
430.93,110.8
430.94,114
430.95,108
430.96,116
430.97,114.7
430.98,116.1
430.99,111.6
431,111.1
431.01,115.8
431.02,116.7
431.03,112
431.04,107
431.05,106.4
431.06,103.9
431.07,105.6
431.08,108.8
431.09,112.9
431.1,104
431.11,103.2
431.12,107.4
431.13,109.4
431.14,115.7
431.15,109.2
431.16,108.7
431.17,104.2
431.18,102.4
431.19,108.7
431.2,113.1
431.21,110.9
431.22,105.6
431.23,102.5
431.24,106.4
431.25,110.4
431.26,115.9
431.27,112.9
431.28,109.5
431.29,112.7
431.3,106.5
431.31,114.8
431.32,111.3
431.33,112.2
431.34,111
431.35,107.9
431.36,115.9
431.37,107.1
431.38,113
431.39,105.7
431.4,108
431.41,109.4
431.42,111.5
431.43,105.5
431.44,109.9
431.45,104.8
431.46,100.4
431.47,107.5
431.48,105.1
431.49,106.9
431.5,99.9
431.51,98
431.52,96
431.53,100.3
431.54,104.5
431.55,94.9
431.56,100.2
431.57,101.7
431.58,99.9
431.59,104.2
431.6,105.4
431.61,96.8
431.62,102.4
431.63,102.3
431.64,103.8
431.65,100.9
431.66,96.6
431.67,90.5
431.68,95.1
431.69,102.6
431.7,105.8
431.71,99.6
431.72,99.9
431.73,99.9
431.74,102
431.75,102.6
431.76,99.2
431.77,103.4
431.78,96.6
431.79,98.1
431.8,92.1
431.81,102
431.82,93.2
431.83,97.8
431.84,100.2
431.85,101.3
431.86,100
431.87,83.7
431.88,63.7
431.89,54.1
431.9,42.2
431.91,22.1
431.92,10.6
431.93,-2.6
431.94,-5.6
431.95,-7.6
431.96,-8.9
431.97,-14.1
431.98,-15.2
431.99,-17.6
432,-35.4
432.01,-38.5
432.02,-34.3
432.03,-21.9
432.04,-23
432.05,-21.3
432.06,-17.9
432.07,-21.5
432.08,-20.6
432.09,-16.9
432.1,-11.8
432.11,-8.1
432.12,-7.4
432.13,-3.4
432.14,-3.9
432.15,-1.1
432.16,1.5
432.17,1.7
432.18,4.8
432.19,3.1
432.2,4.3
432.21,4.2
432.22,4.4
432.23,6
432.24,8
432.25,10
432.26,9.3
432.27,7.9
432.28,6.8
432.29,4.4
432.3,3.9
432.31,5.6
432.32,4.1
432.33,5.6
432.34,4.1
432.35,2.6
432.36,2.3
432.37,2.6
432.38,1.5
432.39,3.5
432.4,1.7
432.41,1.4
432.42,1.2
432.43,1.3
432.44,3.7
432.45,2.8
432.46,0.6
432.47,0.2
432.48,2.9
432.49,2.7
432.5,2.1
432.51,2.4
432.52,2.3
432.53,0.2
432.54,1.5
432.55,1.6
432.56,0.4
432.57,1.5
432.58,1.4
432.59,0.8
432.6,1.3
432.61,1.8
432.62,2.1
432.63,0.8
432.64,2
432.65,0.7
432.66,1.9
432.67,3.7
432.68,4.9
432.69,3.3
432.7,2.6
432.71,2.3
432.72,2.6
432.73,2.4
432.74,2.7
432.75,3.1
432.76,4.2
432.77,3
432.78,2.1
432.79,2.3
432.8,1.3
432.81,1.1
432.82,0.9
432.83,0.9
432.84,0.3
432.85,-2.2
432.86,-3.9
432.87,-3.5
432.88,-0.8
432.89,-0.6
432.9,-1.4
432.91,-0.8
432.92,0
432.93,1.2
432.94,0.6
432.95,1
432.96,1.4
432.97,1
432.98,0.5
432.99,2
433,1.2
433.01,1.7
433.02,1.8
433.03,2.1
433.04,1.8
433.05,1.4
433.06,1
433.07,0.9
433.08,0.5
433.09,0
433.1,-1.1
433.11,-0.5
433.12,-0.8
433.13,0
433.14,-0.4
433.15,0.5
433.16,2.5
433.17,1.2
433.18,3
433.19,4.5
433.2,5.4
433.21,7.7
433.22,8.4
433.23,11.6
433.24,14.3
433.25,15.1
433.26,13.4
433.27,16.5
433.28,22.4
433.29,24.8
433.3,23.5
433.31,18.4
433.32,18.2
433.33,17.2
433.34,18.1
433.35,20.6
433.36,21.6
433.37,21.3
433.38,20.1
433.39,18
433.4,21
433.41,23.1
433.42,25.8
433.43,26.9
433.44,30.5
433.45,29
433.46,28.8
433.47,28.4
433.48,29.8
433.49,31.1
433.5,27.7
433.51,28.6
433.52,26.7
433.53,23.1
433.54,22
433.55,22
433.56,22.8
433.57,25.6
433.58,26.4
433.59,28.3
433.6,30.9
433.61,30.6
433.62,30.2
433.63,30.2
433.64,31.8
433.65,33.4
433.66,33.6
433.67,35.7
433.68,33
433.69,30.7
433.7,27.5
433.71,27.2
433.72,25
433.73,23.2
433.74,21.8
433.75,22
433.76,19.5
433.77,16.7
433.78,17.1
433.79,16.7
433.8,16.8
433.81,17.6
433.82,16.3
433.83,15.8
433.84,12.7
433.85,12
433.86,8.6
433.87,5.8
433.88,0.1
433.89,-1.8
433.9,-2.3
433.91,-5.5
433.92,-5.7
433.93,-6.5
433.94,-6.2
433.95,-5.4
433.96,-6.1
433.97,-9
433.98,-13.4
433.99,-11.6
434,-8.2
434.01,-3.9
434.02,-4.8
434.03,-4.9
434.04,-3.9
434.05,-3
434.06,-1.3
434.07,-0.2
434.08,-0.3
434.09,1.1
434.1,2.1
434.11,2.4
434.12,1.2
434.13,3.1
434.14,2.7
434.15,2.5
434.16,2.3
434.17,1.4
434.18,1.1
434.19,2.1
434.2,3.7
434.21,4.8
434.22,9.2
434.23,14
434.24,16.7
434.25,22.9
434.26,28.6
434.27,34.9
434.28,53.9
434.29,68.4
434.3,73.9
434.31,74.4
434.32,78.8
434.33,81.2
434.34,98.5
434.35,110.3
434.36,121.5
434.37,116.3
434.38,113.1
434.39,115.9
434.4,112.8
434.41,117.3
434.42,114.6
434.43,111.5
434.44,104.7
434.45,104.1
434.46,105
434.47,106.4
434.48,107.4
434.49,110.8
434.5,111.1
434.51,126.4
434.52,135.9
434.53,135.4
434.54,130.7
434.55,134.7
434.56,130.2
434.57,129.6
434.58,141.5
434.59,142.4
434.6,132.7
434.61,137.1
434.62,133.2
434.63,121.8
434.64,133.1
434.65,138.6
434.66,136.6
434.67,123.1
434.68,131.9
434.69,127.4
434.7,133.1
434.71,127.1
434.72,126.8
434.73,129.3
434.74,118.5
434.75,130
434.76,120.9
434.77,129.8
434.78,128.1
434.79,130.5
434.8,119.6
434.81,125.4
434.82,124.7
434.83,116.9
434.84,128.8
434.85,119.2
434.86,128.9
434.87,123.8
434.88,126.9
434.89,117.2
434.9,117.1
434.91,123.7
434.92,116.4
434.93,128.1
434.94,128.8
434.95,128.7
434.96,125.8
434.97,123.1
434.98,122.1
434.99,116
435,117.5
435.01,118.6
435.02,122
435.03,131.2
435.04,121.9
435.05,128.9
435.06,123.3
435.07,118.5
435.08,117.1
435.09,129.5
435.1,127.3
435.11,122.4
435.12,119.3
435.13,117.3
435.14,120.3
435.15,129
435.16,120.7
435.17,118.1
435.18,126.2
435.19,125.9
435.2,122
435.21,121.6
435.22,128.5
435.23,121.9
435.24,127.6
435.25,127.9
435.26,124.3
435.27,130.3
435.28,120.5
435.29,125.3
435.3,127
435.31,124.1
435.32,119.4
435.33,120.3
435.34,127.9
435.35,128.8
435.36,118.5
435.37,126.3
435.38,127.8
435.39,118.7
435.4,126.5
435.41,122.5
435.42,119.1
435.43,120.4
435.44,129.1
435.45,128.3
435.46,127.7
435.47,123.9
435.48,122.3
435.49,114
435.5,124.7
435.51,126.9
435.52,128.4
435.53,127.7
435.54,129.6
435.55,123.4
435.56,116.1
435.57,120.9
435.58,116.9
435.59,122.5
435.6,129.6
435.61,121.2
435.62,121.2
435.63,124.3
435.64,122.8
435.65,117.3
435.66,129.7
435.67,125.8
435.68,124.5
435.69,123.8
435.7,122.5
435.71,121.3
435.72,124.7
435.73,123.4
435.74,127.9
435.75,119.8
435.76,120.3
435.77,124.3
435.78,121.7
435.79,126.8
435.8,128
435.81,119.9
435.82,129.8
435.83,123.6
435.84,129.5
435.85,127.7
435.86,127.7
435.87,123.7
435.88,121
435.89,129.6
435.9,118.1
435.91,127.4
435.92,125.7
435.93,116.2
435.94,125.4
435.95,127.7
435.96,129.9
435.97,128.6
435.98,128
435.99,121.5
436,121.5
436.01,126.3
436.02,128.6
436.03,118.8
436.04,126.8
436.05,122.5
436.06,127.7
436.07,124.6
436.08,120.8
436.09,128.1
436.1,123.7
436.11,122.1
436.12,128.6
436.13,127.6
436.14,121.1
436.15,123.3
436.16,124.8
436.17,117.8
436.18,121.9
436.19,122.2
436.2,120.9
436.21,117.5
436.22,116.7
436.23,117.7
436.24,118.2
436.25,125.9
436.26,114.2
436.27,123.5
436.28,119.2
436.29,113.7
436.3,117.2
436.31,119.7
436.32,119
436.33,121.7
436.34,116.7
436.35,111.7
436.36,109.6
436.37,108.9
436.38,111.8
436.39,116.2
436.4,111.4
436.41,105
436.42,108.6
436.43,107.5
436.44,116.7
436.45,111.9
436.46,113.2
436.47,108
436.48,110.6
436.49,114.6
436.5,117.1
436.51,117.5
436.52,110.8
436.53,107
436.54,108.5
436.55,108.6
436.56,107.2
436.57,119.2
436.58,116.1
436.59,111.7
436.6,113.4
436.61,114
436.62,108.8
436.63,110.5
436.64,117
436.65,106.2
436.66,111.3
436.67,110.4
436.68,108
436.69,111
436.7,111.3
436.71,115.5
436.72,109.4
436.73,107.2
436.74,111.4
436.75,106.9
436.76,110.1
436.77,111.3
436.78,104.8
436.79,109.7
436.8,108.8
436.81,108.3
436.82,109.8
436.83,109.8
436.84,106
436.85,111.3
436.86,107.8
436.87,111.3
436.88,100.5
436.89,108
436.9,106.2
436.91,107.8
436.92,104.6
436.93,108.2
436.94,108
436.95,107.4
436.96,108.5
436.97,104.9
436.98,104
436.99,105.2
437,103.2
437.01,101.5
437.02,106.4
437.03,103.2
437.04,105.1
437.05,104.7
437.06,104.1
437.07,107.8
437.08,102.3
437.09,100.8
437.1,99.1
437.11,102.5
437.12,101.2
437.13,102.5
437.14,98.8
437.15,103.3
437.16,104
437.17,102.6
437.18,107.2
437.19,99.7
437.2,104.2
437.21,102.7
437.22,99.6
437.23,102.9
437.24,104.5
437.25,95.1
437.26,99.1
437.27,100.7
437.28,101.2
437.29,103.6
437.3,100.3
437.31,101.7
437.32,96.4
437.33,100.9
437.34,98.5
437.35,103.3
437.36,100.3
437.37,100.2
437.38,94
437.39,100.2
437.4,96.3
437.41,98.8
437.42,96.9
437.43,95.4
437.44,96.6
437.45,100
437.46,97.6
437.47,95.3
437.48,97
437.49,101.6
437.5,95
437.51,98.9
437.52,94.5
437.53,98.3
437.54,99.2
437.55,90.1
437.56,82.7
437.57,63.2
437.58,44.7
437.59,33.2
437.6,21.2
437.61,-0.4
437.62,-14.8
437.63,-23.8
437.64,-28.6
437.65,-31.9
437.66,-35.3
437.67,-45
437.68,-47.1
437.69,-36.4
437.7,-26.1
437.71,-25.1
437.72,-24.3
437.73,-20.1
437.74,-15
437.75,-14
437.76,-11.6
437.77,-13
437.78,-10.9
437.79,-4.8
437.8,-3.6
437.81,-1
437.82,0.3
437.83,-0.8
437.84,-0.3
437.85,-1
437.86,2.7
437.87,3
437.88,4.3
437.89,2.9
437.9,2.9
437.91,3.8
437.92,3.6
437.93,4.7
437.94,3.6
437.95,2.8
437.96,4.5
437.97,2.8
437.98,7.9
437.99,7.2
438,5.4
438.01,4.1
438.02,4
438.03,3.9
438.04,4
438.05,3.4
438.06,3.4
438.07,1.8
438.08,1.7
438.09,0.4
438.1,-0.2
438.11,0.4
438.12,-3.5
438.13,-5.5
438.14,-4
438.15,-4
438.16,0
438.17,-1.7
438.18,-1.7
438.19,-0.2
438.2,0
438.21,0.8
438.22,1.3
438.23,-1.2
438.24,0.6
438.25,0
438.26,-0.8
438.27,2.3
438.28,0.7
438.29,1
438.3,0.9
438.31,-0.4
438.32,-0.3
438.33,-0.3
438.34,0.8
438.35,0.9
438.36,0.3
438.37,1.1
438.38,1.5
438.39,-0.2
438.4,1.6
438.41,1.7
438.42,0.8
438.43,1.2
438.44,-0.4
438.45,0.5
438.46,0.1
438.47,-1.4
438.48,0.7
438.49,0.5
438.5,-0.3
438.51,0.3
438.52,0.4
438.53,0.9
438.54,1.2
438.55,1.2
438.56,0.1
438.57,-0.4
438.58,-1.9
438.59,-0.1
438.6,2.2
438.61,4.4
438.62,5.3
438.63,7.3
438.64,9
438.65,9.9
438.66,13.4
438.67,15.6
438.68,14.6
438.69,15
438.7,18.7
438.71,21.8
438.72,25.4
438.73,23.9
438.74,19.3
438.75,18.8
438.76,18.6
438.77,19.4
438.78,20.6
438.79,20.7
438.8,23.3
438.81,19.4
438.82,18.7
438.83,19.7
438.84,22.4
438.85,24.2
438.86,29.8
438.87,34.7
438.88,35.5
438.89,36.3
438.9,35.5
438.91,35.2
438.92,37
438.93,36
438.94,39.3
438.95,39
438.96,43.4
438.97,47.5
438.98,52.7
438.99,63.2
439,64
439.01,64.1
439.02,63.2
439.03,61.9
439.04,56.8
439.05,55.8
439.06,55
439.07,54.3
439.08,54.6
439.09,51.8
439.1,52.2
439.11,52.5
439.12,54
439.13,56.3
439.14,55.2
439.15,57.8
439.16,59.5
439.17,59.3
439.18,65.8
439.19,66.6
439.2,68
439.21,69.2
439.22,68.6
439.23,68.1
439.24,71
439.25,69.1
439.26,73
439.27,68
439.28,69.8
439.29,79.2
439.3,81.6
439.31,86.1
439.32,89.6
439.33,93.6
439.34,90.5
439.35,91.3
439.36,93.5
439.37,101.9
439.38,102.1
439.39,101.1
439.4,103.1
439.41,109.5
439.42,109.8
439.43,106.1
439.44,120.4
439.45,116.3
439.46,121.3
439.47,122.6
439.48,131.9
439.49,136.7
439.5,129.2
439.51,130.4
439.52,129.4
439.53,127.6
439.54,126.5
439.55,124.5
439.56,124.5
439.57,127.1
439.58,119.9
439.59,121.4
439.6,126.8
439.61,122.4
439.62,125.8
439.63,125.3
439.64,121.8
439.65,120.1
439.66,119.7
439.67,119.3
439.68,114.6
439.69,114.3
439.7,118.9
439.71,117.2
439.72,101.1
439.73,83.2
439.74,71.3
439.75,62.2
439.76,42.6
439.77,22.9
439.78,9.4
439.79,0.4
439.8,-4.4
439.81,-13.2
439.82,-13.2
439.83,-15.9
439.84,-20.5
439.85,-28.1
439.86,-35.7
439.87,-38.4
439.88,-32
439.89,-21.7
439.9,-17.1
439.91,-17.6
439.92,-14.9
439.93,-12.2
439.94,-10.4
439.95,-7.4
439.96,-7.1
439.97,-5
439.98,-2.4
439.99,-2.3
440,-0.6
440.01,-0.4
440.02,-0.8
440.03,1.2
440.04,3.7
440.05,2.3
440.06,4.4
440.07,3.8
440.08,3.4
440.09,6.3
440.1,8.9
440.11,7.6
440.12,5.3
440.13,4
440.14,5.3
440.15,6
440.16,5
440.17,3.8
440.18,3.4
440.19,1.7
440.2,1.5
440.21,1.4
440.22,0.3
440.23,0.5
440.24,1.7
440.25,0.6
440.26,1.1
440.27,0.6
440.28,0
440.29,-1.2
440.3,-1.9
440.31,-1.3
440.32,-2.1
440.33,0.8
440.34,0
440.35,-1.2
440.36,0.5
440.37,-0.1
440.38,0.2
440.39,0.8
440.4,1.1
440.41,0.6
440.42,0.1
440.43,1.8
440.44,1.1
440.45,1.2
440.46,1.2
440.47,2
440.48,0.4
440.49,1.9
440.5,1.8
440.51,0.2
440.52,1.4
440.53,2.1
440.54,1.8
440.55,1.4
440.56,1.5
440.57,1
440.58,1.7
440.59,1
440.6,2.8
440.61,-0.1
440.62,2
440.63,1.3
440.64,0.7
440.65,-0.5
440.66,1.1
440.67,-0.2
440.68,-2.9
440.69,-4.1
440.7,-2.9
440.71,-1.7
440.72,-1
440.73,-0.5
440.74,-0.3
440.75,-0.3
440.76,-0.6
440.77,1.8
440.78,0
440.79,0.5
440.8,1.2
440.81,1.2
440.82,-0.5
440.83,0.2
440.84,0.5
440.85,1
440.86,-0.4
440.87,-0.4
440.88,0.1
440.89,0.2
440.9,0.1
440.91,1.3
440.92,0.2
440.93,0.5
440.94,0.9
440.95,0.5
440.96,-0.1
440.97,-0.2
440.98,0.9
440.99,0.5
441,-0.5
441.01,0.1
441.02,1.2
441.03,0
441.04,-0.5
441.05,1.2
441.06,1.7
441.07,4.4
441.08,7.1
441.09,15.4
441.1,21.9
441.11,27.4
441.12,35.4
441.13,42.1
441.14,44.6
441.15,63.7
441.16,64.9
441.17,54.1
441.18,48.2
441.19,45.9
441.2,47.3
441.21,53.9
441.22,65.4
441.23,68.8
441.24,67.3
441.25,60.9
441.26,53.6
441.27,50.2
441.28,49.5
441.29,48.8
441.3,39.5
441.31,35.3
441.32,32.4
441.33,31.3
441.34,35.2
441.35,45.9
441.36,57.4
441.37,64.9
441.38,72.6
441.39,80.9
441.4,88.4
441.41,94.8
441.42,92.9
441.43,97.8
441.44,98.5
441.45,99.4
441.46,96.5
441.47,95.6
441.48,103.7
441.49,100.3
441.5,110.2
441.51,116.5
441.52,121.3
441.53,131.6
441.54,134.9
441.55,143.8
441.56,147.8
441.57,150.6
441.58,137.4
441.59,146
441.6,137.5
441.61,138.2
441.62,131.8
441.63,134.8
441.64,130
441.65,139.7
441.66,133.8
441.67,128.6
441.68,130.7
441.69,124.2
441.7,127.1
441.71,130.6
441.72,122.1
441.73,129.3
441.74,122.7
441.75,118
441.76,126.5
441.77,124.5
441.78,124.2
441.79,117.5
441.8,124.9
441.81,118.8
441.82,123.6
441.83,127.1
441.84,128.8
441.85,127.3
441.86,127.8
441.87,128.1
441.88,124.6
441.89,117.9
441.9,129
441.91,122.2
441.92,124.3
441.93,124.3
441.94,121.8
441.95,124.3
441.96,127.1
441.97,129.6
441.98,133.8
441.99,122.2
442,131.3
442.01,130.4
442.02,129
442.03,118.4
442.04,128
442.05,126.4
442.06,122.9
442.07,119.2
442.08,120.2
442.09,116.8
442.1,121
442.11,119.7
442.12,123.7
442.13,130.9
442.14,128.1
442.15,122
442.16,129
442.17,125.2
442.18,118.5
442.19,124.9
442.2,118.5
442.21,123.9
442.22,131.3
442.23,118.9
442.24,121.1
442.25,117.1
442.26,121.8
442.27,130.3
442.28,128.8
442.29,120.7
442.3,128.7
442.31,124.2
442.32,125.5
442.33,128.2
442.34,119.4
442.35,122.6
442.36,129.2
442.37,118.9
442.38,126.6
442.39,119.1
442.4,125.4
442.41,123.5
442.42,119.8
442.43,126.5
442.44,125.8
442.45,122.3
442.46,121.4
442.47,124.7
442.48,125.3
442.49,127.9
442.5,124.7
442.51,118.1
442.52,124.7
442.53,126
442.54,126.4
442.55,121.6
442.56,125.2
442.57,122.3
442.58,118.8
442.59,126.7
442.6,126.5
442.61,124.8
442.62,123.3
442.63,119.9
442.64,123.2
442.65,125.6
442.66,123.6
442.67,127
442.68,124.1
442.69,120.6
442.7,123
442.71,122.2
442.72,122
442.73,124.2
442.74,118.4
442.75,119.9
442.76,119.1
442.77,113.5
442.78,121.6
442.79,112.2
442.8,113
442.81,120.4
442.82,114.7
442.83,118.3
442.84,115.5
442.85,111
442.86,116.9
442.87,118.3
442.88,113.4
442.89,115.8
442.9,115.2
442.91,115.3
442.92,113.4
442.93,115.4
442.94,112
442.95,119.5
442.96,109.5
442.97,117.5
442.98,117.2
442.99,114.7
443,112.5
443.01,108.6
443.02,112.5
443.03,107.3
443.04,115.1
443.05,116.9
443.06,109
443.07,113.6
443.08,106
443.09,113
443.1,113.3
443.11,113.2
443.12,113.4
443.13,106.6
443.14,109
443.15,108.9
443.16,111.7
443.17,111.3
443.18,110.8
443.19,105.2
443.2,109.6
443.21,105.7
443.22,106
443.23,109.8
443.24,107.5
443.25,110
443.26,104.4
443.27,109.6
443.28,106.8
443.29,104
443.3,104.5
443.31,103.4
443.32,106.2
443.33,109.4
443.34,109.2
443.35,104.9
443.36,107.9
443.37,102.5
443.38,108.4
443.39,108.2
443.4,104
443.41,107.1
443.42,109.9
443.43,107.4
443.44,103.3
443.45,106.1
443.46,106.6
443.47,105.4
443.48,103.3
443.49,105.1
443.5,100.2
443.51,100.5
443.52,102
443.53,106
443.54,105.2
443.55,101.1
443.56,100
443.57,101.2
443.58,102.8
443.59,102.5
443.6,101.7
443.61,101
443.62,99.1
443.63,102.3
443.64,103
443.65,102.9
443.66,105.7
443.67,98.7
443.68,98.7
443.69,102.4
443.7,105.9
443.71,101.1
443.72,100
443.73,98.5
443.74,103.4
443.75,97.2
443.76,104.1
443.77,99.3
443.78,93.5
443.79,99.9
443.8,97.4
443.81,96.2
443.82,101.1
443.83,98.2
443.84,96.5
443.85,95.6
443.86,99.6
443.87,101.1
443.88,99.4
443.89,100.1
443.9,98.2
443.91,98.1
443.92,92.2
443.93,90.7
443.94,92.5
443.95,102.8
443.96,96.1
443.97,97.8
443.98,90.4
443.99,97.8
444,93.8
444.01,102.8
444.02,97.2
444.03,97.8
444.04,93.4
444.05,99.9
444.06,96
444.07,101.2
444.08,96.4
444.09,93.2
444.1,88.7
444.11,97.2
444.12,80.9
444.13,76.1
444.14,66.8
444.15,50.5
444.16,39.4
444.17,26.7
444.18,13.1
444.19,11.5
444.2,11.4
444.21,7.3
444.22,4.6
444.23,-1.4
444.24,-7.3
444.25,-10.5
444.26,-12.9
444.27,-18.8
444.28,-24.4
444.29,-28
444.3,-27
444.31,-22.9
444.32,-16.6
444.33,-14.1
444.34,-12.3
444.35,-13.4
444.36,-11.3
444.37,-8.9
444.38,-10.9
444.39,-7
444.4,-7.8
444.41,-2
444.42,0
444.43,-0.6
444.44,0.6
444.45,1.5
444.46,2.9
444.47,2.3
444.48,3.8
444.49,2.9
444.5,4.7
444.51,3.8
444.52,5.2
444.53,3.9
444.54,2.4
444.55,3
444.56,3.1
444.57,3.5
444.58,1.6
444.59,2.2
444.6,2.7
444.61,2.3
444.62,1.3
444.63,1.3
444.64,2.4
444.65,1.3
444.66,2.6
444.67,1.3
444.68,1.3
444.69,0.6
444.7,-1.1
444.71,-2.3
444.72,-2.2
444.73,-1.8
444.74,-3.3
444.75,0
444.76,1.5
444.77,1.1
444.78,8.1
444.79,8
444.8,12.3
444.81,16.1
444.82,17.2
444.83,16.5
444.84,18.8
444.85,16.5
444.86,17.9
444.87,27.4
444.88,25.5
444.89,24.6
444.9,13.5
444.91,14.6
444.92,15.9
444.93,14.5
444.94,16.7
444.95,13.1
444.96,13.1
444.97,12.6
444.98,13.9
444.99,14.3
445,12.7
445.01,16
445.02,18.4
445.03,18.2
445.04,19
445.05,18.1
445.06,19.1
445.07,18.8
445.08,19.9
445.09,19.6
445.1,24.6
445.11,25.2
445.12,23.8
445.13,23.8
445.14,16.7
445.15,17
445.16,15.7
445.17,14.6
445.18,15.8
445.19,16
445.2,22.2
445.21,21.8
445.22,26
445.23,28.4
445.24,28.4
445.25,30.9
445.26,26.5
445.27,29
445.28,29.6
445.29,31.9
445.3,33.6
445.31,34
445.32,39.6
445.33,41.8
445.34,46.7
445.35,49.1
445.36,48.4
445.37,47.7
445.38,40.2
445.39,41.5
445.4,39.8
445.41,38.7
445.42,40.6
445.43,42.4
445.44,50.9
445.45,50.9
445.46,53.7
445.47,58.6
445.48,57.2
445.49,58.5
445.5,56.3
445.51,56.8
445.52,59.8
445.53,55.6
445.54,54.1
445.55,50.4
445.56,58
445.57,57.8
445.58,56.2
445.59,57.2
445.6,55.3
445.61,53.7
445.62,51.9
445.63,56.5
445.64,57.6
445.65,61.1
445.66,63.9
445.67,66.8
445.68,70
445.69,70.1
445.7,68.9
445.71,72.9
445.72,65.4
445.73,65.8
445.74,65.2
445.75,64.7
445.76,64.7
445.77,64.1
445.78,62.9
445.79,58.2
445.8,63.8
445.81,63
445.82,63.9
445.83,64
445.84,65.3
445.85,65.6
445.86,70.5
445.87,72.5
445.88,70.1
445.89,76.4
445.9,78.8
445.91,76.3
445.92,78.8
445.93,75.7
445.94,76.4
445.95,70.8
445.96,65.1
445.97,66.2
445.98,65.6
445.99,70.3
446,69.1
446.01,70.3
446.02,69.7
446.03,69.1
446.04,72
446.05,70.4
446.06,71.4
446.07,69.5
446.08,71.2
446.09,74.1
446.1,81.5
446.11,80.4
446.12,74.5
446.13,72.4
446.14,67.2
446.15,71.6
446.16,66.3
446.17,65.9
446.18,67.4
446.19,69.4
446.2,73
446.21,69.2
446.22,69.9
446.23,60.7
446.24,54.8
446.25,51.1
446.26,50.6
446.27,51.6
446.28,51.7
446.29,51.1
446.3,42.7
446.31,37.9
446.32,26.3
446.33,20.9
446.34,9.2
446.35,0.8
446.36,-3
446.37,-12.4
446.38,-13.1
446.39,-15.9
446.4,-18.2
446.41,-16.3
446.42,-23.4
446.43,-29.3
446.44,-29.1
446.45,-22.4
446.46,-13.5
446.47,-14.1
446.48,-11.7
446.49,-10.5
446.5,-7.8
446.51,-4.1
446.52,-3.6
446.53,-0.1
446.54,0.1
446.55,2.5
446.56,1.2
446.57,-0.1
446.58,1.1
446.59,2.3
446.6,1.7
446.61,3.5
446.62,1.5
446.63,2.3
446.64,3.3
446.65,1.9
446.66,3
446.67,2.7
446.68,3.7
446.69,6.6
446.7,10.6
446.71,8.1
446.72,5.7
446.73,4
446.74,5.8
446.75,5.5
446.76,3.7
446.77,3.2
446.78,3.5
446.79,0.5
446.8,1.4
446.81,1.5
446.82,-0.4
446.83,1
446.84,0
446.85,-1.1
446.86,-1.1
446.87,-1.7
446.88,-0.9
446.89,0
446.9,1.4
446.91,-1.8
446.92,-0.5
446.93,1.8
446.94,1.1
446.95,1.8
446.96,4.7
446.97,3.8
446.98,3.2
446.99,3.1
447,2.1
447.01,2.5
447.02,3
447.03,0
447.04,-2.6
447.05,-4.9
447.06,-4.5
447.07,-4.9
447.08,-2.2
447.09,0.9
447.1,1.6
447.11,3.1
447.12,5.4
447.13,6.6
447.14,8.1
447.15,10.7
447.16,11.4
447.17,11.4
447.18,13.1
447.19,15.3
447.2,20.6
447.21,31
447.22,37.6
447.23,41.1
447.24,49.1
447.25,52.7
447.26,60.1
447.27,60.9
447.28,62.6
447.29,58.7
447.3,55.3
447.31,57.4
447.32,56.6
447.33,55.3
447.34,58.8
447.35,59.7
447.36,56.2
447.37,57.6
447.38,54.6
447.39,53.8
447.4,51.6
447.41,50.8
447.42,48.9
447.43,49.1
447.44,49.4
447.45,47.1
447.46,48.5
447.47,48.2
447.48,49.1
447.49,51.1
447.5,49.2
447.51,42.7
447.52,41.9
447.53,38.4
447.54,34.6
447.55,34.2
447.56,35.4
447.57,34.6
447.58,35.7
447.59,38.8
447.6,37.4
447.61,35
447.62,36.9
447.63,34.6
447.64,35.1
447.65,37.3
447.66,38.7
447.67,40.5
447.68,40.8
447.69,40.8
447.7,41.4
447.71,43.3
447.72,45.8
447.73,45.8
447.74,44.8
447.75,45.4
447.76,40.3
447.77,41.4
447.78,40
447.79,39.4
447.8,42.7
447.81,46.1
447.82,46.2
447.83,44.8
447.84,41.3
447.85,38.7
447.86,40.9
447.87,37.1
447.88,34.6
447.89,33.1
447.9,31.2
447.91,28.9
447.92,28.1
447.93,29.2
447.94,28.6
447.95,28.8
447.96,31.1
447.97,31.4
447.98,29.9
447.99,30.4
448,28.7
448.01,31.4
448.02,31.7
448.03,32.6
448.04,31.5
448.05,30
448.06,27.9
448.07,25
448.08,23.9
448.09,21.6
448.1,21.7
448.11,24.8
448.12,21.2
448.13,19.7
448.14,17.6
448.15,16
448.16,14.6
448.17,15.7
448.18,14.6
448.19,14.9
448.2,16.2
448.21,15.2
448.22,15
448.23,15.7
448.24,17.3
448.25,18.3
448.26,22.3
448.27,20.7
448.28,20
448.29,21.7
448.3,23.8
448.31,25.7
448.32,29
448.33,29.4
448.34,31.3
448.35,30.5
448.36,31
448.37,31.6
448.38,37.6
448.39,40.1
448.4,42.9
448.41,45.1
448.42,45.6
448.43,46.8
448.44,47.4
448.45,46.5
448.46,46.8
448.47,45.5
448.48,44.6
448.49,43
448.5,42.8
448.51,41.9
448.52,42.1
448.53,44.7
448.54,47.1
448.55,48.6
448.56,47.6
448.57,44.9
448.58,42.7
448.59,39.9
448.6,40
448.61,39.8
448.62,40.7
448.63,41.1
448.64,39.7
448.65,39.4
448.66,38.9
448.67,37.2
448.68,36.6
448.69,38.2
448.7,38.5
448.71,40.7
448.72,40.5
448.73,39
448.74,35.2
448.75,36.7
448.76,33.9
448.77,34.2
448.78,37.3
448.79,34.6
448.8,35.1
448.81,36.2
448.82,34.5
448.83,32.8
448.84,36.5
448.85,37.2
448.86,36.5
448.87,35.8
448.88,31.9
448.89,31
448.9,34.4
448.91,33.1
448.92,34.3
448.93,34
448.94,30.8
448.95,26.4
448.96,29.3
448.97,26.2
448.98,24.9
448.99,25.1
449,23.3
449.01,20.3
449.02,21.9
449.03,23.5
449.04,27.7
449.05,33.8
449.06,41
449.07,49.8
449.08,58.8
449.09,62.8
449.1,71.2
449.11,77.9
449.12,83.6
449.13,95.7
449.14,96
449.15,88.6
449.16,91.8
449.17,90.2
449.18,92
449.19,97.4
449.2,92.1
449.21,90.1
449.22,95.1
449.23,101.9
449.24,101.4
449.25,110
449.26,98
449.27,97.2
449.28,85.8
449.29,84.4
449.3,78.6
449.31,67.4
449.32,57.5
449.33,56.3
449.34,58.2
449.35,54.4
449.36,55.5
449.37,58.8
449.38,60.2
449.39,66.6
449.4,67.1
449.41,73
449.42,75
449.43,73.5
449.44,74.8
449.45,77.6
449.46,75.8
449.47,79
449.48,88
449.49,93.7
449.5,97.8
449.51,93.5
449.52,90.6
449.53,96.3
449.54,91.3
449.55,87.8
449.56,87.5
449.57,82.4
449.58,79
449.59,70.4
449.6,62.8
449.61,60.1
449.62,61.6
449.63,66.1
449.64,68.1
449.65,63.3
449.66,63.5
449.67,67.2
449.68,68.7
449.69,72.8
449.7,67.8
449.71,62.5
449.72,64.1
449.73,60.2
449.74,65.6
449.75,67.7
449.76,68.2
449.77,66.8
449.78,67.8
449.79,67.4
449.8,69.6
449.81,69.6
449.82,71.7
449.83,66.4
449.84,65.8
449.85,66.2
449.86,69.8
449.87,66.6
449.88,62
449.89,59.2
449.9,54.8
449.91,57.1
449.92,57.4
449.93,62
449.94,72.5
449.95,76
449.96,79.6
449.97,72
449.98,75.7
449.99,76.4
450,74.8
450.01,72.7
450.02,73.3
450.03,79.7
450.04,83.8
450.05,83
450.06,91.2
450.07,100.6
450.08,108.2
450.09,107.4
450.1,103.7
450.11,102.6
450.12,104
450.13,106
450.14,112.2
450.15,106.1
450.16,104
450.17,101.3
450.18,99.2
450.19,103
450.2,108.6
450.21,112.9
450.22,125.5
450.23,126.9
450.24,122.5
450.25,126.8
450.26,129
450.27,129
450.28,118.7
450.29,123.2
450.3,125.4
450.31,130.6
450.32,128.4
450.33,122.8
450.34,118.6
450.35,117.1
450.36,124.7
450.37,119.5
450.38,120.8
450.39,122.4
450.4,118
450.41,115.5
450.42,113.7
450.43,119.2
450.44,121.9
450.45,113
450.46,112.7
450.47,110.1
450.48,113.5
450.49,115
450.5,116.2
450.51,116.2
450.52,114.1
450.53,110.1
450.54,112.6
450.55,106.9
450.56,115
450.57,111.5
450.58,108
450.59,115
450.6,115.4
450.61,109
450.62,106.3
450.63,108.8
450.64,106.5
450.65,109.2
450.66,103.2
450.67,105
450.68,109.5
450.69,107.9
450.7,107.5
450.71,105.2
450.72,104.4
450.73,110
450.74,111.1
450.75,109.3
450.76,104.9
450.77,110.2
450.78,102.5
450.79,108.8
450.8,111.7
450.81,107.8
450.82,106.6
450.83,108.3
450.84,105.8
450.85,108
450.86,108.7
450.87,105.7
450.88,102.9
450.89,106.7
450.9,105.8
450.91,106.2
450.92,106.2
450.93,107.1
450.94,101.4
450.95,107.2
450.96,102.6
450.97,105
450.98,101.7
450.99,105.1
451,100.7
451.01,103.7
451.02,103.1
451.03,106.1
451.04,100.7
451.05,101.4
451.06,104.8
451.07,106.6
451.08,102
451.09,98
451.1,102.4
451.11,98.5
451.12,101.8
451.13,105.7
451.14,105.9
451.15,105.7
451.16,103.5
451.17,101.3
451.18,96.4
451.19,104.2
451.2,96.7
451.21,102.8
451.22,100.9
451.23,102.1
451.24,98.3
451.25,92.5
451.26,74.1
451.27,64.2
451.28,50.3
451.29,24.7
451.3,13.7
451.31,-2.2
451.32,-23.6
451.33,-29.7
451.34,-31.7
451.35,-32.9
451.36,-40.6
451.37,-49.5
451.38,-48.9
451.39,-36
451.4,-28.5
451.41,-24.6
451.42,-25.5
451.43,-21.4
451.44,-14.7
451.45,-11.6
451.46,-7
451.47,-4.2
451.48,-8.7
451.49,-12.4
451.5,-11.4
451.51,-4.9
451.52,1.2
451.53,-1
451.54,-0.4
451.55,-1.1
451.56,3
451.57,2.3
451.58,3.9
451.59,5
451.6,5.7
451.61,7.8
451.62,6.8
451.63,9.2
451.64,5.7
451.65,5.9
451.66,6.2
451.67,4.5
451.68,5.7
451.69,4
451.7,4.7
451.71,3.1
451.72,1.6
451.73,1.9
451.74,1.3
451.75,1.2
451.76,2.3
451.77,1.2
451.78,1.2
451.79,-0.1
451.8,-2
451.81,-0.9
451.82,0.7
451.83,5.7
451.84,8.5
451.85,8.3
451.86,12.9
451.87,16.7
451.88,23.8
451.89,30.9
451.9,39.5
451.91,50
451.92,59.7
451.93,61.1
451.94,51.2
451.95,43.8
451.96,41.1
451.97,42
451.98,47.5
451.99,48.2
452,48.4
452.01,49.3
452.02,48.4
452.03,44.7
452.04,40
452.05,44.2
452.06,43.8
452.07,47.3
452.08,46.3
452.09,43.7
452.1,46
452.11,43.1
452.12,44
452.13,44.4
452.14,46
452.15,49.9
452.16,47.8
452.17,49.8
452.18,52.7
452.19,47.9
452.2,46.5
452.21,43.6
452.22,45
452.23,45.1
452.24,45.6
452.25,46
452.26,42.1
452.27,45.7
452.28,43.9
452.29,46.4
452.3,50.8
452.31,46.5
452.32,47.7
452.33,46.4
452.34,46.9
452.35,52.4
452.36,55.2
452.37,55.7
452.38,52.2
452.39,53.1
452.4,53
452.41,52.7
452.42,56.2
452.43,48.3
452.44,51
452.45,48.9
452.46,53.2
452.47,50.5
452.48,49.3
452.49,49.6
452.5,45.9
452.51,51.2
452.52,53
452.53,52.6
452.54,51.7
452.55,43.5
452.56,42.9
452.57,37.9
452.58,37.8
452.59,37.7
452.6,36.6
452.61,36.6
452.62,34.5
452.63,36.3
452.64,38.7
452.65,38.5
452.66,43.4
452.67,40.6
452.68,44.5
452.69,42.3
452.7,44.7
452.71,44.4
452.72,43.9
452.73,44.5
452.74,41.3
452.75,41.7
452.76,43.2
452.77,44
452.78,42.1
452.79,36.5
452.8,39.2
452.81,35.5
452.82,36.4
452.83,34.1
452.84,32.2
452.85,28.7
452.86,23
452.87,21.9
452.88,20.7
452.89,20
452.9,21.4
452.91,18.7
452.92,20.3
452.93,15.6
452.94,13.9
452.95,13.6
452.96,10.2
452.97,7.9
452.98,5.5
452.99,6.5
453,4.6
453.01,1.7
453.02,-1.5
453.03,-6.1
453.04,-6.8
453.05,-5.6
453.06,-7.7
453.07,-5.7
453.08,-13
453.09,-15.7
453.1,-14.2
453.11,-12.6
453.12,-6.4
453.13,-7.4
453.14,-6.2
453.15,-4.4
453.16,-4.5
453.17,-2.3
453.18,0.4
453.19,1.5
453.2,2.3
453.21,3.2
453.22,2.4
453.23,2.3
453.24,4.4
453.25,3.9
453.26,3.2
453.27,4.3
453.28,3.2
453.29,3.7
453.3,2.6
453.31,2
453.32,3.6
453.33,2.7
453.34,2.7
453.35,3.1
453.36,3
453.37,2
453.38,3.6
453.39,-0.1
453.4,3
453.41,2.8
453.42,1.5
453.43,2.1
453.44,3.5
453.45,0.4
453.46,1.7
453.47,2.5
453.48,2.3
453.49,2.1
453.5,2
453.51,1.6
453.52,2.1
453.53,2.3
453.54,0
453.55,1.9
453.56,1.1
453.57,1
453.58,0.8
453.59,1.7
453.6,-1.2
453.61,-1.8
453.62,-0.5
453.63,-0.2
453.64,0.2
453.65,0.5
453.66,-1.3
453.67,0.4
453.68,1.3
453.69,0.2
453.7,0.2
453.71,1.9
453.72,0.7
453.73,-0.2
453.74,-1.3
453.75,-2.6
453.76,-1.1
453.77,-1.1
453.78,-1.4
453.79,-0.1
453.8,0.1
453.81,1.8
453.82,0.5
453.83,1.4
453.84,1
453.85,1.8
453.86,2.3
453.87,2.8
453.88,1
453.89,1.7
453.9,1.5
453.91,0.9
453.92,1.9
453.93,2
453.94,2.1
453.95,2.1
453.96,2.1
453.97,2.5
453.98,2
453.99,4.2
454,4.9
454.01,4.8
454.02,2.2
454.03,2.4
454.04,3.2
454.05,3
454.06,2.9
454.07,2.2
454.08,2.2
454.09,2.2
454.1,1.4
454.11,1
454.12,0.7
454.13,1.2
454.14,0
454.15,0.8
454.16,1
454.17,0.3
454.18,0
454.19,-0.8
454.2,-1.8
454.21,-3
454.22,-2.6
454.23,-1.7
454.24,-1.8
454.25,-1.8
454.26,-2.1
454.27,-0.8
454.28,0.6
454.29,-0.6
454.3,-0.9
454.31,1.3
454.32,0.7
454.33,2
454.34,-0.2
454.35,0.5
454.36,0.5
454.37,-0.3
454.38,1
454.39,0.3
454.4,0.4
454.41,-0.4
454.42,0.6
454.43,0.3
454.44,0.1
454.45,0.8
454.46,0.3
454.47,1
454.48,0.2
454.49,1.7
454.5,3.3
454.51,3.7
454.52,4.6
454.53,5.2
454.54,6.8
454.55,6.7
454.56,6.8
454.57,7.4
454.58,6.5
454.59,6.4
454.6,6.1
454.61,4.9
454.62,4.1
454.63,6.8
454.64,8.5
454.65,8.1
454.66,6.5
454.67,5.6
454.68,3.6
454.69,2
454.7,0.4
454.71,0.8
454.72,1.1
454.73,-0.5
454.74,-1
454.75,-0.3
454.76,0.6
454.77,-0.6
454.78,-0.7
454.79,0.3
454.8,-0.1
454.81,-2.2
454.82,-3.3
454.83,-3.4
454.84,-4
454.85,-3.8
454.86,-2.5
454.87,-3.6
454.88,-1.1
454.89,-0.6
454.9,-0.2
454.91,-0.9
454.92,1.1
454.93,1.2
454.94,1.1
454.95,1.1
454.96,0.8
454.97,1.7
454.98,1.6
454.99,2.3
455,1.7
455.01,1.8
455.02,1.1
455.03,1.7
455.04,0.3
455.05,0
455.06,0.6
455.07,1.2
455.08,0.8
455.09,0.1
455.1,0.3
455.11,1.1
455.12,1.1
455.13,-0.5
455.14,0.8
455.15,0.8
455.16,0.5
455.17,1.2
455.18,0.4
455.19,0.3
455.2,-0.4
455.21,0.5
455.22,0.4
455.23,0.8
455.24,0.5
455.25,0
455.26,0.4
455.27,0.8
455.28,0
455.29,0.2
455.3,0.5
455.31,-0.8
455.32,-1
455.33,-0.9
455.34,-0.5
455.35,0
455.36,-0.2
455.37,0
455.38,1.2
455.39,0.5
455.4,0
455.41,1
455.42,0.5
455.43,1
455.44,0.8
455.45,0.3
455.46,1.4
455.47,0.4
455.48,0.3
455.49,1.2
455.5,0.7
455.51,3.7
455.52,7
455.53,14.1
455.54,18.7
455.55,24.1
455.56,23
455.57,27.4
455.58,35.8
455.59,46.7
455.6,48.4
455.61,43.9
455.62,43.3
455.63,51
455.64,64.5
455.65,79.1
455.66,80.2
455.67,77.9
455.68,75.6
455.69,78.1
455.7,81.3
455.71,87.5
455.72,89.5
455.73,87.6
455.74,83
455.75,79.8
455.76,91.2
455.77,91.5
455.78,103.5
455.79,111.2
455.8,100.7
455.81,120.2
455.82,135.3
455.83,130.9
455.84,129.1
455.85,133
455.86,124
455.87,127.2
455.88,125.5
455.89,119.7
455.9,129.7
455.91,123.4
455.92,114.3
455.93,128.4
455.94,129.8
455.95,140.6
455.96,144.8
455.97,131.1
455.98,118.4
455.99,114
456,120.4
456.01,124.1
456.02,131.2
456.03,126.4
456.04,127.1
456.05,127.5
456.06,125.7
456.07,135.1
456.08,122.5
456.09,118.5
456.1,125.6
456.11,113.3
456.12,113.5
456.13,128.3
456.14,128.2
456.15,126.6
456.16,122
456.17,125.4
456.18,117.5
456.19,128.7
456.2,126.8
456.21,123.7
456.22,127.1
456.23,114.6
456.24,117
456.25,121.2
456.26,126
456.27,126.4
456.28,117.9
456.29,128.5
456.3,131.6
456.31,130.2
456.32,128.9
456.33,128.2
456.34,129.3
456.35,128
456.36,131.5
456.37,126.9
456.38,122.2
456.39,129.7
456.4,119.7
456.41,132.1
456.42,122.1
456.43,126.2
456.44,133.6
456.45,122.6
456.46,127.9
456.47,130.8
456.48,120.3
456.49,129.9
456.5,128.9
456.51,128.6
456.52,118.5
456.53,128.9
456.54,119.3
456.55,118.2
456.56,114
456.57,120
456.58,127.3
456.59,124.6
456.6,120.5
456.61,120.2
456.62,121.8
456.63,120.5
456.64,131.8
456.65,119.3
456.66,126.7
456.67,120.6
456.68,129.6
456.69,128.3
456.7,131
456.71,121.5
456.72,123.9
456.73,124
456.74,127
456.75,125.3
456.76,124.7
456.77,115.4
456.78,117.1
456.79,119.3
456.8,130.5
456.81,118
456.82,112.9
456.83,105.6
456.84,101.3
456.85,97.4
456.86,90
456.87,80.9
456.88,75
456.89,75.5
456.9,76.5
456.91,81.8
456.92,86.4
456.93,84.9
456.94,82
456.95,81
456.96,86.5
456.97,92.3
456.98,82.9
456.99,70.7
457,65.1
457.01,53
457.02,55.5
457.03,54.6
457.04,54.4
457.05,50.2
457.06,45.9
457.07,39.4
457.08,40.1
457.09,44.6
457.1,42.6
457.11,40.6
457.12,41.4
457.13,42.7
457.14,45.2
457.15,47.2
457.16,48.7
457.17,46.4
457.18,47.5
457.19,47.7
457.2,44
457.21,43.7
457.22,45.1
457.23,39.8
457.24,36.7
457.25,35
457.26,35.9
457.27,35.7
457.28,41.4
457.29,44.7
457.3,43.8
457.31,39.2
457.32,37
457.33,35.8
457.34,43
457.35,49.1
457.36,47.9
457.37,43.6
457.38,38
457.39,36
457.4,40.3
457.41,47.8
457.42,48.7
457.43,48.1
457.44,47.2
457.45,44.5
457.46,44.2
457.47,48.2
457.48,51.3
457.49,50.6
457.5,48.3
457.51,46.1
457.52,45.1
457.53,46.7
457.54,45.1
457.55,41.6
457.56,43.4
457.57,44
457.58,43.8
457.59,45.2
457.6,45.9
457.61,46.2
457.62,42.5
457.63,41.9
457.64,39.8
457.65,36.2
457.66,37.6
457.67,38.9
457.68,38.8
457.69,37.6
457.7,35.7
457.71,27.6
457.72,25.4
457.73,20.7
457.74,13.9
457.75,12.1
457.76,13.2
457.77,12.8
457.78,9.9
457.79,10.7
457.8,9.8
457.81,8.7
457.82,7.9
457.83,6.8
457.84,5.8
457.85,7.7
457.86,7.9
457.87,9.5
457.88,10.6
457.89,13.7
457.9,14
457.91,13.6
457.92,15.1
457.93,16.1
457.94,17
457.95,21.8
457.96,23.5
457.97,21.4
457.98,21.1
457.99,23.6
458,23.2
458.01,29.4
458.02,30.8
458.03,30
458.04,30.5
458.05,29.4
458.06,28.1
458.07,30
458.08,31
458.09,30.9
458.1,29.5
458.11,28
458.12,27.4
458.13,27.6
458.14,29.2
458.15,32.4
458.16,30.6
458.17,32.3
458.18,34.3
458.19,34.1
458.2,37.6
458.21,37.9
458.22,39.4
458.23,40.2
458.24,40.1
458.25,38.4
458.26,38.1
458.27,38.5
458.28,38.9
458.29,35.6
458.3,36.7
458.31,34.6
458.32,31.6
458.33,33.5
458.34,34.4
458.35,34.2
458.36,36.5
458.37,35
458.38,33.4
458.39,33.5
458.4,32.9
458.41,34
458.42,30.7
458.43,28.8
458.44,26.7
458.45,24.8
458.46,25
458.47,25.7
458.48,25.3
458.49,24.9
458.5,26.9
458.51,27
458.52,27.5
458.53,30.3
458.54,30.1
458.55,27.9
458.56,26.7
458.57,27.9
458.58,27.4
458.59,27
458.6,28
458.61,27.5
458.62,28.7
458.63,28.4
458.64,29.2
458.65,29.3
458.66,28.8
458.67,30.2
458.68,36
458.69,41.1
458.7,43.9
458.71,42.4
458.72,47.6
458.73,47.6
458.74,48.5
458.75,51
458.76,44.6
458.77,43.5
458.78,42.5
458.79,41.6
458.8,41.1
458.81,42.2
458.82,42.4
458.83,40.1
458.84,42
458.85,41.9
458.86,38.6
458.87,40.4
458.88,42.6
458.89,45.8
458.9,46.9
458.91,48.9
458.92,46.8
458.93,44.4
458.94,45.1
458.95,42.4
458.96,46.1
458.97,46.7
458.98,43.5
458.99,44.6
459,45.1
459.01,44.2
459.02,42.6
459.03,41.1
459.04,39.3
459.05,36.1
459.06,38
459.07,37
459.08,37.6
459.09,40.7
459.1,41.4
459.11,37.5
459.12,38.6
459.13,45.5
459.14,45.7
459.15,45.1
459.16,42.5
459.17,41.6
459.18,44
459.19,48.4
459.2,45
459.21,43.1
459.22,44.8
459.23,47.1
459.24,52.2
459.25,54.7
459.26,49
459.27,44.8
459.28,46.6
459.29,47.2
459.3,47.8
459.31,49.3
459.32,49.6
459.33,59.2
459.34,61.4
459.35,59.1
459.36,57.3
459.37,56.8
459.38,57
459.39,58.2
459.4,64.2
459.41,62.3
459.42,67.5
459.43,75.9
459.44,77.5
459.45,79.9
459.46,80.3
459.47,74.6
459.48,75
459.49,74.4
459.5,70.5
459.51,64.4
459.52,62.3
459.53,54.7
459.54,55
459.55,57.5
459.56,55.2
459.57,54.2
459.58,53.5
459.59,47.9
459.6,46.9
459.61,48.8
459.62,46.2
459.63,48.6
459.64,49.7
459.65,48.2
459.66,46.3
459.67,47.2
459.68,44.2
459.69,38.5
459.7,34.4
459.71,26.4
459.72,23.3
459.73,22.5
459.74,21.3
459.75,21.7
459.76,21.5
459.77,20.3
459.78,19.1
459.79,20.8
459.8,15.8
459.81,11.2
459.82,8.3
459.83,4.3
459.84,1.5
459.85,3
459.86,3.2
459.87,4.6
459.88,6.4
459.89,9.6
459.9,13.4
459.91,16
459.92,17.4
459.93,18.6
459.94,18.6
459.95,20.5
459.96,22.7
459.97,28
459.98,33.8
459.99,31.4
460,31.5
460.01,37.3
460.02,44.8
460.03,52.9
460.04,58.6
460.05,61
460.06,64.8
460.07,62.9
460.08,60.4
460.09,58.5
460.1,57.7
460.11,56.2
460.12,60
460.13,62.3
460.14,63.6
460.15,65.3
460.16,77.1
460.17,81.2
460.18,85.4
460.19,83.9
460.2,80.3
460.21,79.7
460.22,79.3
460.23,78.4
460.24,78.7
460.25,78.4
460.26,79.3
460.27,78.7
460.28,76.6
460.29,71.3
460.3,72.5
460.31,74.9
460.32,74.4
460.33,75.3
460.34,72.3
460.35,66.4
460.36,67
460.37,64.7
460.38,59.9
460.39,61.6
460.4,58.1
460.41,64.5
460.42,63.4
460.43,64.8
460.44,60.8
460.45,59
460.46,58.3
460.47,58.7
460.48,59.9
460.49,59.8
460.5,62
460.51,63.2
460.52,61.1
460.53,61.7
460.54,64.3
460.55,67
460.56,69.6
460.57,69.7
460.58,62.5
460.59,59.2
460.6,55.1
460.61,52.2
460.62,51.2
460.63,45.8
460.64,48
460.65,43.3
460.66,41.8
460.67,39.5
460.68,36.5
460.69,33.4
460.7,31.6
460.71,28.9
460.72,26.1
460.73,22.7
460.74,20.4
460.75,23
460.76,23.1
460.77,26.6
460.78,25.2
460.79,27.8
460.8,25.8
460.81,24.3
460.82,24.6
460.83,24.9
460.84,24.4
460.85,26
460.86,26.6
460.87,25.3
460.88,23.1
460.89,22.2
460.9,21.6
460.91,24.8
460.92,25.4
460.93,24.7
460.94,25.9
460.95,25.8
460.96,27.2
460.97,29.3
460.98,32
460.99,30.1
461,29.9
461.01,28.9
461.02,33.5
461.03,38.5
461.04,44.2
461.05,45.5
461.06,48.5
461.07,46.4
461.08,49.7
461.09,49.5
461.1,51
461.11,53.5
461.12,51.4
461.13,55.2
461.14,56.2
461.15,58.1
461.16,62.1
461.17,64.2
461.18,57.2
461.19,53.1
461.2,49.9
461.21,43.8
461.22,45.9
461.23,49.2
461.24,51.6
461.25,54
461.26,54.7
461.27,54.9
461.28,54.7
461.29,54.5
461.3,52.5
461.31,52
461.32,50.7
461.33,48.4
461.34,46.9
461.35,43
461.36,38.9
461.37,38
461.38,36.5
461.39,39.6
461.4,45.2
461.41,50.6
461.42,50.4
461.43,47.7
461.44,48.3
461.45,49
461.46,45.1
461.47,47.2
461.48,48.7
461.49,45.4
461.5,46.5
461.51,46.9
461.52,46
461.53,47.6
461.54,47.2
461.55,45.5
461.56,44.9
461.57,46.6
461.58,48
461.59,51.2
461.6,47.4
461.61,47.5
461.62,47.2
461.63,44.8
461.64,49.1
461.65,50.6
461.66,49.5
461.67,45.2
461.68,44.1
461.69,43
461.7,41
461.71,39.6
461.72,42
461.73,40.2
461.74,38.9
461.75,33.7
461.76,32.7
461.77,34.3
461.78,40.2
461.79,40.4
461.8,43
461.81,38.9
461.82,36.8
461.83,37.1
461.84,39.1
461.85,40.3
461.86,44.4
461.87,47.8
461.88,63.3
461.89,71.8
461.9,74
461.91,87.3
461.92,98.1
461.93,104.7
461.94,114.5
461.95,109.3
461.96,103.4
461.97,109
461.98,110
461.99,115.6
462,118.1
462.01,114.4
462.02,119.2
462.03,132.1
462.04,140.8
462.05,143.8
462.06,144.6
462.07,133.1
462.08,135.2
462.09,134.6
462.1,143.9
462.11,138.1
462.12,131.3
462.13,131.8
462.14,135.1
462.15,134.2
462.16,125.8
462.17,132.8
462.18,124.5
462.19,123.3
462.2,125.9
462.21,124.2
462.22,119.2
462.23,114.5
462.24,117.6
462.25,117.7
462.26,113.4
462.27,106.3
462.28,109.7
462.29,110.4
462.3,110.2
462.31,108.2
462.32,106.8
462.33,108.6
462.34,106.9
462.35,104.8
462.36,110.5
462.37,113.1
462.38,107.5
462.39,101.7
462.4,98.9
462.41,100.2
462.42,104
462.43,105.8
462.44,109.1
462.45,104.1
462.46,110.3
462.47,103.8
462.48,115.4
462.49,115.8
462.5,112.1
462.51,111.1
462.52,110.5
462.53,112.6
462.54,113.5
462.55,110.5
462.56,108.1
462.57,107.1
462.58,110.9
462.59,111
462.6,111.6
462.61,102.4
462.62,107.7
462.63,105.6
462.64,101.1
462.65,108.7
462.66,106.3
462.67,107.5
462.68,104.1
462.69,104.9
462.7,103.9
462.71,111.5
462.72,107.9
462.73,107.3
462.74,107.2
462.75,97.5
462.76,108.2
462.77,106.4
462.78,105
462.79,101.8
462.8,104.4
462.81,99.7
462.82,90.3
462.83,80.2
462.84,69.2
462.85,68.1
462.86,63.4
462.87,56.6
462.88,50.9
462.89,48.3
462.9,44.6
462.91,45.1
462.92,47.4
462.93,48.6
462.94,47.8
462.95,45.7
462.96,42.9
462.97,44.1
462.98,45.2
462.99,46.5
463,48.8
463.01,54.1
463.02,55.5
463.03,57
463.04,61.4
463.05,67.4
463.06,66
463.07,65.4
463.08,64.5
463.09,62
463.1,65.1
463.11,62.4
463.12,64.3
463.13,64.8
463.14,73.7
463.15,79.7
463.16,82.6
463.17,91
463.18,84.2
463.19,88.7
463.2,83.7
463.21,87.3
463.22,85.7
463.23,80.9
463.24,81.6
463.25,80.9
463.26,84.1
463.27,80.5
463.28,80.2
463.29,83.8
463.3,81.8
463.31,83.9
463.32,82.9
463.33,76.9
463.34,68.2
463.35,73.6
463.36,74.1
463.37,77.3
463.38,81.6
463.39,78.8
463.4,72.9
463.41,68.9
463.42,66.4
463.43,62.2
463.44,61.9
463.45,57.7
463.46,58.2
463.47,48.5
463.48,45.7
463.49,37.9
463.5,19.1
463.51,10.5
463.52,-1.8
463.53,-14.1
463.54,-18.7
463.55,-22
463.56,-23.2
463.57,-31.8
463.58,-36.5
463.59,-33.2
463.6,-23.3
463.61,-20
463.62,-19.1
463.63,-21.2
463.64,-20.5
463.65,-16.7
463.66,-15.2
463.67,-9.1
463.68,-6.4
463.69,-4.4
463.7,-2.7
463.71,-1.1
463.72,1.5
463.73,-0.4
463.74,3.6
463.75,4.4
463.76,3.2
463.77,6
463.78,4.2
463.79,5
463.8,4.5
463.81,4.9
463.82,6
463.83,6.3
463.84,11.6
463.85,9.6
463.86,6
463.87,4.7
463.88,4.5
463.89,5.9
463.9,6.5
463.91,3.3
463.92,4.4
463.93,2
463.94,1.6
463.95,2.2
463.96,0.3
463.97,0.8
463.98,0.1
463.99,0.6
464,0.3
464.01,1.2
464.02,0.7
464.03,1.1
464.04,0.9
464.05,0
464.06,1.8
464.07,1.2
464.08,0.3
464.09,1
464.1,1.1
464.11,0.6
464.12,3.1
464.13,3.5
464.14,3.1
464.15,3.6
464.16,3.8
464.17,3.1
464.18,1.8
464.19,3.2
464.2,1.7
464.21,1.8
464.22,2.5
464.23,1.4
464.24,0.4
464.25,1.6
464.26,1.1
464.27,1.2
464.28,1.2
464.29,1.7
464.3,1.1
464.31,1
464.32,1.3
464.33,2.6
464.34,1.7
464.35,2.8
464.36,2.9
464.37,2.1
464.38,2.3
464.39,1.1
464.4,2.1
464.41,1.5
464.42,1.6
464.43,1.3
464.44,1.8
464.45,1.7
464.46,0.5
464.47,0.3
464.48,0.7
464.49,0.7
464.5,0.5
464.51,0.3
464.52,1
464.53,-0.2
464.54,-2
464.55,-2.3
464.56,-1.4
464.57,-1
464.58,-1.5
464.59,-0.2
464.6,-1
464.61,-0.3
464.62,-0.4
464.63,0
464.64,0.8
464.65,0.6
464.66,2.3
464.67,1.7
464.68,2.3
464.69,1
464.7,1.1
464.71,1
464.72,1.3
464.73,0.9
464.74,0.6
464.75,1
464.76,0.8
464.77,0.3
464.78,-1.5
464.79,0
464.8,-0.6
464.81,-0.4
464.82,0
464.83,0.4
464.84,-0.3
464.85,1.7
464.86,0.5
464.87,0.2
464.88,0.7
464.89,0.8
464.9,0
464.91,1.1
464.92,0
464.93,1.4
464.94,0.4
464.95,-1.1
464.96,0.4
464.97,0.4
464.98,0
464.99,-1
465,-0.9
465.01,0.6
465.02,0
465.03,0
465.04,0
465.05,1.3
465.06,0.6
465.07,0.6
465.08,0.2
465.09,1.5
465.1,0.9
465.11,1.2
465.12,2.9
465.13,7.9
465.14,14.9
465.15,26.6
465.16,31
465.17,36.4
465.18,42
465.19,47.9
465.2,65.7
465.21,67.8
465.22,58.5
465.23,49.4
465.24,51
465.25,50.8
465.26,52.5
465.27,46.1
465.28,36.2
465.29,18.7
465.3,3.3
465.31,0.4
465.32,-1.9
465.33,-5.4
465.34,-8.8
465.35,-8.7
465.36,-12
465.37,-13.5
465.38,-18.8
465.39,-22.3
465.4,-19.3
465.41,-16.6
465.42,-13.4
465.43,-11.7
465.44,-9.6
465.45,-7.8
465.46,-6.2
465.47,-5.4
465.48,-5.6
465.49,-4.3
465.5,-4.3
465.51,-2.5
465.52,-2.5
465.53,-0.4
465.54,2.2
465.55,1.5
465.56,2.1
465.57,4
465.58,5.8
465.59,8.6
465.6,16.7
465.61,17
465.62,22.6
465.63,29.3
465.64,33.3
465.65,43.7
465.66,48.8
465.67,43.5
465.68,39.1
465.69,38.8
465.7,42.9
465.71,49.9
465.72,49.1
465.73,41.4
465.74,34.6
465.75,32.8
465.76,36.8
465.77,42.5
465.78,48.7
465.79,48.4
465.8,47.9
465.81,52.2
465.82,59.1
465.83,66.2
465.84,80.5
465.85,81.9
465.86,80.4
465.87,75.6
465.88,74.4
465.89,77.9
465.9,81.7
465.91,83.3
465.92,76.4
465.93,71.1
465.94,70
465.95,69.2
465.96,81.7
465.97,88.3
465.98,89.3
465.99,95.1
466,99.8
466.01,110.9
466.02,123.7
466.03,125.2
466.04,139.5
466.05,140
466.06,142.7
466.07,139.7
466.08,132.8
466.09,139.4
466.1,123.4
466.11,120.5
466.12,122.9
466.13,136.9
466.14,136.2
466.15,132.2
466.16,133.5
466.17,132.8
466.18,135.9
466.19,134.8
466.2,134.8
466.21,123.5
466.22,132.7
466.23,130
466.24,130
466.25,127.7
466.26,127.7
466.27,125.7
466.28,126.2
466.29,121.7
466.3,118.6
466.31,117.3
466.32,129.1
466.33,130.7
466.34,122.9
466.35,123.4
466.36,128.9
466.37,131.2
466.38,121.8
466.39,129.4
466.4,118.3
466.41,119.3
466.42,129.8
466.43,121.8
466.44,122.4
466.45,124.9
466.46,116.8
466.47,129.6
466.48,128.3
466.49,126.2
466.5,129.8
466.51,129.3
466.52,127.6
466.53,121.8
466.54,129
466.55,128.7
466.56,123.2
466.57,126.1
466.58,118.6
466.59,128.6
466.6,120.7
466.61,128.2
466.62,121.2
466.63,127.8
466.64,119.6
466.65,126.9
466.66,126.9
466.67,128.6
466.68,123.9
466.69,120
466.7,122.9
466.71,121
466.72,118.6
466.73,119.4
466.74,117.1
466.75,127.5
466.76,117.7
466.77,125.2
466.78,129.7
466.79,120.9
466.8,129.8
466.81,120.1
466.82,127.8
466.83,127.8
466.84,127.9
466.85,121.4
466.86,130
466.87,129.7
466.88,129.6
466.89,127.6
466.9,121.9
466.91,116.8
466.92,118.6
466.93,128.9
466.94,122.9
466.95,129.2
466.96,120
466.97,127
466.98,118.9
466.99,123.1
467,120
467.01,114.9
467.02,122.9
467.03,127
467.04,125.8
467.05,122.5
467.06,128
467.07,126.8
467.08,126.5
467.09,123.8
467.1,124.8
467.11,118.8
467.12,131
467.13,130.2
467.14,123.5
467.15,119
467.16,123.2
467.17,120.9
467.18,118.6
467.19,127.9
467.2,123.7
467.21,128.2
467.22,124.8
467.23,125.5
467.24,118.2
467.25,129.8
467.26,117.3
467.27,129.5
467.28,121.5
467.29,123.2
467.3,125.7
467.31,116.9
467.32,126.6
467.33,129.1
467.34,127.6
467.35,127.7
467.36,120
467.37,120.6
467.38,123
467.39,127.3
467.4,118.6
467.41,124.7
467.42,128.4
467.43,126.2
467.44,123.5
467.45,126.7
467.46,125.6
467.47,117.2
467.48,131
467.49,126.3
467.5,120.2
467.51,126.7
467.52,119.7
467.53,123.8
467.54,126.6
467.55,126.5
467.56,127.9
467.57,117.8
467.58,126.7
467.59,122.5
467.6,128.3
467.61,130.4
467.62,127.1
467.63,119.9
467.64,126.5
467.65,121
467.66,124.4
467.67,119.7
467.68,120
467.69,125.8
467.7,125
467.71,123.2
467.72,126.8
467.73,117.5
467.74,119.3
467.75,121.6
467.76,120.6
467.77,115.5
467.78,124.2
467.79,124.2
467.8,122.6
467.81,116.5
467.82,115.8
467.83,115
467.84,124.6
467.85,123.1
467.86,121.4
467.87,118
467.88,113.9
467.89,113.5
467.9,116.2
467.91,120.2
467.92,125.5
467.93,122.9
467.94,118.2
467.95,121
467.96,109.8
467.97,110.4
467.98,110.3
467.99,118.7
468,120.2
468.01,116.9
468.02,116.3
468.03,113
468.04,117.8
468.05,112.9
468.06,112.4
468.07,109.7
468.08,108.4
468.09,111.2
468.1,111.4
468.11,115.2
468.12,115.2
468.13,108.5
468.14,108
468.15,113.3
468.16,115.2
468.17,116.7
468.18,112.9
468.19,116.3
468.2,108.2
468.21,106.8
468.22,106.7
468.23,107.3
468.24,109
468.25,113.5
468.26,112.9
468.27,112.3
468.28,109.3
468.29,111.1
468.3,109.3
468.31,110.1
468.32,105
468.33,109.1
468.34,112.8
468.35,111.6
468.36,110.8
468.37,108.6
468.38,113.2
468.39,106.6
468.4,107.9
468.41,104.9
468.42,108.1
468.43,106.3
468.44,104.8
468.45,107.7
468.46,106.2
468.47,103.5
468.48,98.3
468.49,106
468.5,109.2
468.51,106.6
468.52,104.7
468.53,107.2
468.54,106.3
468.55,105.9
468.56,104.9
468.57,109.5
468.58,107.2
468.59,102.6
468.6,102.6
468.61,104.5
468.62,107.7
468.63,107.8
468.64,99.6
468.65,103.6
468.66,104.9
468.67,104.6
468.68,103
468.69,108.4
468.7,101
468.71,102.5
468.72,99.2
468.73,102.5
468.74,103.7
468.75,97.5
468.76,99.6
468.77,105.7
468.78,107.5
468.79,101
468.8,102.8
468.81,102.2
468.82,97.9
468.83,101.1
468.84,105.5
468.85,98.6
468.86,100.4
468.87,97.2
468.88,99.6
468.89,97.4
468.9,96.7
468.91,101.9
468.92,99.7
468.93,98.3
468.94,101
468.95,104
468.96,99.1
468.97,96.8
468.98,98.7
468.99,97.4
469,100.4
469.01,103.9
469.02,100.7
469.03,103.3
469.04,95.6
469.05,89.9
469.06,75
469.07,65.2
469.08,46.1
469.09,42.7
469.1,27.6
469.11,9.3
469.12,-3.1
469.13,-14.5
469.14,-24.5
469.15,-28.2
469.16,-33.9
469.17,-47.5
469.18,-48.4
469.19,-41.3
469.2,-30.8
469.21,-26.1
469.22,-27.4
469.23,-25.5
469.24,-28.3
469.25,-26
469.26,-19.5
469.27,-12.4
469.28,-7.4
469.29,-5.9
469.3,-4
469.31,-3.4
469.32,1.1
469.33,1.7
469.34,5
469.35,4.4
469.36,5
469.37,7.1
469.38,5.9
469.39,6.2
469.4,5.9
469.41,6.9
469.42,9.9
469.43,9.1
469.44,8.7
469.45,5.7
469.46,6.2
469.47,3.4
469.48,5.6
469.49,5.9
469.5,2.2
469.51,3.7
469.52,2.4
469.53,1.4
469.54,1.7
469.55,0.4
469.56,0.2
469.57,-2.7
469.58,-3.8
469.59,-2.9
469.6,-2.8
469.61,-0.2
469.62,-2.9
469.63,-0.9
469.64,0
469.65,-1.7
469.66,0.6
469.67,0.3
469.68,1.2
469.69,1.7
469.7,1.7
469.71,1.4
469.72,0.7
469.73,0.5
469.74,3.1
469.75,-0.6
469.76,-0.7
469.77,-1.5
469.78,-2.5
469.79,0.5
469.8,0
469.81,0.8
469.82,0.9
469.83,-0.1
469.84,0.6
469.85,1.3
469.86,0.9
469.87,2.1
469.88,1.4
469.89,1.8
469.9,0.5
469.91,0.3
469.92,0.2
469.93,0.5
469.94,0.8
469.95,1.4
469.96,0
469.97,1.1
469.98,-0.1
469.99,-1.8
470,1.6
470.01,0.2
470.02,-0.6
470.03,2
470.04,-0.7
470.05,2
470.06,0.6
470.07,1.1
470.08,2.2
470.09,0.3
470.1,1.4
470.11,2.2
470.12,-0.9
470.13,1.7
470.14,0.8
470.15,-1.4
470.16,1.3
470.17,1.2
470.18,-0.3
470.19,0.9
470.2,1.1
470.21,0.8
470.22,3.1
470.23,3.5
470.24,8
470.25,17.2
470.26,21.4
470.27,30.2
470.28,35.8
470.29,39.3
470.3,42.9
470.31,59.8
470.32,63.9
470.33,52.8
470.34,40.7
470.35,42.7
470.36,42.4
470.37,53.1
470.38,55.5
470.39,55.3
470.4,47.9
470.41,44.4
470.42,43.9
470.43,47.1
470.44,46.4
470.45,46.7
470.46,36.9
470.47,31.9
470.48,30
470.49,28.7
470.5,30.5
470.51,31.6
470.52,28.7
470.53,25.9
470.54,27.6
470.55,28.6
470.56,33.8
470.57,35.5
470.58,41.4
470.59,42.2
470.6,42.1
470.61,43.5
470.62,47.8
470.63,48.9
470.64,52.1
470.65,53.7
470.66,52.7
470.67,54.4
470.68,51.9
470.69,54.6
470.7,58.4
470.71,55.7
470.72,57.8
470.73,54.9
470.74,55.9
470.75,57.5
470.76,54.3
470.77,59.4
470.78,61.5
470.79,66
470.8,71.4
470.81,75.9
470.82,84.6
470.83,87.3
470.84,92.8
470.85,96.5
470.86,90.1
470.87,90.9
470.88,90.4
470.89,95.9
470.9,99.5
470.91,102.7
470.92,100.2
470.93,105.1
470.94,112.5
470.95,124.3
470.96,134.6
470.97,139.9
470.98,133.9
470.99,140.8
471,136.8
471.01,133.3
471.02,139.4
471.03,136.1
471.04,134.9
471.05,126.3
471.06,125.6
471.07,127.5
471.08,130.4
471.09,131.3
471.1,123.2
471.11,120.9
471.12,123.1
471.13,114.7
471.14,118.4
471.15,116.2
471.16,121
471.17,119.7
471.18,119.5
471.19,121.9
471.2,117.4
471.21,116.8
471.22,115
471.23,115.5
471.24,120.6
471.25,121.3
471.26,118.6
471.27,125.5
471.28,119.7
471.29,124.2
471.3,123
471.31,114.9
471.32,121.7
471.33,121.9
471.34,124.6
471.35,114.8
471.36,118.1
471.37,112.7
471.38,119
471.39,113.1
471.4,115.1
471.41,113.5
471.42,118.5
471.43,115.4
471.44,116.9
471.45,114.2
471.46,112.9
471.47,116
471.48,114
471.49,112.2
471.5,106
471.51,85.8
471.52,67.3
471.53,54.5
471.54,27.6
471.55,15.7
471.56,9.9
471.57,-2.5
471.58,-2.5
471.59,-3.9
471.6,-5.8
471.61,-4.4
471.62,-6.3
471.63,-11.8
471.64,-19.3
471.65,-26.6
471.66,-23.2
471.67,-24.8
471.68,-23.7
471.69,-20.7
471.7,-22
471.71,-19.1
471.72,-16.3
471.73,-18.3
471.74,-14.3
471.75,-12.7
471.76,-9.9
471.77,-6.3
471.78,-5.5
471.79,-2.4
471.8,-1.1
471.81,0.1
471.82,1.9
471.83,3.2
471.84,2.2
471.85,4.4
471.86,4.3
471.87,5.8
471.88,6
471.89,3.4
471.9,4.4
471.91,4.6
471.92,3.5
471.93,7.2
471.94,7.1
471.95,8
471.96,6.3
471.97,4.7
471.98,4.6
471.99,4
472,3.7
472.01,2.9
472.02,3.5
472.03,2.6
472.04,1.4
472.05,1.2
472.06,1.4
472.07,1.7
472.08,3.6
472.09,0.7
472.1,3
472.11,7.5
472.12,8.6
472.13,5.5
472.14,5
472.15,4.1
472.16,3.8
472.17,4.6
472.18,7.6
472.19,9.6
472.2,8.4
472.21,6.6
472.22,4.2
472.23,4.4
472.24,3.8
472.25,3.5
472.26,2.3
472.27,2.1
472.28,1.8
472.29,-0.2
472.3,0.2
472.31,0.4
472.32,-0.5
472.33,-3.3
472.34,-4.6
472.35,-6.2
472.36,-6.5
472.37,-5.3
472.38,-5.5
472.39,-6.5
472.4,-8.3
472.41,-9.5
472.42,-8.1
472.43,-5.5
472.44,-2.9
472.45,-4.1
472.46,-2.6
472.47,-0.8
472.48,-0.6
472.49,1
472.5,0.9
472.51,1.5
472.52,1.7
472.53,0.3
472.54,2
472.55,1.8
472.56,2.2
472.57,4.5
472.58,5.6
472.59,11.8
472.6,14.6
472.61,18.9
472.62,23.2
472.63,23.2
472.64,27.2
472.65,33.3
472.66,43.9
472.67,50.5
472.68,49.2
472.69,38.9
472.7,32.7
472.71,29.8
472.72,26.3
472.73,24
472.74,17.5
472.75,12.2
472.76,6.2
472.77,2.3
472.78,-0.3
472.79,-3.8
472.8,-5
472.81,-6.2
472.82,-7.1
472.83,-7.1
472.84,-5.8
472.85,-8.8
472.86,-12.9
472.87,-13
472.88,-12.8
472.89,-8.6
472.9,-6.4
472.91,-5.6
472.92,-4.9
472.93,-5.4
472.94,-3.9
472.95,-2.6
472.96,-2.3
472.97,-1.6
472.98,3.8
472.99,9.2
473,17.7
473.01,28.4
473.02,39.6
473.03,48.8
473.04,61.1
473.05,81.5
473.06,102.9
473.07,102.8
473.08,103.1
473.09,111.7
473.1,116.8
473.11,130.2
473.12,144.4
473.13,146
473.14,136.9
473.15,133.1
473.16,135.8
473.17,133.3
473.18,131.3
473.19,130.8
473.2,126.4
473.21,124.7
473.22,125.9
473.23,135.2
473.24,136.5
473.25,139.8
473.26,141.6
473.27,134.3
473.28,139.2
473.29,140.8
473.3,130.1
473.31,135.7
473.32,126.8
473.33,129.5
473.34,133.6
473.35,132.1
473.36,132.5
473.37,123.9
473.38,128.3
473.39,131.2
473.4,121.9
473.41,119
473.42,128.3
473.43,126.2
473.44,115.2
473.45,125
473.46,125
473.47,127.1
473.48,127.6
473.49,125.6
473.5,116.9
473.51,123.1
473.52,125
473.53,120.1
473.54,121.9
473.55,119.7
473.56,120.5
473.57,120.6
473.58,126.8
473.59,126.7
473.6,123
473.61,117.6
473.62,121.6
473.63,123.5
473.64,128.6
473.65,120.3
473.66,118.5
473.67,125.3
473.68,122.3
473.69,128.1
473.7,118.4
473.71,126.7
473.72,132.5
473.73,120
473.74,122.2
473.75,119.5
473.76,128.5
473.77,123.2
473.78,130
473.79,132.3
473.8,118.5
473.81,126.4
473.82,119.3
473.83,121
473.84,120.6
473.85,123.5
473.86,119.3
473.87,132
473.88,127.1
473.89,125.2
473.9,126.1
473.91,120
473.92,117.8
473.93,122
473.94,123.6
473.95,126
473.96,128.8
473.97,120
473.98,124.6
473.99,117.3
474,125.8
474.01,122.6
474.02,123.2
474.03,121.6
474.04,121.6
474.05,123.6
474.06,120.8
474.07,116.5
474.08,121.6
474.09,119.1
474.1,127.7
474.11,126.9
474.12,127.2
474.13,120.6
474.14,124.4
474.15,119.4
474.16,130.8
474.17,124.1
474.18,122.2
474.19,127.5
474.2,123.8
474.21,129.7
474.22,128
474.23,127.2
474.24,127.8
474.25,125.2
474.26,127.2
474.27,124.1
474.28,120
474.29,130.3
474.3,124.6
474.31,118.9
474.32,126.3
474.33,118.1
474.34,127.1
474.35,124.3
474.36,122.9
474.37,124.6
474.38,125.9
474.39,123.7
474.4,119.7
474.41,124
474.42,117.7
474.43,126.1
474.44,122.5
474.45,123.6
474.46,120.1
474.47,123.9
474.48,119.2
474.49,119.7
474.5,115.1
474.51,119.3
474.52,115.7
474.53,118.6
474.54,119.3
474.55,114.5
474.56,118.6
474.57,116
474.58,120.1
474.59,118
474.6,112.4
474.61,117.5
474.62,108.1
474.63,117
474.64,116.4
474.65,116.6
474.66,114
474.67,119.2
474.68,117.9
474.69,116.3
474.7,118.6
474.71,116.5
474.72,117.8
474.73,115.2
474.74,108.3
474.75,109.1
474.76,110.5
474.77,108.8
474.78,108.4
474.79,115
474.8,113.1
474.81,113.2
474.82,117.2
474.83,112.2
474.84,114.3
474.85,105
474.86,104.3
474.87,106.1
474.88,105
474.89,114.4
474.9,112.2
474.91,110.8
474.92,107.8
474.93,110
474.94,111.6
474.95,112.6
474.96,105.5
474.97,102.5
474.98,108.9
474.99,106.8
475,109.4
475.01,104.5
475.02,106.2
475.03,104
475.04,111.4
475.05,112
475.06,111.1
475.07,105.8
475.08,102
475.09,100.9
475.1,105.5
475.11,109.8
475.12,111.2
475.13,109.1
475.14,106.7
475.15,101.9
475.16,108.1
475.17,108
475.18,107.1
475.19,106.3
475.2,104.3
475.21,102.8
475.22,103.4
475.23,102.5
475.24,100.4
475.25,102
475.26,101
475.27,103.1
475.28,107.2
475.29,106.5
475.3,105.3
475.31,101.2
475.32,105.8
475.33,103.9
475.34,103.4
475.35,103.2
475.36,102.4
475.37,107.1
475.38,101.4
475.39,102.8
475.4,107
475.41,98.2
475.42,96.8
475.43,103.5
475.44,99.2
475.45,99.6
475.46,97.2
475.47,105
475.48,99.4
475.49,101.1
475.5,97.5
475.51,98.4
475.52,99.1
475.53,99.7
475.54,101
475.55,99.5
475.56,96.6
475.57,97.3
475.58,102.9
475.59,96.6
475.6,98.8
475.61,94.5
475.62,94.9
475.63,91.7
475.64,98.9
475.65,96.8
475.66,103
475.67,92.6
475.68,97.1
475.69,99.3
475.7,102.8
475.71,99.1
475.72,98.1
475.73,97.8
475.74,101.1
475.75,99.3
475.76,100.5
475.77,93.1
475.78,92.8
475.79,97.2
475.8,100.2
475.81,95.5
475.82,89.8
475.83,89.1
475.84,95.8
475.85,97.8
475.86,93.7
475.87,90.5
475.88,90.5
475.89,86.6
475.9,87.9
475.91,90.3
475.92,87.2
475.93,82.7
475.94,79.6
475.95,72.6
475.96,71.1
475.97,68.6
475.98,62.4
475.99,58.5
476,54.7
476.01,47.4
476.02,40.9
476.03,42
476.04,37.8
476.05,44.4
476.06,40.4
476.07,40
476.08,33.3
476.09,31.5
476.1,28.9
476.11,31
476.12,28.4
476.13,34.6
476.14,34.9
476.15,40.3
476.16,37.8
476.17,40.2
476.18,37.6
476.19,40.3
476.2,39.9
476.21,39.5
476.22,31.4
476.23,29.3
476.24,27
476.25,25.7
476.26,23.2
476.27,23.4
476.28,24.2
476.29,23.8
476.3,24.9
476.31,22.3
476.32,24.1
476.33,22.4
476.34,25.5
476.35,27.6
476.36,31.4
476.37,25.2
476.38,27
476.39,24.1
476.4,28.6
476.41,24.1
476.42,25.7
476.43,21.2
476.44,21.2
476.45,20.1
476.46,20
476.47,18.3
476.48,18.8
476.49,21.7
476.5,27.2
476.51,31.1
476.52,33.8
476.53,34.9
476.54,33.5
476.55,33.4
476.56,32.6
476.57,33.9
476.58,30.8
476.59,33.4
476.6,30.8
476.61,31.4
476.62,28.1
476.63,30.5
476.64,30.5
476.65,34.2
476.66,36.3
476.67,35.8
476.68,35.5
476.69,32
476.7,33.3
476.71,30.5
476.72,34.7
476.73,35.2
476.74,34
476.75,32.7
476.76,36.4
476.77,36.1
476.78,37.8
476.79,33.8
476.8,35.9
476.81,33.7
476.82,38.4
476.83,36.7
476.84,39
476.85,47.8
476.86,53
476.87,63.7
476.88,72.8
476.89,79.2
476.9,77.4
476.91,81.6
476.92,85.5
476.93,92.2
476.94,94.6
476.95,93.1
476.96,94
476.97,81.3
476.98,65
476.99,57
477,42.7
477.01,39.4
477.02,38.4
477.03,39.8
477.04,37.4
477.05,37.7
477.06,40.2
477.07,44
477.08,44.2
477.09,47.8
477.1,48.2
477.11,42.6
477.12,42.7
477.13,42.6
477.14,49.6
477.15,49.2
477.16,54
477.17,48.5
477.18,42.4
477.19,37.9
477.2,33.2
477.21,29.2
477.22,28.3
477.23,32.5
477.24,39.4
477.25,42.4
477.26,43.8
477.27,55.4
477.28,59.7
477.29,64.7
477.3,62.2
477.31,59.5
477.32,56.5
477.33,51.8
477.34,47.1
477.35,43.6
477.36,34.7
477.37,33.2
477.38,33.7
477.39,39.4
477.4,40.7
477.41,41.5
477.42,42.1
477.43,41
477.44,45
477.45,49.7
477.46,55.7
477.47,58.9
477.48,60
477.49,59.1
477.5,60.4
477.51,58.1
477.52,56.8
477.53,57
477.54,56.6
477.55,56.7
477.56,57.9
477.57,54.6
477.58,50.4
477.59,51.7
477.6,52.2
477.61,53
477.62,48.7
477.63,49.3
477.64,46.1
477.65,42.7
477.66,40.7
477.67,40.9
477.68,38.3
477.69,37.3
477.7,41.6
477.71,41.3
477.72,43.1
477.73,40
477.74,41.9
477.75,39.8
477.76,43.6
477.77,39.3
477.78,39.3
477.79,37.6
477.8,39.4
477.81,37.3
477.82,32.8
477.83,28
477.84,16.2
477.85,12.9
477.86,7.6
477.87,2.3
477.88,-3.5
477.89,-8.2
477.9,-14
477.91,-12.8
477.92,-13.5
477.93,-23
477.94,-23.1
477.95,-22.9
477.96,-16.7
477.97,-13.7
477.98,-11.7
477.99,-10.3
478,-8.2
478.01,-6.9
478.02,-5.4
478.03,-1.6
478.04,-2.1
478.05,0
478.06,-0.2
478.07,1.2
478.08,2.7
478.09,2.9
478.1,4.2
478.11,1.9
478.12,4.1
478.13,3.4
478.14,4.5
478.15,4.4
478.16,9.2
478.17,19.7
478.18,12.9
478.19,4.3
478.2,6
478.21,7
478.22,8.6
478.23,0.5
478.24,-2.7
478.25,-1.9
478.26,0.4
478.27,-0.6
478.28,-1
478.29,4.7
478.3,13.3
478.31,8.2
478.32,0.5
478.33,4
478.34,5
478.35,1
478.36,-1
478.37,-1.1
478.38,0.9
478.39,0.8
478.4,-1.1
478.41,1.1
478.42,12.6
478.43,19.4
478.44,7.6
478.45,3.6
478.46,5.5
478.47,7.7
478.48,5.9
478.49,3.3
478.5,-1
478.51,-0.3
478.52,0.5
478.53,-0.2
478.54,-0.1
478.55,4.6
478.56,21.3
478.57,12.8
478.58,5.2
478.59,4.9
478.6,7
478.61,6.6
478.62,5.4
478.63,2.6
478.64,2.6
478.65,1.2
478.66,0.5
478.67,1.4
478.68,-0.4
478.69,1.5
478.7,3
478.71,3
478.72,1.6
478.73,1.7
478.74,2.1
478.75,0.9
478.76,-2.8
478.77,-13.2
478.78,-12.2
478.79,-9.5
478.8,-7.7
478.81,-8.4
478.82,-10.1
478.83,-6.9
478.84,-6
478.85,-4.6
478.86,0.6
478.87,4.5
478.88,5
478.89,5.6
478.9,7.1
478.91,6.6
478.92,7.2
478.93,6.8
478.94,9.4
478.95,14.8
478.96,12.6
478.97,17
478.98,23.4
478.99,20.5
479,18.2
479.01,14.8
479.02,14.5
479.03,13.6
479.04,11.4
479.05,13.8
479.06,13.8
479.07,12.8
479.08,9.3
479.09,8
479.1,6
479.11,6.1
479.12,5.4
479.13,4.5
479.14,5
479.15,4
479.16,4.5
479.17,4.3
479.18,4.2
479.19,1.8
479.2,-0.2
479.21,-1.2
479.22,-1
479.23,-2.4
479.24,-1.5
479.25,-1.4
479.26,-0.9
479.27,-0.8
479.28,-0.9
479.29,-0.6
479.3,-1.1
479.31,0
479.32,-1.8
479.33,-2.7
479.34,-4.1
479.35,-4.1
479.36,-3.9
479.37,-1.4
479.38,-1.2
479.39,-1.5
479.4,-1.9
479.41,-1
479.42,-2.3
479.43,-1.3
479.44,-0.4
479.45,-0.1
479.46,-0.3
479.47,-1.4
479.48,-0.8
479.49,-0.1
479.5,-0.6
479.51,-1.1
479.52,-0.9
479.53,-0.4
479.54,-0.1
479.55,-0.2
479.56,0.6
479.57,0.6
479.58,0.4
479.59,0.7
479.6,1.7
479.61,1.5
479.62,1.4
479.63,-0.1
479.64,0.3
479.65,1.9
479.66,1.6
479.67,1.2
479.68,0.6
479.69,1.4
479.7,2.5
479.71,1.1
479.72,1.1
479.73,0.7
479.74,1.5
479.75,1.3
479.76,0.3
479.77,0.5
479.78,1.7
479.79,0.6
479.8,-0.1
479.81,0
479.82,-0.3
479.83,-0.3
479.84,-1.1
479.85,-1.4
479.86,-2.2
479.87,-0.9
479.88,-0.7
479.89,-0.5
479.9,-0.3
479.91,0.1
479.92,1.2
479.93,0
479.94,-0.8
479.95,0
479.96,0
479.97,0.4
479.98,0
479.99,-0.1
480,-0.3
480.01,0.1
480.02,0
480.03,-0.6
480.04,0.6
480.05,0.5
480.06,0
480.07,-0.1
480.08,-0.3
480.09,0.9
480.1,1.1
480.11,0.7
480.12,0.3
480.13,1.1
480.14,0.7
480.15,0.1
480.16,-0.1
480.17,-1.3
480.18,-0.6
480.19,0
480.2,-1.7
480.21,-0.6
480.22,0
480.23,0.7
480.24,0
480.25,-0.3
480.26,0
480.27,0.8
480.28,0.5
480.29,1.3
480.3,0.4
480.31,0.8
480.32,1.4
480.33,0.7
480.34,-0.2
480.35,-0.4
480.36,0.3
480.37,1.1
480.38,-0.2
480.39,0
480.4,-0.6
480.41,0.2
480.42,-0.2
480.43,-0.5
480.44,0
480.45,0.6
480.46,0.8
480.47,0
480.48,-0.1
480.49,-0.1
480.5,0
480.51,0.8
480.52,0
480.53,-1.3
480.54,0.4
480.55,1.1
480.56,0.8
480.57,0.8
480.58,0.3
480.59,1.3
480.6,0.8
480.61,-0.2
480.62,0
480.63,-0.2
480.64,0.2
480.65,0.6
480.66,-0.7
480.67,-0.1
480.68,0.1
480.69,0.3
480.7,0
480.71,0
480.72,0
480.73,0.9
480.74,0.7
480.75,0.7
480.76,0.4
480.77,0.5
480.78,1
480.79,1.1
480.8,0
480.81,0.2
480.82,0.6
480.83,0.2
480.84,-0.9
480.85,-0.8
480.86,-1
480.87,0.2
480.88,-0.5
480.89,-1.2
480.9,0.8
480.91,-0.3
480.92,0.6
480.93,-0.7
480.94,0.2
480.95,-0.2
480.96,0.2
480.97,0
480.98,0.6
480.99,-0.6
481,0.5
481.01,0.8
481.02,0.6
481.03,-0.1
481.04,-0.9
481.05,1.1
481.06,1.3
481.07,0
481.08,-1
481.09,0
481.1,-0.5
481.11,0
481.12,-1.3
481.13,-0.4
481.14,0
481.15,1
481.16,1
481.17,-1
481.18,0.1
481.19,-0.1
481.2,0.3
481.21,-0.1
481.22,0
481.23,0.8
481.24,0
481.25,0.8
481.26,0.3
481.27,0.3
481.28,-0.1
481.29,-0.5
481.3,0.2
481.31,-0.6
481.32,-0.8
481.33,-1.1
481.34,1.1
481.35,0.2
481.36,0.1
481.37,0.8
481.38,-0.2
481.39,0.3
481.4,0
481.41,-0.1
481.42,0.3
481.43,-1.1
481.44,0.7
481.45,-0.3
481.46,0.3
481.47,0.4
481.48,0.8
481.49,0.9
481.5,0.8
481.51,0.8
481.52,0.9
481.53,0.1
481.54,0.5
481.55,0
481.56,-1.7
481.57,0
481.58,0
481.59,0.5
481.6,-0.2
481.61,-0.5
481.62,0.7
481.63,0.7
481.64,0.3
481.65,1.3
481.66,0.1
481.67,0.9
481.68,0.4
481.69,0.3
481.7,-0.3
481.71,-0.1
481.72,1.1
481.73,0.6
481.74,-0.3
481.75,-0.3
481.76,-0.6
481.77,-0.3
481.78,-0.2
481.79,0.3
481.8,-1.6
481.81,-1.2
481.82,-0.9
481.83,0.1
481.84,-0.4
481.85,-0.5
481.86,0.5
481.87,0.7
481.88,-0.1
481.89,0.5
481.9,0.3
481.91,-0.9
481.92,0.3
481.93,1.2
481.94,-0.6
481.95,-0.6
481.96,0.3
481.97,0
481.98,0.3
481.99,1.1
482,0.8
482.01,0.5
482.02,0.8
482.03,-0.1
482.04,-0.5
482.05,-0.8
482.06,-1.3
482.07,-0.3
482.08,0
482.09,-0.5
482.1,0.3
482.11,0.7
482.12,0
482.13,0.9
482.14,0.5
482.15,-1
482.16,0
482.17,0
482.18,0.8
482.19,0.8
482.2,-1.1
482.21,0.1
482.22,0.7
482.23,0.5
482.24,0.8
482.25,-2.1
482.26,0.2
482.27,-0.3
482.28,0
482.29,0.2
482.3,-0.4
482.31,-0.3
482.32,-0.5
482.33,0.1
482.34,-0.2
482.35,0.2
482.36,0.1
482.37,-0.2
482.38,1
482.39,0.1
482.4,0.2
482.41,-0.6
482.42,-0.3
482.43,-0.1
482.44,-0.5
482.45,0.5
482.46,0.6
482.47,-0.3
482.48,1.1
482.49,-0.3
482.5,0.3
482.51,0.2
482.52,0
482.53,1.2
482.54,0
482.55,-0.4
482.56,-1.1
482.57,-0.6
482.58,-0.1
482.59,0.2
482.6,-0.4
482.61,-0.6
482.62,0.3
482.63,0
482.64,0
482.65,0.5
482.66,0.4
482.67,0.6
482.68,1.1
482.69,0
482.7,-0.5
482.71,-0.2
482.72,-0.8
482.73,0
482.74,0.5
482.75,1.1
482.76,-0.2
482.77,0.1
482.78,-0.5
482.79,-0.9
482.8,0
482.81,-0.7
482.82,-1.3
482.83,0
482.84,0.3
482.85,0.6
482.86,0.5
482.87,0
482.88,0.6
482.89,0.3
482.9,1.2
482.91,0.9
482.92,0.1
482.93,0
482.94,-0.3
482.95,0
482.96,0.5
482.97,0
482.98,0
482.99,0
483,0.5
483.01,0.4
483.02,0.5
483.03,0.8
483.04,0.1
483.05,-0.2
483.06,-1
483.07,0
483.08,0.1
483.09,-0.3
483.1,0
483.11,0
483.12,0.6
483.13,0.7
483.14,0
483.15,0.1
483.16,0.5
483.17,0.3
483.18,0.1
483.19,0.1
483.2,0.3
483.21,0.4
483.22,0.2
483.23,0.5
483.24,0.5
483.25,0.2
483.26,0
483.27,0.1
483.28,0.5
483.29,0.2
483.3,-1.2
483.31,-1.1
483.32,0.5
483.33,0
483.34,0.2
483.35,-0.7
483.36,0
483.37,0.5
483.38,0.5
483.39,1.1
483.4,1.2
483.41,0.6
483.42,0.2
483.43,1.1
483.44,0.2
483.45,0
483.46,0
483.47,0
483.48,0
483.49,0.1
483.5,0.3
483.51,-0.5
483.52,-0.2
483.53,0
483.54,0.5
483.55,1.1
483.56,0.8
483.57,-0.3
483.58,-0.8
483.59,-0.7
483.6,-0.7
483.61,0
483.62,-0.8
483.63,-0.1
483.64,0
483.65,0.5
483.66,-0.4
483.67,0.6
483.68,0
483.69,1.1
483.7,1
483.71,0.8
483.72,0.2
483.73,0.5
483.74,0.6
483.75,0
483.76,0.3
483.77,0.4
483.78,0.7
483.79,-0.3
483.8,-1.8
483.81,0.4
483.82,0.5
483.83,-0.4
483.84,-0.6
483.85,-1.4
483.86,-0.6
483.87,-0.4
483.88,0.6
483.89,0
483.9,-0.5
483.91,-1
483.92,0.2
483.93,1.1
483.94,0.4
483.95,0.3
483.96,0.3
483.97,-0.1
483.98,0.6
483.99,0.8
484,-1
484.01,-0.1
484.02,0.5
484.03,-0.5
484.04,-0.2
484.05,0.6
484.06,0.3
484.07,1.1
484.08,-0.2
484.09,-0.5
484.1,-0.2
484.11,0.5
484.12,0.1
484.13,-0.5
484.14,-0.6
484.15,0
484.16,-0.3
484.17,-0.4
484.18,-0.3
484.19,-0.3
484.2,0.8
484.21,0.7
484.22,0.6
484.23,0.1
484.24,0.5
484.25,-0.5
484.26,0.3
484.27,0.1
484.28,0.5
484.29,-0.3
484.3,0.3
484.31,0.4
484.32,0
484.33,0
484.34,-0.1
484.35,0.5
484.36,0
484.37,-0.2
484.38,0.6
484.39,0.3
484.4,0
484.41,-0.5
484.42,-1.4
484.43,-1
484.44,0.1
484.45,0
484.46,0.4
484.47,-0.2
484.48,0.1
484.49,0.5
484.5,0.6
484.51,0.2
484.52,0.3
484.53,0
484.54,0.3
484.55,0.5
484.56,0.3
484.57,1.1
484.58,-0.4
484.59,0
484.6,0.8
484.61,0.3
484.62,0.2
484.63,0.3
484.64,0
484.65,0.3
484.66,0.5
484.67,-0.3
484.68,0.1
484.69,-1.2
484.7,0.2
484.71,-0.9
484.72,-0.4
484.73,0.5
484.74,0.2
484.75,-0.3
484.76,0
484.77,0.1
484.78,0.2
484.79,0
484.8,0.8
484.81,0.4
484.82,0.1
484.83,-0.4
484.84,0.1
484.85,0
484.86,0
484.87,0.9
484.88,0.1
484.89,-0.3
484.9,-0.3
484.91,0.2
484.92,-0.1
484.93,-0.3
484.94,-0.7
484.95,-0.7
484.96,-0.5
484.97,-0.5
484.98,-0.9
484.99,-0.2
485,-2
485.01,-0.3
485.02,0.3
485.03,-0.4
485.04,0.2
485.05,0.5
485.06,-0.6
485.07,-0.3
485.08,0.7
485.09,1
485.1,0.3
485.11,0.6
485.12,0.4
485.13,0.3
485.14,0
485.15,0.3
485.16,0.3
485.17,-0.3
485.18,0.2
485.19,-0.4
485.2,-0.5
485.21,0.8
485.22,1.1
485.23,0.9
485.24,0
485.25,0.7
485.26,-0.2
485.27,0.3
485.28,-0.3
485.29,-0.8
485.3,-0.5
485.31,-0.7
485.32,-0.2
485.33,-0.6
485.34,0
485.35,-0.3
485.36,-0.3
485.37,-0.1
485.38,-0.1
485.39,1.1
485.4,0.4
485.41,1
485.42,0.7
485.43,0
485.44,-0.3
485.45,-0.9
485.46,-0.1
485.47,0.2
485.48,-0.2
485.49,0.7
485.5,0.2
485.51,0
485.52,1.2
485.53,-0.3
485.54,0.1
485.55,-0.2
485.56,-0.3
485.57,0.3
485.58,-0.1
485.59,-0.3
485.6,-0.8
485.61,-0.5
485.62,-0.6
485.63,-0.6
485.64,0
485.65,0.1
485.66,0
485.67,0.8
485.68,0
485.69,1.1
485.7,0.5
485.71,0.8
485.72,0.3
485.73,0.2
485.74,-0.5
485.75,-0.2
485.76,-0.6
485.77,0.6
485.78,0.1
485.79,0.2
485.8,0.1
485.81,-0.1
485.82,-0.1
485.83,-0.5
485.84,0.3
485.85,0.6
485.86,-0.5
485.87,0.9
485.88,-0.2
485.89,0
485.9,0.8
485.91,0.1
485.92,-0.3
485.93,0.5
485.94,0
485.95,0.4
485.96,-0.2
485.97,0.8
485.98,0.2
485.99,-0.1
486,-0.4
486.01,0.2
486.02,1.2
486.03,0.2
486.04,0.9
486.05,0.5
486.06,0
486.07,-0.1
486.08,-0.1
486.09,0
486.1,0.3
486.11,0.6
486.12,0.4
486.13,0.2
486.14,0.2
486.15,-0.5
486.16,0.6
486.17,1.7
486.18,0.1
486.19,0.8
486.2,0.5
486.21,1.1
486.22,0.3
486.23,-0.1
486.24,0.6
486.25,0.3
486.26,0.3
486.27,0.3
486.28,1
486.29,0.6
486.3,0.5
486.31,1.1
486.32,1.5
486.33,0.3
486.34,0.8
486.35,0.7
486.36,1.6
486.37,1.4
486.38,0.8
486.39,0.6
486.4,1.1
486.41,1.2
486.42,1
486.43,0.5
486.44,0.8
486.45,1.8
486.46,1.2
486.47,1
486.48,1.1
486.49,1
486.5,0.8
486.51,0.8
486.52,1.1
486.53,1.2
486.54,1.1
486.55,1.7
486.56,0.7
486.57,0.7
486.58,0.8
486.59,0.3
486.6,0.5
486.61,0.3
486.62,0.7
486.63,1.2
486.64,1.1
486.65,-0.3
486.66,1.8
486.67,0.1
486.68,1.2
486.69,-0.2
486.7,0.2
486.71,0.8
486.72,-0.1
486.73,0.1
486.74,0.9
486.75,0.3
486.76,0.1
486.77,1.1
486.78,0.6
486.79,0.8
486.8,0.2
486.81,-0.1
486.82,-0.4
486.83,0
486.84,-0.6
486.85,0
486.86,0.1
486.87,0.1
486.88,0.2
486.89,0.5
486.9,-0.1
486.91,0.2
486.92,0.8
486.93,0
486.94,0.3
486.95,0.9
486.96,0.1
486.97,-0.4
486.98,0.4
486.99,0.3
487,0.4
487.01,0.6
487.02,0.9
487.03,1.1
487.04,0.6
487.05,2
487.06,0.5
487.07,0.5
487.08,0.6
487.09,0.2
487.1,0.8
487.11,0.9
487.12,0.5
487.13,0.9
487.14,0.6
487.15,1.1
487.16,0.2
487.17,0.4
487.18,0.8
487.19,1.2
487.2,0.9
487.21,0.5
487.22,0.3
487.23,0.3
487.24,0.2
487.25,1.1
487.26,0.7
487.27,1.3
487.28,0.5
487.29,0.2
487.3,1.2
487.31,0.3
487.32,1.1
487.33,0.9
487.34,-0.3
487.35,0.2
487.36,-0.1
487.37,0.5
487.38,0
487.39,0.5
487.4,0.5
487.41,-0.1
487.42,0.3
487.43,0.5
487.44,-0.5
487.45,0.1
487.46,0.3
487.47,0.5
487.48,0.6
487.49,0.3
487.5,-1.1
487.51,-0.7
487.52,-0.4
487.53,-0.1
487.54,0
487.55,0
487.56,0.6
487.57,0.6
487.58,0.8
487.59,0.6
487.6,0.3
487.61,1
487.62,-0.2
487.63,0.5
487.64,0.3
487.65,0
487.66,0.8
487.67,-0.1
487.68,0.9
487.69,0.3
487.7,0.5
487.71,0
487.72,0.3
487.73,0.1
487.74,0.3
487.75,0.3
487.76,0.4
487.77,0.1
487.78,0.1
487.79,0.5
487.8,0.5
487.81,0.2
487.82,0.9
487.83,0.6
487.84,0.3
487.85,0
487.86,1
487.87,0.6
487.88,0.7
487.89,-0.4
487.9,-0.2
487.91,0.2
487.92,0.8
487.93,0.9
487.94,0.7
487.95,0.6
487.96,0.6
487.97,0
487.98,-0.1
487.99,-0.3
488,0.2
488.01,1.1
488.02,0
488.03,0.1
488.04,0.1
488.05,0
488.06,-0.3
488.07,0.5
488.08,-0.6
488.09,0
488.1,-0.5
488.11,-0.9
488.12,-0.2
488.13,-0.2
488.14,-0.4
488.15,0
488.16,0.1
488.17,-0.3
488.18,-0.4
488.19,0.1
488.2,0.5
488.21,0.3
488.22,0
488.23,1.1
488.24,0
488.25,0
488.26,0.3
488.27,0
488.28,0.5
488.29,0.4
488.3,-0.1
488.31,-0.3
488.32,0.4
488.33,0.8
488.34,0.2
488.35,0
488.36,0.4
488.37,0
488.38,0
488.39,0.1
488.4,0
488.41,0.2
488.42,0.3
488.43,0.3
488.44,0
488.45,0.6
488.46,0.5
488.47,0.5
488.48,-1.3
488.49,1.4
488.5,0.6
488.51,0.3
488.52,-0.5
488.53,0
488.54,0
488.55,0
488.56,-0.5
488.57,-0.2
488.58,-0.2
488.59,-0.2
488.6,0.6
488.61,-0.5
488.62,0
488.63,0
488.64,-0.2
488.65,0.1
488.66,0.7
488.67,0
488.68,0
488.69,-1.1
488.7,0.3
488.71,0.1
488.72,-0.3
488.73,0.7
488.74,0.1
488.75,0.1
488.76,0.1
488.77,0.1
488.78,-0.1
488.79,0
488.8,-0.6
488.81,0
488.82,0.5
488.83,0.1
488.84,0
488.85,0
488.86,0.1
488.87,-0.1
488.88,0.1
488.89,0.1
488.9,-0.3
488.91,-0.2
488.92,-0.1
488.93,0.1
488.94,0.8
488.95,0.2
488.96,-0.1
488.97,-0.1
488.98,0.2
488.99,-0.8
489,0
489.01,0
489.02,0.1
489.03,0
489.04,0
489.05,0
489.06,0
489.07,0
489.08,-0.6
489.09,0
489.1,0.5
489.11,-0.1
489.12,0.1
489.13,-0.3
489.14,-0.3
489.15,0.8
489.16,-0.1
489.17,0.1
489.18,-0.3
489.19,0
489.2,0
489.21,0
489.22,0.1
489.23,-0.5
489.24,0
489.25,-0.3
489.26,0.1
489.27,0.3
489.28,-0.3
489.29,0
489.3,-0.1
489.31,-0.3
489.32,-0.1
489.33,0.1
489.34,0.3
489.35,-0.1
489.36,0.1
489.37,0.8
489.38,-0.1
489.39,0
489.4,-0.1
489.41,-0.6
489.42,-0.6
489.43,-0.2
489.44,-0.6
489.45,-0.1
489.46,-0.1
489.47,-0.4
489.48,-0.3
489.49,-0.1
489.5,-0.1
489.51,-0.4
489.52,0.1
489.53,-0.7
489.54,0
489.55,0
489.56,-0.9
489.57,0.3
489.58,0.2
489.59,-0.4
489.6,0.2
489.61,-0.1
489.62,0
489.63,0
489.64,-0.2
489.65,0
489.66,-0.6
489.67,0.7
489.68,-0.3
489.69,0.4
489.7,0.1
489.71,-0.3
489.72,-0.3
489.73,0.3
489.74,-1
489.75,-0.2
489.76,-0.4
489.77,-0.5
489.78,0.1
489.79,0.2
489.8,-0.8
489.81,0.1
489.82,0.1
489.83,-0.5
489.84,-0.5
489.85,0.8
489.86,-0.7
489.87,0.1
489.88,-0.3
489.89,0.3
489.9,-0.2
489.91,0
489.92,-0.6
489.93,0
489.94,-0.1
489.95,0
489.96,0
489.97,0.5
489.98,-0.7
489.99,0.4
490,0.7
490.01,-0.7
490.02,-0.3
490.03,0.1
490.04,-0.8
490.05,0.1
490.06,0.2
490.07,-0.6
490.08,1
490.09,0.4
490.1,0.1
490.11,0.1
490.12,-0.3
490.13,-0.6
490.14,0.7
490.15,0.1
490.16,-1
490.17,-0.6
490.18,0.2
490.19,-0.5
490.2,0
490.21,-0.3
490.22,-0.1
490.23,0.8
490.24,0.3
490.25,-0.3
490.26,0
490.27,0.5
490.28,0
490.29,0.8
490.3,-0.1
490.31,-0.4
490.32,-0.1
490.33,-0.1
490.34,0.2
490.35,0.1
490.36,-0.7
490.37,-0.1
490.38,-0.1
490.39,0
490.4,-0.6
490.41,0.1
490.42,0.8
490.43,1
490.44,-0.1
490.45,0.2
490.46,-0.4
490.47,0
490.48,0
490.49,-0.1
490.5,-0.7
490.51,0.3
490.52,0.4
490.53,0.3
490.54,-0.2
490.55,0.4
490.56,0.3
490.57,0.3
490.58,-0.2
490.59,0.3
490.6,-0.4
490.61,0.6
490.62,0.3
490.63,0
490.64,-0.5
490.65,0
490.66,-0.5
490.67,0.1
490.68,-0.1
490.69,0
490.7,-0.3
490.71,-0.3
490.72,0.3
490.73,0
490.74,-0.1
490.75,0.3
490.76,-0.3
490.77,-0.2
490.78,-0.5
490.79,-0.1
490.8,0.2
490.81,-0.3
490.82,0.2
490.83,0.4
490.84,0.6
490.85,0.1
490.86,0.6
490.87,-0.2
490.88,0.1
490.89,0.9
490.9,0.3
490.91,0.2
490.92,0
490.93,-0.4
490.94,0
490.95,0.5
490.96,0.2
490.97,0.4
490.98,-0.4
490.99,0
491,-0.2
491.01,-0.7
491.02,0.2
491.03,0
491.04,-0.2
491.05,-0.7
491.06,-0.1
491.07,0
491.08,0
491.09,0.2
491.1,0
491.11,0
491.12,1.1
491.13,-0.5
491.14,-0.3
491.15,0.3
491.16,0
491.17,-0.6
491.18,0.5
491.19,-0.5
491.2,0
491.21,0.2
491.22,0
491.23,0.1
491.24,0.1
491.25,-0.2
491.26,0
491.27,0.7
491.28,-0.2
491.29,0
491.3,0.7
491.31,0.1
491.32,0
491.33,1
491.34,0.1
491.35,-0.1
491.36,1
491.37,-0.1
491.38,0
491.39,0.7
491.4,0.1
491.41,0
491.42,0.6
491.43,-0.3
491.44,-0.1
491.45,0.6
491.46,0.1
491.47,0.2
491.48,1
491.49,0.1
491.5,0.2
491.51,1
491.52,-0.2
491.53,0.4
491.54,0.3
491.55,0.7
491.56,-0.2
491.57,1.3
491.58,0.5
491.59,0.5
491.6,0.7
491.61,0.2
491.62,0.3
491.63,0
491.64,0.2
491.65,0
491.66,1
491.67,-0.1
491.68,0.2
491.69,0.9
491.7,-0.4
491.71,-0.3
491.72,1
491.73,0.3
491.74,-0.6
491.75,0.5
491.76,0
491.77,0.2
491.78,0.4
491.79,0.3
491.8,0
491.81,-0.3
491.82,0.1
491.83,-0.3
491.84,0.3
491.85,-0.1
491.86,-0.6
491.87,0
491.88,0.4
491.89,0.1
491.9,0.4
491.91,0.1
491.92,0.2
491.93,-0.4
491.94,0
491.95,0.4
491.96,0.4
491.97,-0.2
491.98,0
491.99,-0.4
492,0
492.01,0
492.02,-0.4
492.03,0.2
492.04,0.9
492.05,-0.2
492.06,-0.6
492.07,0
492.08,0.8
492.09,-0.1
492.1,0.6
492.11,0.2
492.12,0
492.13,0.6
492.14,0.1
492.15,-0.9
492.16,0.7
492.17,0.1
492.18,0.5
492.19,0.8
492.2,-1.4
492.21,-0.8
492.22,0.8
492.23,-0.8
492.24,0.1
492.25,-0.4
492.26,0.1
492.27,0
492.28,0
492.29,-0.2
492.3,0
492.31,0
492.32,0
492.33,-0.3
492.34,0.3
492.35,0
492.36,0.1
492.37,0
492.38,-0.1
492.39,-1.1
492.4,0
492.41,0
492.42,-0.2
492.43,-0.3
492.44,-0.1
492.45,0.1
492.46,0
492.47,-0.5
492.48,0
492.49,0
492.5,-0.2
492.51,-0.2
492.52,-0.1
492.53,-0.1
492.54,0.3
492.55,-0.5
492.56,0
492.57,-0.4
492.58,0
492.59,0
492.6,0
492.61,-0.1
492.62,-0.7
492.63,0.7
492.64,0
492.65,0
492.66,0
492.67,-0.1
492.68,-0.6
492.69,0.6
492.7,0.3
492.71,0.3
492.72,-0.3
492.73,-0.5
492.74,-0.1
492.75,0.1
492.76,-0.2
492.77,0
492.78,0
492.79,0
492.8,-0.3
492.81,-0.1
492.82,-0.8
492.83,0.1
492.84,0
492.85,0
492.86,-0.7
492.87,-0.1
492.88,0
492.89,-0.2
492.9,-0.3
492.91,0.7
492.92,-0.5
492.93,0.5
492.94,-0.5
492.95,0
492.96,0
492.97,0.7
492.98,-0.8
492.99,-0.1
493,-0.4
493.01,0.3
493.02,0
493.03,-1
493.04,0
493.05,0.5
493.06,-0.3
493.07,-0.1
493.08,-0.9
493.09,0.8
493.1,-0.4
493.11,-0.2
493.12,-0.9
493.13,-0.3
493.14,-0.1
493.15,0.3
493.16,0
493.17,-0.1
493.18,-0.1
493.19,0.6
493.2,-0.1
493.21,-0.4
493.22,0.1
493.23,-0.1
493.24,-0.1
493.25,0.4
493.26,-0.8
493.27,-0.3
493.28,0.5
493.29,-0.1
493.3,-0.5
493.31,0.4
493.32,0
493.33,0
493.34,-0.1
493.35,-0.2
493.36,0
493.37,0
493.38,-0.2
493.39,-0.3
493.4,-0.1
493.41,0.5
493.42,-0.1
493.43,-0.2
493.44,-0.4
493.45,-0.1
493.46,0.8
493.47,-0.1
493.48,-0.2
493.49,0
493.5,0
493.51,0
493.52,-0.5
493.53,-0.4
493.54,0.5
493.55,0.1
493.56,-0.2
493.57,0
493.58,-0.9
493.59,0.4
493.6,0.7
493.61,0.4
493.62,0.1
493.63,0.1
493.64,0
493.65,0.5
493.66,0.8
493.67,-0.1
493.68,-0.1
493.69,-0.3
493.7,0.3
493.71,0.1
493.72,0.6
493.73,-0.1
493.74,0.1
493.75,-0.1
493.76,0
493.77,-0.3
493.78,0.6
493.79,0.3
493.8,-1.2
493.81,0.2
493.82,-0.1
493.83,0.2
493.84,-0.1
493.85,-0.2
493.86,-0.5
493.87,0.5
493.88,1
493.89,-0.3
493.9,-0.3
493.91,0.8
493.92,0
493.93,-0.2
493.94,0
493.95,0
493.96,0
493.97,-0.1
493.98,0.5
493.99,0
494,0.1
494.01,-0.4
494.02,0.1
494.03,-0.3
494.04,0
494.05,0.1
494.06,0.5
494.07,0
494.08,0.3
494.09,0.7
494.1,0
494.11,-0.1
494.12,-0.6
494.13,-0.3
494.14,-0.1
494.15,0
494.16,0.1
494.17,-0.4
494.18,0.1
494.19,-0.2
494.2,0.5
494.21,-0.2
494.22,0
494.23,0.1
494.24,0
494.25,0
494.26,-0.3
494.27,-0.2
494.28,0
494.29,-0.3
494.3,-0.3
494.31,0
494.32,0
494.33,0.3
494.34,0.1
494.35,-0.5
494.36,0.1
494.37,0.1
494.38,1.5
494.39,0
494.4,0
494.41,0.7
494.42,0.8
494.43,-0.3
494.44,-0.4
494.45,0
494.46,0.9
494.47,0
494.48,0
494.49,-0.2
494.5,0.1
494.51,0.2
494.52,0.7
494.53,-0.9
494.54,0.9
494.55,0
494.56,0.1
494.57,-0.2
494.58,0.1
494.59,0.2
494.6,-0.3
494.61,0.1
494.62,-0.5
494.63,-0.6
494.64,0.1
494.65,-0.8
494.66,0.7
494.67,0.1
494.68,0.1
494.69,0.2
494.7,0.2
494.71,-0.8
494.72,0
494.73,0.4
494.74,0.9
494.75,0.9
494.76,0.3
494.77,0.9
494.78,0.8
494.79,-0.4
494.8,0.8
494.81,0
494.82,0.7
494.83,0.1
494.84,0.2
494.85,0.5
494.86,-0.1
494.87,-0.2
494.88,-0.6
494.89,-0.4
494.9,-0.3
494.91,0.3
494.92,0
494.93,0.2
494.94,0.1
494.95,0.6
494.96,0.2
494.97,0
494.98,0.8
494.99,-0.2
495,0
495.01,0.1
495.02,0
495.03,-0.1
495.04,0
495.05,0
495.06,-0.5
495.07,-0.3
495.08,-0.1
495.09,0
495.1,-0.4
495.11,0.5
495.12,0.8
495.13,-0.7
495.14,0.5
495.15,-0.1
495.16,0
495.17,0
495.18,-0.4
495.19,-0.4
495.2,0
495.21,0.2
495.22,0.2
495.23,0.2
495.24,-0.7
495.25,0.7
495.26,0.2
495.27,0.1
495.28,-0.9
495.29,0
495.3,-0.1
495.31,0.2
495.32,-0.3
495.33,0
495.34,0.5
495.35,0
495.36,0
495.37,-0.2
495.38,0.2
495.39,0.2
495.4,-0.1
495.41,0
495.42,-0.8
495.43,0.5
495.44,0.9
495.45,0.1
495.46,0
495.47,0.2
495.48,0
495.49,0.2
495.5,0.2
495.51,0
495.52,-0.5
495.53,0
495.54,0.4
495.55,0
495.56,0
495.57,0.2
495.58,0
495.59,0.6
495.6,-0.2
495.61,0.1
495.62,0.2
495.63,0.4
495.64,-0.4
495.65,0.2
495.66,0
495.67,0
495.68,0
495.69,0.6
495.7,0
495.71,0.6
495.72,0.1
495.73,0.3
495.74,0.6
495.75,0
495.76,0
495.77,0.5
495.78,-0.9
495.79,1.6
495.8,0.8
495.81,0.3
495.82,-1.1
495.83,0.2
495.84,0.2
495.85,0.1
495.86,-0.4
495.87,0.3
495.88,-0.1
495.89,0.3
495.9,0.6
495.91,0.1
495.92,0.3
495.93,0.8
495.94,0.3
495.95,0.9
495.96,-0.3
495.97,1
495.98,-0.2
495.99,0.2
496,0.2
496.01,0.7
496.02,-0.4
496.03,0.3
496.04,-0.6
496.05,0.1
496.06,-0.1
496.07,0.1
496.08,-0.1
496.09,0
496.1,0
496.11,0.1
496.12,0
496.13,0.1
496.14,0
496.15,0.1
496.16,-0.4
496.17,0
496.18,0.2
496.19,0.2
496.2,0
496.21,0.4
496.22,0.5
496.23,0
496.24,0.6
496.25,0.1
496.26,-0.3
496.27,0.2
496.28,0
496.29,-0.1
496.3,0.7
496.31,0
496.32,1.2
496.33,0
496.34,0
496.35,-0.2
496.36,-0.1
496.37,0.1
496.38,0.2
496.39,-0.3
496.4,0.6
496.41,0.3
496.42,0.2
496.43,-0.6
496.44,-0.7
496.45,0.2
496.46,0.1
496.47,0.6
496.48,-0.5
496.49,0
496.5,0
496.51,0.2
496.52,0
496.53,-1
496.54,0.9
496.55,0.1
496.56,0.2
496.57,-0.4
496.58,0.2
496.59,-0.3
496.6,0.1
496.61,-1
496.62,0.2
496.63,-0.1
496.64,0
496.65,0.1
496.66,0.1
496.67,0.1
496.68,0.7
496.69,0.5
496.7,0.1
496.71,0
496.72,-0.1
496.73,-0.2
496.74,-0.4
496.75,0.5
496.76,0.1
496.77,0.1
496.78,-0.1
496.79,0
496.8,0.6
496.81,0.1
496.82,0
496.83,0.8
496.84,-0.3
496.85,-0.1
496.86,0.1
496.87,0.4
496.88,-0.1
496.89,0.3
496.9,0.3
496.91,0
496.92,0.3
496.93,0.9
496.94,-0.3
496.95,0.3
496.96,0.1
496.97,0.1
496.98,-0.1
496.99,0.1
497,-0.3
497.01,-0.2
497.02,0.1
497.03,0
497.04,0.1
497.05,-0.5
497.06,0.1
497.07,0
497.08,0.1
497.09,-0.2
497.1,0.4
497.11,0.7
497.12,-0.3
497.13,1.2
497.14,0.9
497.15,-0.3
497.16,0.1
497.17,-0.5
497.18,0
497.19,0
497.2,0.2
497.21,0
497.22,0
497.23,0
497.24,-0.3
497.25,-0.2
497.26,1.4
497.27,0.6
497.28,0.2
497.29,0
497.3,0
497.31,0.5
497.32,-0.2
497.33,0.7
497.34,-0.4
497.35,-0.1
497.36,-0.5
497.37,0
497.38,-0.3
497.39,0
497.4,0
497.41,-0.3
497.42,-1.3
497.43,-0.8
497.44,-0.1
497.45,0
497.46,-0.1
497.47,0
497.48,-0.1
497.49,0.1
497.5,0.1
497.51,-0.9
497.52,0.6
497.53,-0.1
497.54,0.1
497.55,0.1
497.56,-0.1
497.57,0.1
497.58,0.3
497.59,-0.1
497.6,0.1
497.61,0
497.62,0
497.63,0
497.64,0
497.65,0
497.66,-0.3
497.67,0
497.68,0.1
497.69,0
497.7,0.7
497.71,0
497.72,-0.4
497.73,0.4
497.74,0.7
497.75,0
497.76,1.1
497.77,0
497.78,0
497.79,0.5
497.8,-0.2
497.81,-0.2
497.82,0.5
497.83,0
497.84,0.2
497.85,0
497.86,0.2
497.87,1
497.88,0
497.89,0.1
497.9,0
497.91,0
497.92,-0.2
497.93,0.6
497.94,0.4
497.95,0
497.96,-0.1
497.97,0
497.98,-0.2
497.99,0.5
498,0.3
498.01,-0.2
498.02,0.3
498.03,0.5
498.04,0
498.05,0
498.06,0.1
498.07,0.1
498.08,0.3
498.09,0.5
498.1,-0.3
498.11,-0.1
498.12,-0.1
498.13,-0.5
498.14,-0.1
498.15,-0.5
498.16,0
498.17,-0.5
498.18,-0.1
498.19,0
498.2,-0.5
498.21,-0.3
498.22,0.2
498.23,-0.2
498.24,1.1
498.25,-0.1
498.26,-0.1
498.27,0
498.28,-0.1
498.29,0
498.3,0
498.31,-0.2
498.32,1.3
498.33,-0.2
498.34,0.3
498.35,-0.4
498.36,-0.4
498.37,0
498.38,-0.4
498.39,-0.2
498.4,-0.1
498.41,-0.1
498.42,-0.1
498.43,1.3
498.44,0
498.45,0
498.46,-0.1
498.47,-0.3
498.48,-0.7
498.49,0
498.5,0
498.51,-0.2
498.52,-0.5
498.53,0
498.54,-0.4
498.55,0
498.56,0
498.57,-0.4
498.58,-0.4
498.59,0
498.6,0
498.61,0.1
498.62,0
498.63,0.2
498.64,0.2
498.65,-0.8
498.66,-0.6
498.67,0
498.68,0
498.69,-0.3
498.7,0.1
498.71,0
498.72,0
498.73,-0.9
498.74,0.2
498.75,0.8
498.76,0
498.77,0
498.78,0.2
498.79,0.6
498.8,0.2
498.81,-0.3
498.82,-0.1
498.83,0.6
498.84,0.3
498.85,-0.3
498.86,0
498.87,-1
498.88,0.7
498.89,0
498.9,0.3
498.91,-1
498.92,0.6
498.93,-0.6
498.94,0.1
498.95,-0.1
498.96,0.8
498.97,0
498.98,1
498.99,-0.2
499,0
499.01,0.5
499.02,0
499.03,-0.4
499.04,0.3
499.05,0
499.06,0.1
499.07,0.1
499.08,-0.1
499.09,0.1
499.1,-0.4
499.11,0
499.12,-0.4
499.13,-0.2
499.14,0.2
499.15,0.1
499.16,-0.4
499.17,0.2
499.18,-0.2
499.19,-0.2
499.2,-0.3
499.21,-0.4
499.22,0.1
499.23,-0.7
499.24,-0.4
499.25,-0.2
499.26,-0.1
499.27,-0.4
499.28,0.5
499.29,-0.4
499.3,-0.1
499.31,0
499.32,-0.5
499.33,-0.1
499.34,0
499.35,-1.2
499.36,0
499.37,-0.4
499.38,-1.1
499.39,-0.2
499.4,-0.1
499.41,-0.8
499.42,0
499.43,-0.4
499.44,-1
499.45,-0.6
499.46,-0.3
499.47,-0.4
499.48,0
499.49,-0.1
499.5,0
499.51,-0.6
499.52,-0.3
499.53,0.7
499.54,0.1
499.55,0
499.56,-0.3
499.57,0
499.58,-0.3
499.59,-0.4
499.6,0
499.61,0
499.62,-0.4
499.63,1
499.64,-0.4
499.65,0
499.66,0
499.67,-0.5
499.68,-0.4
499.69,0.1
499.7,0
499.71,0.6
499.72,-0.4
499.73,0.1
499.74,0
499.75,0
499.76,-0.1
499.77,-0.6
499.78,0
499.79,0.3
499.8,-0.4
499.81,0
499.82,0
499.83,0.7
499.84,-0.1
499.85,0
499.86,0.7
499.87,0
499.88,0
499.89,0.1
499.9,0
499.91,0
499.92,-0.2
499.93,0
499.94,1
499.95,0.2
499.96,-0.2
499.97,0.1
499.98,0
499.99,-0.9
500,-0.2
500.01,0.2
500.02,-0.4
500.03,0.2
500.04,0.1
500.05,-0.1
500.06,0.1
500.07,0.5
500.08,-0.5
500.09,-0.3
500.1,-0.6
500.11,1.5
500.12,0
500.13,0.9
500.14,-0.4
500.15,1.1
500.16,0.1
500.17,-0.2
500.18,-0.5
500.19,-0.2
500.2,-0.5
500.21,0.5
500.22,0.2
500.23,-0.5
500.24,0.2
500.25,0
500.26,-0.9
500.27,0
500.28,0
500.29,-0.7
500.3,0
500.31,0
500.32,-1.2
500.33,0.4
500.34,-0.1
500.35,-0.8
500.36,-0.3
500.37,0.2
500.38,-0.8
500.39,-0.4
500.4,1
500.41,-1.2
500.42,0
500.43,0.1
500.44,-1.1
500.45,1
500.46,0.2
500.47,-1.3
500.48,0.1
500.49,0.6
500.5,-1.1
500.51,0.2
500.52,-0.1
500.53,0
500.54,0.1
500.55,-0.1
500.56,-1
500.57,0.7
500.58,0
500.59,0
500.6,-0.7
500.61,0.3
500.62,0
500.63,0
500.64,0.1
500.65,0.1
500.66,0
500.67,0.6
500.68,0
500.69,0.8
500.7,0
500.71,-0.3
500.72,0
500.73,0.1
500.74,0.1
500.75,0.6
500.76,0.1
500.77,0
500.78,0.1
500.79,0.1
500.8,-1
500.81,-0.6
500.82,0.7
500.83,0.2
500.84,-0.1
500.85,0.7
500.86,-0.1
500.87,-0.1
500.88,-0.5
500.89,0.6
500.9,0.2
500.91,0.2
500.92,-0.7
500.93,0.2
500.94,0.9
500.95,0.1
500.96,0
500.97,0.4
500.98,-0.8
500.99,0.3
501,0.7
501.01,0.7
501.02,-0.6
501.03,0
501.04,0.3
501.05,0.2
501.06,-0.4
501.07,-0.1
501.08,0
501.09,0.3
501.1,-0.2
501.11,0
501.12,0.1
501.13,0.1
501.14,-0.3
501.15,0.1
501.16,-0.1
501.17,0.2
501.18,0.1
501.19,-0.8
501.2,0.2
501.21,-0.3
501.22,0.2
501.23,-0.2
501.24,0
501.25,0
501.26,-0.2
501.27,-0.5
501.28,0.1
501.29,0.1
501.3,0.4
501.31,0.6
501.32,0
501.33,0.5
501.34,-0.2
501.35,-1.4
501.36,0.2
501.37,-0.2
501.38,0
501.39,-0.1
501.4,0
501.41,0
501.42,-0.2
501.43,-0.3
501.44,-0.2
501.45,0.4
501.46,0.2
501.47,-0.3
501.48,-0.2
501.49,0.5
501.5,0
501.51,0.3
501.52,0.1
501.53,0.1
501.54,0.5
501.55,0.2
501.56,-0.5
501.57,-0.1
501.58,0.4
501.59,0
501.6,0.2
501.61,0.2
501.62,0
501.63,0.2
501.64,0.6
501.65,0.2
501.66,0
501.67,0.2
501.68,-0.2
501.69,-0.5
501.7,0.2
501.71,0.2
501.72,-0.3
501.73,1
501.74,0
501.75,-0.3
501.76,1
501.77,0.1
501.78,0.3
501.79,1.1
501.8,-0.4
501.81,-0.2
501.82,0.9
501.83,0
501.84,0.1
501.85,0.9
501.86,0.2
501.87,0.3
501.88,0.9
501.89,0.1
501.9,1.1
501.91,0.6
501.92,0.2
501.93,-0.9
501.94,1.1
501.95,-0.5
501.96,0.5
501.97,0.4
501.98,1
501.99,0
502,0.5
502.01,0
502.02,-0.4
502.03,0.7
502.04,0
502.05,0.2
502.06,0.7
502.07,0.6
502.08,-0.4
502.09,-0.2
502.1,0.3
502.11,0.2
502.12,0.2
502.13,0.3
502.14,0
502.15,-0.2
502.16,0.2
502.17,0.3
502.18,0.3
502.19,0.5
502.2,0.8
502.21,0.6
502.22,-0.6
502.23,-1.1
502.24,0.2
502.25,-0.5
502.26,0
502.27,0.5
502.28,0
502.29,0.2
502.3,0.1
502.31,-0.2
502.32,0.2
502.33,0.4
502.34,-0.2
502.35,0.3
502.36,-0.4
502.37,0.1
502.38,0
502.39,-0.6
502.4,0.1
502.41,-1.1
502.42,-0.2
502.43,0
502.44,0.1
502.45,-0.1
502.46,-0.1
502.47,-0.6
502.48,-0.1
502.49,0
502.5,0
502.51,-0.3
502.52,-0.1
502.53,0
502.54,-0.4
502.55,-0.5
502.56,0.1
502.57,-0.2
502.58,-0.3
502.59,0
502.6,-0.3
502.61,0
502.62,-0.1
502.63,-0.3
502.64,0.9
502.65,0
502.66,0.1
502.67,-0.6
502.68,-0.4
502.69,0.3
502.7,0.5
502.71,0.4
502.72,-0.3
502.73,-0.3
502.74,-0.4
502.75,0.1
502.76,-0.1
502.77,0.6
502.78,0.1
502.79,0
502.8,0
502.81,-0.2
502.82,1
502.83,-0.1
502.84,-0.2
502.85,0.5
502.86,0
502.87,-0.4
502.88,0.5
502.89,0.1
502.9,0
502.91,0.5
502.92,0
502.93,0.2
502.94,0.4
502.95,0
502.96,-0.7
502.97,0.3
502.98,0
502.99,-0.4
503,0.1
503.01,0
503.02,0
503.03,0.3
503.04,0.1
503.05,-0.2
503.06,0.4
503.07,0.2
503.08,-0.2
503.09,-0.2
503.1,0.4
503.11,0
503.12,0.4
503.13,-0.8
503.14,0
503.15,0.4
503.16,0.1
503.17,-0.7
503.18,0.1
503.19,-0.1
503.2,0.6
503.21,0.7
503.22,-0.6
503.23,0.6
503.24,-0.1
503.25,0
503.26,-0.5
503.27,0
503.28,0
503.29,0
503.3,0.9
503.31,0
503.32,-1.1
503.33,0.7
503.34,0
503.35,-0.5
503.36,0
503.37,-0.9
503.38,0.1
503.39,-0.1
503.4,-0.1
503.41,-0.9
503.42,-0.2
503.43,-0.2
503.44,0.6
503.45,-0.1
503.46,-0.3
503.47,-0.1
503.48,0
503.49,0
503.5,-0.4
503.51,-0.2
503.52,0
503.53,-0.8
503.54,-0.8
503.55,0
503.56,0.4
503.57,0
503.58,-0.4
503.59,-0.2
503.6,0.2
503.61,-0.2
503.62,0.8
503.63,-0.2
503.64,0.2
503.65,0
503.66,0.2
503.67,-0.2
503.68,0
503.69,-0.7
503.7,-0.2
503.71,0
503.72,0.2
503.73,0
503.74,0
503.75,-0.1
503.76,0
503.77,-0.5
503.78,0.2
503.79,-0.7
503.8,0.3
503.81,0.3
503.82,-0.3
503.83,0.7
503.84,0.3
503.85,-0.1
503.86,0.1
503.87,-0.2
503.88,-0.1
503.89,-0.3
503.9,0
503.91,-0.9
503.92,0
503.93,-0.5
503.94,-0.1
503.95,0.5
503.96,0.2
503.97,0
503.98,0
503.99,-0.2
504,0.8
504.01,0
504.02,-0.2
504.03,0.5
504.04,0
504.05,-0.1
504.06,-1
504.07,0.6
504.08,0
504.09,0
504.1,-0.7
504.11,0.6
504.12,0.4
504.13,0.2
504.14,0
504.15,-1
504.16,0
504.17,0
504.18,-0.2
504.19,0.3
504.2,-0.2
504.21,0.5
504.22,0
504.23,0.5
504.24,1
504.25,-0.2
504.26,-0.7
504.27,-0.1
504.28,-0.4
504.29,-0.7
504.3,0.7
504.31,0.2
504.32,-0.6
504.33,0
504.34,-0.4
504.35,-0.2
504.36,0.1
504.37,-0.3
504.38,-0.4
504.39,-0.1
504.4,0.1
504.41,-0.9
504.42,-0.2
504.43,0
504.44,-0.2
504.45,0.1
504.46,0
504.47,-0.6
504.48,0.4
504.49,-0.1
504.5,-0.9
504.51,0.1
504.52,-0.1
504.53,-0.9
504.54,-0.8
504.55,0.6
504.56,-0.8
504.57,0.3
504.58,-0.5
504.59,-0.2
504.6,0.2
504.61,0
504.62,-1.3
504.63,0.6
504.64,0
504.65,0.2
504.66,-0.2
504.67,-1
504.68,-0.7
504.69,0
504.7,-0.5
504.71,0.3
504.72,0.4
504.73,0.6
504.74,-1.3
504.75,0.1
504.76,-0.1
504.77,-0.5
504.78,0.2
504.79,-0.1
504.8,-0.3
504.81,-0.1
504.82,0
504.83,0.1
504.84,-0.1
504.85,0.1
504.86,-0.6
504.87,0.6
504.88,0.2
504.89,-0.6
504.9,-0.1
504.91,0
504.92,0
504.93,0
504.94,-0.1
504.95,-0.4
504.96,0.1
504.97,-0.4
504.98,-0.3
504.99,-0.4
505,-0.2
505.01,-0.1
505.02,0
505.03,0.4
505.04,-0.6
505.05,0
505.06,-0.7
505.07,0.3
505.08,0.1
505.09,0.1
505.1,-0.7
505.11,-0.7
505.12,0.7
505.13,0
505.14,-0.4
505.15,-0.2
505.16,0
505.17,0
505.18,-0.6
505.19,0
505.2,0.1
505.21,-0.3
505.22,0.1
505.23,-0.2
505.24,0
505.25,-0.1
505.26,0.1
505.27,-0.1
505.28,0.1
505.29,0
505.3,-0.3
505.31,0.9
505.32,0
505.33,0.6
505.34,0
505.35,-0.8
505.36,-0.3
505.37,0
505.38,-0.2
505.39,0
505.4,-0.1
505.41,0.8
505.42,-0.1
505.43,-0.1
505.44,0.1
505.45,0.9
505.46,0.1
505.47,0.8
505.48,-0.8
505.49,0.1
505.5,-0.9
505.51,0.3
505.52,1
505.53,0.1
505.54,-0.1
505.55,0
505.56,-0.1
505.57,0.8
505.58,-0.3
505.59,0.2
505.6,0
505.61,-0.4
505.62,1
505.63,-0.2
505.64,-0.1
505.65,0.1
505.66,0
505.67,-0.1
505.68,-0.1
505.69,-0.1
505.7,0.6
505.71,0
505.72,-0.1
505.73,0.1
505.74,-0.5
505.75,0
505.76,0
505.77,0.7
505.78,0.2
505.79,0.1
505.8,-0.1
505.81,-0.3
505.82,-0.1
505.83,-0.4
505.84,0.1
505.85,0
505.86,0
505.87,-0.2
505.88,0.4
505.89,-0.2
505.9,0.2
505.91,0.7
505.92,0.2
505.93,0.1
505.94,0.2
505.95,0.2
505.96,0.6
505.97,0.1
505.98,0.1
505.99,-0.1
506,0.1
506.01,0.2
506.02,0.2
506.03,0.1
506.04,0.1
506.05,-0.6
506.06,0.6
506.07,0
506.08,0.9
506.09,-0.3
506.1,-0.1
506.11,-0.2
506.12,0.1
506.13,-0.1
506.14,0.1
506.15,0.8
506.16,-0.1
506.17,0.1
506.18,-0.3
506.19,0
506.2,0
506.21,0.9
506.22,0.2
506.23,-0.1
506.24,0.1
506.25,-0.3
506.26,0.1
506.27,0.3
506.28,0.9
506.29,0.2
506.3,0.4
506.31,0
506.32,0.2
506.33,0
506.34,0.3
506.35,0.2
506.36,-0.3
506.37,0
506.38,0
506.39,0
506.4,0
506.41,0.1
506.42,0
506.43,0.2
506.44,0.8
506.45,0
506.46,1.1
506.47,0.1
506.48,-0.2
506.49,-0.6
506.5,0.2
506.51,0.2
506.52,0.1
506.53,0.1
506.54,0
506.55,0
506.56,-0.2
506.57,0.2
506.58,0
506.59,0.2
506.6,0
506.61,0
506.62,-0.4
506.63,0.2
506.64,0
506.65,-0.2
506.66,-0.2
506.67,-0.2
506.68,0
506.69,0.2
506.7,0.2
506.71,-0.3
506.72,0.2
506.73,0
506.74,0
506.75,-0.2
506.76,-0.2
506.77,0.7
506.78,-0.2
506.79,0
506.8,0.1
506.81,0
506.82,0
506.83,0.2
506.84,0
506.85,0
506.86,0.8
506.87,-0.2
506.88,0
506.89,0
506.9,0.8
506.91,-0.4
506.92,0
506.93,0.2
506.94,0.8
506.95,-0.9
506.96,0
506.97,0.4
506.98,-0.3
506.99,-0.1
507,-0.9
507.01,-0.2
507.02,0
507.03,-0.7
507.04,0.5
507.05,-0.7
507.06,0.6
507.07,-1.4
507.08,0.7
507.09,0.2
507.1,0
507.11,-0.3
507.12,0.1
507.13,-0.1
507.14,0.1
507.15,0.6
507.16,0.6
507.17,0.2
507.18,0
507.19,-0.5
507.2,0.2
507.21,-0.2
507.22,0
507.23,0.3
507.24,0.6
507.25,0.2
507.26,0
507.27,0
507.28,0.3
507.29,0
507.3,-0.5
507.31,0.2
507.32,0.7
507.33,0.7
507.34,-0.7
507.35,0.6
507.36,-0.2
507.37,-0.3
507.38,0.1
507.39,0
507.4,0.5
507.41,0
507.42,-0.3
507.43,0
507.44,0.9
507.45,-0.1
507.46,-0.2
507.47,0.1
507.48,0
507.49,0.1
507.5,0.1
507.51,0.1
507.52,-0.4
507.53,-0.1
507.54,0
507.55,0.1
507.56,-0.2
507.57,0.3
507.58,0
507.59,0.8
507.6,0.2
507.61,-0.9
507.62,0.3
507.63,0.1
507.64,0.7
507.65,-0.4
507.66,0.1
507.67,-0.4
507.68,0.6
507.69,-1.1
507.7,-0.7
507.71,0.1
507.72,0
507.73,0
507.74,-0.1
507.75,-0.6
507.76,-0.3
507.77,-0.3
507.78,0.2
507.79,-0.3
507.8,0.3
507.81,-0.5
507.82,0
507.83,-0.1
507.84,-0.1
507.85,0
507.86,0.1
507.87,0.8
507.88,-0.4
507.89,0.1
507.9,0
507.91,0.8
507.92,0
507.93,0
507.94,0.1
507.95,-0.1
507.96,0.4
507.97,0.8
507.98,0.4
507.99,-0.3
508,0.4
508.01,1.5
508.02,0.4
508.03,-0.3
508.04,0
508.05,0.1
508.06,-0.1
508.07,0.5
508.08,-0.3
508.09,0
508.1,0.8
508.11,0.3
508.12,0
508.13,1
508.14,0.1
508.15,-0.3
508.16,1.5
508.17,0
508.18,1
508.19,-0.2
508.2,0.7
508.21,-0.6
508.22,-0.2
508.23,0.1
508.24,0.4
508.25,0.2
508.26,0
508.27,-0.4
508.28,0
508.29,-0.2
508.3,-0.3
508.31,0.6
508.32,1.6
508.33,-0.5
508.34,-0.6
508.35,0.2
508.36,0
508.37,0.2
508.38,0
508.39,0.1
508.4,-0.2
508.41,0
508.42,-0.2
508.43,0.7
508.44,0.7
508.45,-0.3
508.46,-0.4
508.47,-0.5
508.48,0.3
508.49,-0.6
508.5,-0.2
508.51,-0.1
508.52,-0.5
508.53,0.1
508.54,0.1
508.55,-0.1
508.56,0
508.57,0.7
508.58,0.3
508.59,0
508.6,0.4
508.61,0.7
508.62,0
508.63,-0.1
508.64,0.1
508.65,-0.1
508.66,0
508.67,0.4
508.68,1.4
508.69,0
508.7,-0.1
508.71,0
508.72,0
508.73,0.6
508.74,-0.7
508.75,0.5
508.76,-0.5
508.77,0
508.78,-0.8
508.79,0.1
508.8,0
508.81,-0.5
508.82,0.1
508.83,0.1
508.84,-0.5
508.85,-0.2
508.86,0.1
508.87,-0.4
508.88,0.1
508.89,0.6
508.9,0.1
508.91,0.1
508.92,0
508.93,0
508.94,-0.1
508.95,-0.6
508.96,0
508.97,-0.1
508.98,0
508.99,0.1
509,0
509.01,0.9
509.02,-0.3
509.03,-0.1
509.04,0.5
509.05,0.1
509.06,-0.2
509.07,-0.4
509.08,-0.4
509.09,0.1
509.1,0.2
509.11,0.6
509.12,0.3
509.13,0
509.14,-0.6
509.15,-0.2
509.16,0
509.17,0
509.18,0.2
509.19,0.2
509.2,0
509.21,0.7
509.22,-1.3
509.23,0.7
509.24,0
509.25,0.5
509.26,0
509.27,-0.1
509.28,0.2
509.29,-1
509.3,0.5
509.31,0.1
509.32,0
509.33,0.2
509.34,0
509.35,0.2
509.36,-0.6
509.37,0.2
509.38,0.1
509.39,0
509.4,0.2
509.41,0.9
509.42,-0.1
509.43,0.1
509.44,0.1
509.45,0.1
509.46,0
509.47,-1
509.48,0.4
509.49,0.1
509.5,0
509.51,0
509.52,-0.3
509.53,0.2
509.54,0.2
509.55,-0.2
509.56,0
509.57,0.2
509.58,0.2
509.59,-0.8
509.6,0.2
509.61,0.2
509.62,0
509.63,0.2
509.64,0
509.65,0.1
509.66,-0.7
509.67,-0.8
509.68,0
509.69,0
509.7,-0.1
509.71,-0.3
509.72,-0.2
509.73,-0.1
509.74,-0.4
509.75,-0.5
509.76,0
509.77,0
509.78,0.8
509.79,0
509.8,-0.6
509.81,0
509.82,-0.6
509.83,-0.4
509.84,0.5
509.85,-0.1
509.86,0.2
509.87,0
509.88,0
509.89,-0.5
509.9,0
509.91,0
509.92,-0.4
509.93,0.1
509.94,0.7
509.95,0.5
509.96,-1.2
509.97,0
509.98,-0.2
509.99,0.5
510,0.2
510.01,0.1
510.02,-0.2
510.03,-0.7
510.04,0.6
510.05,0.7
510.06,0
510.07,0
510.08,0
510.09,0.7
510.1,0
510.11,0.5
510.12,0
510.13,0.2
510.14,0.1
510.15,-0.3
510.16,-0.1
510.17,-0.3
510.18,0
510.19,0
510.2,0.2
510.21,0
510.22,0.2
510.23,-0.6
510.24,0.2
510.25,0
510.26,0.2
510.27,-0.2
510.28,0
510.29,-0.5
510.3,-0.3
510.31,-0.8
510.32,0.2
510.33,0.1
510.34,-0.5
510.35,0.1
510.36,0
510.37,0.1
510.38,-0.2
510.39,-0.3
510.4,0.1
510.41,0.1
510.42,0.8
510.43,0.1
510.44,-0.3
510.45,-0.6
510.46,0.1
510.47,0
510.48,0.1
510.49,-0.1
510.5,-0.3
510.51,-0.1
510.52,-0.4
510.53,0
510.54,-0.6
510.55,0.5
510.56,0.2
510.57,0
510.58,0.9
510.59,0.1
510.6,-0.7
510.61,0
510.62,0.7
510.63,-1.1
510.64,0
510.65,0.2
510.66,-0.9
510.67,-0.2
510.68,0.1
510.69,-0.5
510.7,0.1
510.71,0
510.72,-0.6
510.73,0.1
510.74,0
510.75,-0.6
510.76,0.1
510.77,0.1
510.78,-0.6
510.79,-0.4
510.8,0.2
510.81,-1.2
510.82,-0.3
510.83,0
510.84,-1.1
510.85,-0.2
510.86,0.7
510.87,-1.3
510.88,-0.2
510.89,0
510.9,-0.6
510.91,0.1
510.92,-0.3
510.93,-1
510.94,-0.6
510.95,0
510.96,-1.2
510.97,-0.2
510.98,0
510.99,-0.8
511,0
511.01,-0.1
511.02,-0.2
511.03,-0.3
511.04,0
511.05,-0.3
511.06,0.1
511.07,0.1
511.08,-1.3
511.09,0.1
511.1,-0.4
511.11,-0.4
511.12,0.7
511.13,0.1
511.14,0.5
511.15,-0.5
511.16,0.1
511.17,0.4
511.18,-0.1
511.19,0.1
511.2,0
511.21,0.1
511.22,0.3
511.23,0.5
511.24,-0.4
511.25,0.1
511.26,-0.5
511.27,0
511.28,0.6
511.29,0.5
511.3,0.1
511.31,-0.1
511.32,-0.1
511.33,-0.1
511.34,-0.1
511.35,0
511.36,-0.1
511.37,0
511.38,0.1
511.39,0.3
511.4,0
511.41,0.6
511.42,0
511.43,0
511.44,0.3
511.45,0.6
511.46,0.6
511.47,0.7
511.48,-0.2
511.49,0.3
511.5,0.1
511.51,-0.3
511.52,0.3
511.53,0.1
511.54,-0.1
511.55,0.3
511.56,-0.1
511.57,0.3
511.58,0
511.59,-0.1
511.6,0
511.61,0.2
511.62,-0.4
511.63,0.9
511.64,-0.1
511.65,0.5
511.66,-0.1
511.67,0
511.68,-0.6
511.69,0
511.7,-0.2
511.71,0.4
511.72,0
511.73,0
511.74,0
511.75,0
511.76,0
511.77,-0.7
511.78,-0.2
511.79,0
511.8,-0.2
511.81,0.1
511.82,0
511.83,0.3
511.84,-1
511.85,0.1
511.86,-0.3
511.87,0.2
511.88,0.1
511.89,0.7
511.9,-0.2
511.91,-0.8
511.92,0
511.93,0.1
511.94,0.1
511.95,0.9
511.96,0.3
511.97,0
511.98,0.2
511.99,0.1
512,-0.5
512.01,0.4
512.02,0.1
512.03,-0.1
512.04,0
512.05,0.2
512.06,0.1
512.07,0
512.08,-0.1
512.09,0
512.1,0
512.11,0
512.12,0.3
512.13,0.3
512.14,0.1
512.15,0
512.16,0.7
512.17,0.1
512.18,0.1
512.19,2.2
512.2,-0.4
512.21,0.9
512.22,0.3
512.23,-0.7
512.24,0
512.25,0.6
512.26,0.1
512.27,-0.2
512.28,0.6
512.29,0.2
512.3,0.2
512.31,0.7
512.32,0.5
512.33,0
512.34,0.9
512.35,0.1
512.36,0
512.37,1
512.38,-1
512.39,-0.8
512.4,1
512.41,-0.2
512.42,0.2
512.43,1
512.44,-0.2
512.45,0
512.46,0.5
512.47,0
512.48,0.2
512.49,0.3
512.5,1.4
512.51,0
512.52,0.2
512.53,0.7
512.54,0.3
512.55,0.9
512.56,-0.6
512.57,0.6
512.58,0.4
512.59,-0.1
512.6,0
512.61,0.6
512.62,0.1
512.63,-0.6
512.64,0.6
512.65,1.1
512.66,0.3
512.67,0
512.68,-0.1
512.69,0.1
512.7,0.6
512.71,-0.3
512.72,0
512.73,0.6
512.74,0
512.75,-0.7
512.76,0.1
512.77,-0.2
512.78,0
512.79,0.4
512.8,0.1
512.81,-0.5
512.82,-0.4
512.83,0.2
512.84,-0.7
512.85,-0.2
512.86,0.2
512.87,0.1
512.88,-0.5
512.89,0
512.9,0.4
512.91,-0.9
512.92,-0.4
512.93,0
512.94,0.2
512.95,-0.4
512.96,0
512.97,0
512.98,0.3
512.99,0
513,0
513.01,0
513.02,0
513.03,0
513.04,0
513.05,0
513.06,-0.7
513.07,0.3
513.08,0
513.09,0
513.1,0
513.11,0
513.12,-0.1
513.13,0.5
513.14,0.2
513.15,-0.2
513.16,0
513.17,0.5
513.18,0.3
513.19,0.1
513.2,0.1
513.21,0
513.22,0.8
513.23,0.1
513.24,-1.1
513.25,0.2
513.26,-0.3
513.27,-0.3
513.28,0.9
513.29,-0.3
513.3,0
513.31,0
513.32,0
513.33,0.1
513.34,0.1
513.35,0.7
513.36,0.4
513.37,1.3
513.38,-0.5
513.39,-0.4
513.4,-0.3
513.41,-0.5
513.42,0.1
513.43,0.1
513.44,0.6
513.45,-0.4
513.46,0.2
513.47,0.9
513.48,-0.2
513.49,0.9
513.5,-0.2
513.51,1.6
513.52,0.2
513.53,0
513.54,0
513.55,1
513.56,0
513.57,0.2
513.58,0.7
513.59,0
513.6,0.3
513.61,0.1
513.62,0.1
513.63,-0.6
513.64,0.7
513.65,0.7
513.66,0.2
513.67,0.3
513.68,0
513.69,-0.3
513.7,0.1
513.71,0.1
513.72,0.5
513.73,-0.3
513.74,-0.8
513.75,-0.8
513.76,0.6
513.77,-0.3
513.78,-0.4
513.79,1
513.8,0.2
513.81,0.6
513.82,0
513.83,-0.2
513.84,-0.1
513.85,-0.2
513.86,0.2
513.87,0
513.88,-0.6
513.89,-0.3
513.9,0.8
513.91,0
513.92,0.2
513.93,0
513.94,0
513.95,-0.3
513.96,0.8
513.97,0.5
513.98,0
513.99,0.5
514,0.2
514.01,-0.6
514.02,-0.3
514.03,0
514.04,-0.6
514.05,-0.3
514.06,0
514.07,0
514.08,0
514.09,0
514.1,0
514.11,0.1
514.12,-0.9
514.13,0.8
514.14,0
514.15,-1.1
514.16,1.1
514.17,0.2
514.18,0.8
514.19,-0.3
514.2,-0.2
514.21,0.2
514.22,0.6
514.23,0.3
514.24,-0.3
514.25,-0.3
514.26,-0.2
514.27,0.6
514.28,0.3
514.29,0.3
514.3,-0.5
514.31,-0.8
514.32,0.9
514.33,-0.2
514.34,0.6
514.35,0
514.36,-1.1
514.37,0.3
514.38,0.6
514.39,-0.4
514.4,0.3
514.41,0.3
514.42,-0.2
514.43,0.1
514.44,0.4
514.45,0
514.46,-0.2
514.47,-0.1
514.48,0.7
514.49,0.1
514.5,-0.4
514.51,1
514.52,-0.4
514.53,0.1
514.54,-0.7
514.55,0.7
514.56,0.1
514.57,-0.7
514.58,-0.1
514.59,1
514.6,-0.7
514.61,0.4
514.62,0.5
514.63,-0.4
514.64,0.1
514.65,-0.1
514.66,0
514.67,0.2
514.68,-0.1
514.69,-0.7
514.7,0.1
514.71,-0.4
514.72,-0.4
514.73,-0.1
514.74,-0.4
514.75,-0.4
514.76,0.4
514.77,0
514.78,-1
514.79,-1.1
514.8,-0.5
514.81,-0.4
514.82,0.6
514.83,0.3
514.84,-0.7
514.85,0
514.86,0.9
514.87,-0.5
514.88,-0.5
514.89,0.1
514.9,-0.8
514.91,-0.5
514.92,-0.8
514.93,0
514.94,1
514.95,-1.1
514.96,-0.2
514.97,0
514.98,0.9
514.99,-0.8
515,-0.2
515.01,0.6
515.02,-1.7
515.03,-0.2
515.04,0
515.05,0.3
515.06,0
515.07,0
515.08,0.1
515.09,0
515.1,0
515.11,-1.6
515.12,-0.2
515.13,0
515.14,0.3
515.15,0.4
515.16,0
515.17,0
515.18,1.2
515.19,-1.6
515.2,-1.1
515.21,-0.1
515.22,-0.1
515.23,-0.5
515.24,-1.4
515.25,0
515.26,-0.8
515.27,-0.8
515.28,0
515.29,-1.1
515.3,0
515.31,0.3
515.32,-0.8
515.33,0.3
515.34,0
515.35,-0.8
515.36,0
515.37,0
515.38,0.9
515.39,0.6
515.4,-0.4
515.41,0.6
515.42,-0.1
515.43,0
515.44,0
515.45,0
515.46,0
515.47,-0.5
515.48,-0.2
515.49,0.3
515.5,-0.5
515.51,-0.2
515.52,0.3
515.53,-0.8
515.54,-0.1
515.55,0.5
515.56,0
515.57,0.2
515.58,0.4
515.59,0.2
515.6,-0.2
515.61,0
515.62,0.3
515.63,-0.6
515.64,0.5
515.65,0
515.66,-0.2
515.67,-0.1
515.68,0
515.69,-0.4
515.7,-0.1
515.71,0.6
515.72,-1.1
515.73,-0.1
515.74,0
515.75,-0.7
515.76,0.3
515.77,-0.3
515.78,0
515.79,0.6
515.8,-0.2
515.81,-0.1
515.82,-0.2
515.83,-0.5
515.84,-0.3
515.85,0
515.86,0.4
515.87,-0.9
515.88,-0.1
515.89,0.5
515.9,-1.3
515.91,-0.4
515.92,0.3
515.93,-1.1
515.94,-0.3
515.95,-0.5
515.96,-1.2
515.97,0
515.98,-0.5
515.99,-0.8
516,0.3
516.01,0.4
516.02,-0.1
516.03,0
516.04,0
516.05,-1.1
516.06,0
516.07,0.6
516.08,-1.2
516.09,0
516.1,0.3
516.11,-0.7
516.12,-0.2
516.13,0.3
516.14,-0.5
516.15,0
516.16,0
516.17,-1.2
516.18,0
516.19,0
516.2,-1.4
516.21,0.3
516.22,0
516.23,-1.5
516.24,0.3
516.25,0
516.26,-0.7
516.27,0.3
516.28,-0.2
516.29,-0.3
516.3,0.6
516.31,0.2
516.32,-0.1
516.33,-0.3
516.34,0
516.35,0
516.36,-0.6
516.37,-0.1
516.38,-0.5
516.39,0
516.4,0
516.41,0
516.42,-0.6
516.43,0.4
516.44,0
516.45,0.3
516.46,0
516.47,0
516.48,0
516.49,-0.3
516.5,0
516.51,0.6
516.52,-0.4
516.53,0.5
516.54,0.4
516.55,-0.2
516.56,-0.1
516.57,0.2
516.58,0.7
516.59,0
516.6,0.1
516.61,0.6
516.62,0
516.63,0
516.64,-0.4
516.65,0
516.66,0.2
516.67,0.3
516.68,-0.1
516.69,0.2
516.7,0
516.71,-0.4
516.72,-0.2
516.73,0
516.74,0.3
516.75,0.3
516.76,-0.8
516.77,0.3
516.78,-0.2
516.79,0.2
516.8,-0.3
516.81,0
516.82,0
516.83,0
516.84,0
516.85,0.2
516.86,0
516.87,-0.2
516.88,0
516.89,0
516.9,0
516.91,0.4
516.92,-0.1
516.93,0.1
516.94,0.3
516.95,-0.2
516.96,-0.2
516.97,0
516.98,0.1
516.99,0.6
517,-0.8
517.01,-0.1
517.02,-0.2
517.03,-0.7
517.04,0.1
517.05,0.3
517.06,-0.4
517.07,0.6
517.08,-0.6
517.09,0.8
517.1,0.1
517.11,-0.7
517.12,0.3
517.13,-0.3
517.14,-0.8
517.15,0.2
517.16,0
517.17,0.6
517.18,0
517.19,0.2
517.2,0.6
517.21,-0.3
517.22,0.7
517.23,0.4
517.24,0
517.25,0.9
517.26,-0.8
517.27,-0.3
517.28,-0.2
517.29,-0.2
517.3,0
517.31,0.8
517.32,0.3
517.33,0
517.34,0.7
517.35,-0.6
517.36,0
517.37,0.9
517.38,0.7
517.39,0
517.4,0.3
517.41,0
517.42,-0.1
517.43,0.3
517.44,0
517.45,-0.2
517.46,1
517.47,-0.2
517.48,0
517.49,1
517.5,-0.2
517.51,0
517.52,1.2
517.53,0.1
517.54,0.3
517.55,1.2
517.56,-0.8
517.57,0.3
517.58,0.7
517.59,0.6
517.6,0
517.61,1
517.62,0
517.63,0.2
517.64,0.6
517.65,0.2
517.66,0.4
517.67,0.3
517.68,0.5
517.69,-0.2
517.7,1
517.71,0.1
517.72,-0.2
517.73,0.4
517.74,0.2
517.75,-0.5
517.76,0.2
517.77,0
517.78,0
517.79,1
517.8,0
517.81,0
517.82,0.2
517.83,-1.1
517.84,0.4
517.85,0
517.86,-0.7
517.87,0.6
517.88,-0.2
517.89,0.3
517.9,0.1
517.91,0
517.92,-0.4
517.93,0
517.94,0.2
517.95,0.4
517.96,-0.2
517.97,0
517.98,0.3
517.99,-0.3
518,0.3
518.01,0.3
518.02,0.5
518.03,0
518.04,0.4
518.05,0
518.06,-0.2
518.07,-0.8
518.08,0.5
518.09,-0.4
518.1,-0.8
518.11,0.5
518.12,-0.9
518.13,0.2
518.14,0.1
518.15,-0.4
518.16,0.4
518.17,-0.4
518.18,-0.1
518.19,0.2
518.2,-1
518.21,-0.3
518.22,0.2
518.23,-1
518.24,0.5
518.25,0
518.26,0.7
518.27,0.1
518.28,-0.1
518.29,0.2
518.3,-0.6
518.31,0
518.32,0.8
518.33,-0.7
518.34,0.1
518.35,0.6
518.36,-0.7
518.37,0.1
518.38,0.5
518.39,-0.7
518.4,0
518.41,0
518.42,0.7
518.43,0.3
518.44,-0.3
518.45,0.7
518.46,0
518.47,0
518.48,0.9
518.49,0
518.5,0.2
518.51,0.4
518.52,0
518.53,0.4
518.54,0
518.55,-0.8
518.56,0
518.57,-0.6
518.58,-0.5
518.59,-0.3
518.6,-0.5
518.61,0.6
518.62,-0.2
518.63,0
518.64,1.2
518.65,0
518.66,0.2
518.67,0.9
518.68,-0.2
518.69,-0.1
518.7,0
518.71,-0.6
518.72,0
518.73,0
518.74,0
518.75,-0.2
518.76,-0.3
518.77,0.8
518.78,-0.2
518.79,-0.2
518.8,0.6
518.81,0
518.82,-0.6
518.83,0.3
518.84,-0.1
518.85,-0.1
518.86,-0.4
518.87,-0.4
518.88,0.6
518.89,-0.6
518.9,-0.1
518.91,0.6
518.92,-0.7
518.93,0.6
518.94,0.3
518.95,-0.7
518.96,0.2
518.97,0.2
518.98,0
518.99,-0.2
519,0.1
519.01,0
519.02,-0.3
519.03,-0.7
519.04,0.2
519.05,-0.6
519.06,-0.2
519.07,0
519.08,-0.8
519.09,0
519.1,-0.7
519.11,-0.1
519.12,-0.3
519.13,-0.5
519.14,0.1
519.15,0.2
519.16,-0.8
519.17,0.2
519.18,-0.1
519.19,-0.8
519.2,-0.1
519.21,0
519.22,0.2
519.23,-0.3
519.24,0
519.25,-0.4
519.26,0
519.27,-0.4
519.28,0
519.29,-0.2
519.3,0
519.31,0.2
519.32,-0.4
519.33,0.2
519.34,0
519.35,-0.6
519.36,0.1
519.37,-0.5
519.38,0.2
519.39,0
519.4,-0.5
519.41,0.2
519.42,0
519.43,-0.9
519.44,0.2
519.45,-0.4
519.46,0
519.47,0.2
519.48,-0.2
519.49,0.3
519.5,0.3
519.51,-0.7
519.52,0.4
519.53,0.3
519.54,-0.3
519.55,0.3
519.56,-0.9
519.57,0.3
519.58,0
519.59,-0.1
519.6,0.3
519.61,-0.3
519.62,0
519.63,0
519.64,-0.6
519.65,0.6
519.66,0.7
519.67,0
519.68,0.6
519.69,-0.5
519.7,0
519.71,0.3
519.72,0.3
519.73,0.3
519.74,-0.1
519.75,-0.2
519.76,0.3
519.77,-0.5
519.78,-0.8
519.79,-0.2
519.8,-0.4
519.81,0
519.82,-0.1
519.83,-0.1
519.84,0.3
519.85,-0.1
519.86,0
519.87,0.3
519.88,-0.1
519.89,0.3
519.9,0.2
519.91,-0.2
519.92,0.4
519.93,-0.2
519.94,0
519.95,0.2
519.96,0
519.97,0
519.98,0
519.99,-0.4
520,0
520.01,-0.1
520.02,-0.2
520.03,-0.1
520.04,-0.3
520.05,0.2
520.06,0.1
520.07,0
520.08,0
520.09,-0.4
520.1,0.3
520.11,-0.1
520.12,-0.2
520.13,0
520.14,0.4
520.15,-0.3
520.16,0.3
520.17,-0.2
520.18,0
520.19,0.1
520.2,0
520.21,0
520.22,0
520.23,0.2
520.24,0.1
520.25,0
520.26,-0.1
520.27,0
520.28,0.2
520.29,0.4
520.3,-0.1
520.31,0
520.32,0.3
520.33,0
520.34,0.1
520.35,-0.3
520.36,0
520.37,0.2
520.38,0.5
520.39,0
520.4,0
520.41,-0.5
520.42,0
520.43,0
520.44,0
520.45,0.8
520.46,-0.5
520.47,0
520.48,-0.3
520.49,0
520.5,-0.6
520.51,0
520.52,0
520.53,0.3
520.54,0.3
520.55,0
520.56,0.4
520.57,0.3
520.58,-0.1
520.59,0
520.6,0
520.61,0.6
520.62,-0.1
520.63,0
520.64,0.5
520.65,0.2
520.66,0.2
520.67,-0.2
520.68,0
520.69,0
520.7,0
520.71,0
520.72,0.2
520.73,0
520.74,0
520.75,0
520.76,0
520.77,0
520.78,0.4
520.79,0
520.8,0
520.81,0
520.82,-0.2
520.83,-0.1
520.84,-0.1
520.85,-0.5
520.86,-0.3
520.87,0
520.88,-0.1
520.89,-0.1
520.9,-0.1
520.91,-0.1
520.92,-0.1
520.93,0.2
520.94,0.2
520.95,0.1
520.96,0
520.97,0.6
520.98,0.1
520.99,0
521,0
521.01,0
521.02,-0.8
521.03,0.3
521.04,-0.9
521.05,0
521.06,0
521.07,-1.1
521.08,0.1
521.09,0
521.1,-0.4
521.11,0.2
521.12,0
521.13,-0.6
521.14,0
521.15,-0.2
521.16,0.4
521.17,0.6
521.18,0.1
521.19,1
521.2,0
521.21,-0.3
521.22,1.5
521.23,-0.4
521.24,0
521.25,0.6
521.26,0
521.27,0.4
521.28,0
521.29,-0.4
521.3,-0.2
521.31,-0.2
521.32,0.1
521.33,0
521.34,-0.2
521.35,1
521.36,0
521.37,0.2
521.38,0.6
521.39,-0.2
521.4,0
521.41,0.6
521.42,0.1
521.43,0.6
521.44,0.2
521.45,-0.1
521.46,-0.1
521.47,0.1
521.48,-0.8
521.49,-0.1
521.5,0.4
521.51,-0.2
521.52,0
521.53,0
521.54,-0.7
521.55,0.5
521.56,-1.2
521.57,0.5
521.58,0
521.59,0.1
521.6,0
521.61,-0.3
521.62,-1.6
521.63,-0.1
521.64,0.3
521.65,0.1
521.66,0.7
521.67,0
521.68,0.1
521.69,-0.1
521.7,0
521.71,-0.3
521.72,0.3
521.73,0.7
521.74,0
521.75,-0.1
521.76,-0.1
521.77,-0.1
521.78,-0.8
521.79,0.2
521.8,0
521.81,-0.5
521.82,-0.3
521.83,0.9
521.84,-0.6
521.85,-0.1
521.86,-0.3
521.87,-0.3
521.88,0.1
521.89,-0.1
521.9,0.3
521.91,-0.2
521.92,-0.2
521.93,-0.2
521.94,0
521.95,0.8
521.96,0
521.97,-0.2
521.98,0.1
521.99,-0.2
522,-0.2
522.01,-0.2
522.02,-0.9
522.03,-0.5
522.04,0
522.05,-0.7
522.06,-1
522.07,0.2
522.08,0
522.09,-0.5
522.1,-0.1
522.11,0
522.12,0.1
522.13,0
522.14,0.1
522.15,0.2
522.16,-0.6
522.17,-0.3
522.18,0.2
522.19,0
522.2,0.2
522.21,0.2
522.22,0.2
522.23,0.5
522.24,-0.2
522.25,0.5
522.26,-0.2
522.27,-0.2
522.28,0.3
522.29,0
522.3,0.3
522.31,0.3
522.32,0.3
522.33,0.3
522.34,0
522.35,0
522.36,0
522.37,-0.2
522.38,0.3
522.39,0.6
522.4,-0.8
522.41,0.3
522.42,0.2
522.43,-0.3
522.44,-0.6
522.45,0
522.46,0
522.47,-0.3
522.48,0
522.49,-0.6
522.5,0.5
522.51,0
522.52,0.3
522.53,0
522.54,-0.2
522.55,0.3
522.56,-0.2
522.57,0
522.58,0
522.59,-0.2
522.6,0.2
522.61,0
522.62,0.2
522.63,0.2
522.64,0.5
522.65,0.2
522.66,0
522.67,-0.1
522.68,0
522.69,-0.3
522.7,-0.4
522.71,-0.3
522.72,-0.1
522.73,0.7
522.74,-0.4
522.75,-0.4
522.76,0.8
522.77,-0.1
522.78,-0.4
522.79,0.2
522.8,-0.7
522.81,0.1
522.82,-0.5
522.83,-0.1
522.84,0.4
522.85,0.1
522.86,-0.4
522.87,0.4
522.88,-0.9
522.89,-0.1
522.9,0.1
522.91,0
522.92,-0.1
522.93,-0.8
522.94,-0.1
522.95,0.1
522.96,-0.5
522.97,-0.1
522.98,-0.4
522.99,-0.5
523,0.1
523.01,0
523.02,-0.5
523.03,-0.1
523.04,0
523.05,0.1
523.06,-0.1
523.07,-0.1
523.08,-0.1
523.09,-0.1
523.1,0.4
523.11,-0.1
523.12,0.1
523.13,0.3
523.14,0.4
523.15,-0.1
523.16,0.2
523.17,0
523.18,0.1
523.19,0.6
523.2,-0.1
523.21,0
523.22,0.2
523.23,-0.3
523.24,0
523.25,-0.4
523.26,-0.1
523.27,0.5
523.28,0
523.29,0.1
523.3,0.1
523.31,-0.6
523.32,0.8
523.33,0.2
523.34,-0.2
523.35,0.5
523.36,-0.1
523.37,0
523.38,0
523.39,0
523.4,0.3
523.41,0.1
523.42,0
523.43,0.3
523.44,0
523.45,0.6
523.46,0
523.47,-0.3
523.48,0.8
523.49,-0.6
523.5,0.1
523.51,0.8
523.52,-0.2
523.53,0.7
523.54,0
523.55,0
523.56,0
523.57,-0.3
523.58,0.2
523.59,0.3
523.6,0
523.61,0
523.62,0.3
523.63,0
523.64,0.4
523.65,-0.5
523.66,0
523.67,0.4
523.68,-0.4
523.69,-0.1
523.7,-0.2
523.71,-0.4
523.72,0.3
523.73,-0.2
523.74,-1.1
523.75,0.3
523.76,-0.1
523.77,-0.5
523.78,0
523.79,-0.3
523.8,-0.7
523.81,-0.3
523.82,0.3
523.83,0.1
523.84,-0.3
523.85,0.1
523.86,-0.1
523.87,0
523.88,0.3
523.89,-0.3
523.9,0.4
523.91,0.3
523.92,-0.2
523.93,0
523.94,0
523.95,-0.3
523.96,0.3
523.97,0.1
523.98,-0.3
523.99,0.3
524,-0.3
524.01,0
524.02,0
524.03,0
524.04,0.2
524.05,0
524.06,0
524.07,0.7
524.08,-0.6
524.09,0
524.1,0.9
524.11,0
524.12,0.3
524.13,0
524.14,-0.2
524.15,0.3
524.16,0
524.17,0
524.18,-0.3
524.19,0
524.2,0
524.21,0
524.22,-0.2
524.23,0
524.24,0
524.25,-0.3
524.26,-0.6
524.27,0
524.28,-0.2
524.29,-0.6
524.3,0.5
524.31,0.3
524.32,-0.1
524.33,0.3
524.34,0
524.35,0.2
524.36,0.7
524.37,-0.2
524.38,0
524.39,0.5
524.4,-0.2
524.41,0.5
524.42,0
524.43,0.2
524.44,1.3
524.45,0.6
524.46,-0.2
524.47,1.1
524.48,-0.2
524.49,0
524.5,0.5
524.51,-0.2
524.52,0.5
524.53,0.6
524.54,0
524.55,0.6
524.56,0.1
524.57,-0.1
524.58,0.1
524.59,0.6
524.6,0.3
524.61,-0.5
524.62,0.3
524.63,0.3
524.64,-0.4
524.65,0.5
524.66,-0.6
524.67,0
524.68,-0.1
524.69,0
524.7,-0.3
524.71,0.3
524.72,-0.3
524.73,0.2
524.74,-0.6
524.75,0
524.76,0
524.77,-0.3
524.78,0
524.79,0.6
524.8,-0.2
524.81,0.3
524.82,0.2
524.83,-0.7
524.84,0
524.85,-0.3
524.86,-0.1
524.87,0.6
524.88,0.2
524.89,0
524.9,0
524.91,0
524.92,0
524.93,0
524.94,0.2
524.95,-0.4
524.96,-0.3
524.97,0.3
524.98,-0.4
524.99,0
525,0.1
525.01,-0.4
525.02,0.5
525.03,0.8
525.04,-0.4
525.05,0.7
525.06,0.4
525.07,-0.4
525.08,0.8
525.09,0.3
525.1,-0.6
525.11,0.8
525.12,0.6
525.13,-0.4
525.14,0.7
525.15,-0.2
525.16,0.3
525.17,0.4
525.18,0.1
525.19,0.3
525.2,0
525.21,0
525.22,0
525.23,0.5
525.24,0.5
525.25,-0.3
525.26,0.4
525.27,0.9
525.28,0
525.29,0
525.3,1.2
525.31,0.1
525.32,0
525.33,0.5
525.34,0.2
525.35,0.4
525.36,0.5
525.37,0.2
525.38,0
525.39,1
525.4,0.2
525.41,-0.7
525.42,0.1
525.43,0.3
525.44,-0.3
525.45,1.3
525.46,-0.3
525.47,0
525.48,0.6
525.49,0
525.5,0.3
525.51,0.9
525.52,0.3
525.53,0
525.54,0.9
525.55,-0.3
525.56,-0.2
525.57,0.6
525.58,0.3
525.59,0.3
525.6,0
525.61,0.5
525.62,-0.5
525.63,0.2
525.64,0.3
525.65,-0.6
525.66,0.5
525.67,0.3
525.68,0
525.69,0.3
525.7,0
525.71,-0.6
525.72,0.4
525.73,-0.3
525.74,0
525.75,1.2
525.76,0
525.77,0.2
525.78,0.4
525.79,-0.4
525.8,0.2
525.81,-0.4
525.82,0.2
525.83,0.2
525.84,-0.2
525.85,0
525.86,-0.1
525.87,-0.1
525.88,1.3
525.89,-0.4
525.9,0.3
525.91,0.1
525.92,0
525.93,0
525.94,0
525.95,0.2
525.96,0
525.97,-0.3
525.98,-0.1
525.99,0.2
526,0.2
526.01,0.4
526.02,0.1
526.03,0
526.04,0.6
526.05,-0.2
526.06,-0.5
526.07,0.7
526.08,-0.3
526.09,0
526.1,0
526.11,-0.5
526.12,1
526.13,0
526.14,-0.6
526.15,1
526.16,-0.2
526.17,-0.2
526.18,0.5
526.19,0
526.2,0
526.21,0
526.22,0
526.23,0.2
526.24,0.5
526.25,0.4
526.26,0.2
526.27,0.3
526.28,0.8
526.29,-0.2
526.3,0.9
526.31,0.3
526.32,-0.3
526.33,0.9
526.34,-0.6
526.35,-0.3
526.36,1.2
526.37,0.4
526.38,0.2
526.39,1.2
526.4,-0.3
526.41,0.4
526.42,0.1
526.43,-0.6
526.44,-0.3
526.45,0.8
526.46,0
526.47,0
526.48,1.2
526.49,0.8
526.5,-0.3
526.51,0.9
526.52,0.3
526.53,-0.2
526.54,1
526.55,0.3
526.56,0
526.57,0.6
526.58,0
526.59,0
526.6,0.9
526.61,-0.1
526.62,-0.3
526.63,0.8
526.64,0.1
526.65,0.3
526.66,0.3
526.67,0
526.68,0
526.69,0.6
526.7,-0.2
526.71,0.2
526.72,-0.2
526.73,0
526.74,0
526.75,0.3
526.76,0.8
526.77,-0.1
526.78,0.3
526.79,0.8
526.8,0
526.81,0.5
526.82,0.1
526.83,-0.4
526.84,0.3
526.85,0.6
526.86,-0.6
526.87,0.9
526.88,0
526.89,0
526.9,-0.3
526.91,0
526.92,0
526.93,0.1
526.94,0.1
526.95,0.3
526.96,0.3
526.97,0.1
526.98,0.6
526.99,0
527,-0.3
527.01,0
527.02,-0.3
527.03,0.4
527.04,-0.3
527.05,0
527.06,-0.5
527.07,0.1
527.08,0.2
527.09,-0.3
527.1,0
527.11,0.1
527.12,0
527.13,0
527.14,-0.1
527.15,-0.4
527.16,0.7
527.17,0
527.18,0.3
527.19,0.6
527.2,-0.2
527.21,0
527.22,0.4
527.23,0.1
527.24,0.3
527.25,0
527.26,0.1
527.27,0.3
527.28,0.3
527.29,0.4
527.3,0.1
527.31,0
527.32,0.3
527.33,0.6
527.34,0.6
527.35,0.8
527.36,-0.1
527.37,0.1
527.38,0
527.39,0
527.4,0
527.41,0.1
527.42,0.6
527.43,0.3
527.44,-0.4
527.45,0
527.46,0.3
527.47,0
527.48,0.3
527.49,0
527.5,0.1
527.51,0.3
527.52,0
527.53,0
527.54,-0.2
527.55,0.3
527.56,0
527.57,0.3
527.58,0.5
527.59,0
527.6,-0.2
527.61,0
527.62,-0.6
527.63,-0.8
527.64,0.3
527.65,-1.1
527.66,0
527.67,0.9
527.68,-0.4
527.69,0.4
527.7,0.6
527.71,-0.6
527.72,0.7
527.73,-0.3
527.74,-0.8
527.75,0.4
527.76,-0.3
527.77,-0.5
527.78,-0.3
527.79,0
527.8,-0.8
527.81,-0.8
